Customer_ID,Age,Financial_Goal,Primary_Digital_Payment_Method,Goal_Amount,Goal_Time_Period_Months,Monthly_Income,Monthly_Expenses,Monthly_Savings,Investment_Amount,Impulse_Spending_Score,Savings_Rate,Expense_Ratio,Uncommitted_Surplus,Required_Monthly_Saving,Current_Monthly_Contribution,Monthly_Savings_Gap,Committed_Coverage,Capacity_Coverage,Months_To_Goal_At_Current,Months_To_Goal_At_Full_Surplus,Feasible_Within_Timeline,Goal_Status,Risk_Level,Recommendation_Type,Recommendation,Recommendation_Reason,Alternative_Recommendation,Expense_Cut_Needed,ML_Probability,ML_Caution,Actual_Goal_Achievement
CUST0001,22,Retirement,Mixed,5398537.0,165,168230.0,76600.0,91630.0,29200.0,41,0.5447,0.4553,62430.0,32718.41,29200.0,3518.41,0.8925,2.8006,185,59,True,AT_RISK,MEDIUM,INCREASE_CONTRIBUTION,"Increase the monthly goal contribution by ₹3,518 (to ₹32,718).","This uses 6% of the ₹62,430 surplus that is currently not invested, so no spending cut is strictly required.",Keep the current contribution and extend the timeline to 185 months (15 yr 5 mo).,0.0,0.031,"Caution: although the gap is closable on paper, the ML model estimates only 2% likelihood of achievement for similar profiles in the dataset.",No
CUST0002,27,Travel,Mixed,137668.0,3,184491.0,47500.0,136991.0,29100.0,31,0.7425,0.2575,107891.0,45889.33,29100.0,16789.33,0.6341,2.9852,5,2,True,AT_RISK,MEDIUM,INCREASE_CONTRIBUTION,"Increase the monthly goal contribution by ₹16,789 (to ₹45,889).","This uses 16% of the ₹1,07,891 surplus that is currently not invested, so no spending cut is strictly required.",Keep the current contribution and extend the timeline to 5 months.,0.0,0.9964,,Yes
CUST0003,47,Higher Education,UPI,232046.0,24,54442.0,14900.0,39542.0,7100.0,41,0.7263,0.2737,32442.0,9668.58,7100.0,2568.58,0.7343,4.0897,33,6,True,AT_RISK,MEDIUM,INCREASE_CONTRIBUTION,"Increase the monthly goal contribution by ₹2,569 (to ₹9,669).","This uses 8% of the ₹32,442 surplus that is currently not invested, so no spending cut is strictly required.",Keep the current contribution and extend the timeline to 33 months (2 yr 9 mo).,0.0,0.7239,,Yes
CUST0004,34,Vehicle,Card,210730.0,38,88191.0,46200.0,41991.0,1400.0,45,0.4761,0.5239,40591.0,5545.53,1400.0,4145.53,0.2525,7.572,151,6,True,AT_RISK,MEDIUM,INCREASE_CONTRIBUTION,"Increase the monthly goal contribution by ₹4,146 (to ₹5,546).","This uses 10% of the ₹40,591 surplus that is currently not invested, so no spending cut is strictly required.",Keep the current contribution and extend the timeline to 151 months (12 yr 7 mo).,0.0,0.7568,,No
CUST0005,34,Emergency Fund,UPI,289395.0,20,27750.0,12000.0,15750.0,2200.0,12,0.5676,0.4324,13550.0,14469.75,2200.0,12269.75,0.152,1.0885,132,19,True,AT_RISK,MEDIUM,INCREASE_CONTRIBUTION,"Increase the monthly goal contribution by ₹12,270 (to ₹14,470).","This uses 91% of the ₹13,550 surplus that is currently not invested, so no spending cut is strictly required.",Keep the current contribution and extend the timeline to 132 months (11 yr).,0.0,0.636,,No
CUST0006,50,Retirement,Mixed,5673735.0,156,132245.0,86200.0,46045.0,7600.0,58,0.3482,0.6518,38445.0,36370.1,7600.0,28770.1,0.209,1.266,747,124,True,AT_RISK,MEDIUM,INCREASE_CONTRIBUTION,"Increase the monthly goal contribution by ₹28,770 (to ₹36,370).","This uses 75% of the ₹38,445 surplus that is currently not invested, so no spending cut is strictly required.",Keep the current contribution and extend the timeline to 747 months (62 yr 3 mo).,10502.96,0.0005,"Caution: although the gap is closable on paper, the ML model estimates only 0% likelihood of achievement for similar profiles in the dataset.",No
CUST0007,49,Travel,Mixed,203313.0,18,184955.0,134200.0,50755.0,23100.0,38,0.2744,0.7256,27655.0,11295.17,23100.0,0.0,2.0451,4.4935,9,5,True,ON_TRACK,LOW,MAINTAIN,"Maintain the current ₹23,100 monthly investment.","It already covers the ₹11,295 required (205% coverage).","Optionally reach the goal in 5 months by directing the full ₹50,755 surplus to it.",28331.76,0.9693,,Yes
CUST0008,26,Emergency Fund,Card,246628.0,24,60159.0,44600.0,15559.0,4200.0,39,0.2586,0.7414,11359.0,10276.17,4200.0,6076.17,0.4087,1.5141,59,16,True,AT_RISK,MEDIUM,INCREASE_CONTRIBUTION,"Increase the monthly goal contribution by ₹6,076 (to ₹10,276).","This uses 53% of the ₹11,359 surplus that is currently not invested, so no spending cut is strictly required.",Keep the current contribution and extend the timeline to 59 months (4 yr 11 mo).,10164.99,0.289,,Yes
CUST0009,33,Travel,UPI,229622.0,6,197551.0,120800.0,76751.0,38500.0,47,0.3885,0.6115,38251.0,38270.33,38500.0,0.0,1.006,2.0055,6,3,True,ON_TRACK,LOW,MAINTAIN,"Maintain the current ₹38,500 monthly investment.","It already covers the ₹38,270 required (101% coverage).","Optionally reach the goal in 3 months by directing the full ₹76,751 surplus to it.",7721.81,0.9851,,Yes
CUST0010,49,Vehicle,Card,559590.0,60,42226.0,18900.0,23326.0,1800.0,42,0.5524,0.4476,21526.0,9326.5,1800.0,7526.5,0.193,2.501,311,24,True,AT_RISK,MEDIUM,INCREASE_CONTRIBUTION,"Increase the monthly goal contribution by ₹7,526 (to ₹9,326).","This uses 35% of the ₹21,526 surplus that is currently not invested, so no spending cut is strictly required.",Keep the current contribution and extend the timeline to 311 months (25 yr 11 mo).,0.0,0.3551,,No
CUST0011,23,Emergency Fund,Card,50699.0,19,52980.0,30200.0,22780.0,5900.0,50,0.43,0.57,16880.0,2668.37,5900.0,0.0,2.2111,8.5371,9,3,True,ON_TRACK,LOW,MAINTAIN,"Maintain the current ₹5,900 monthly investment.","It already covers the ₹2,668 required (221% coverage).","Optionally reach the goal in 3 months by directing the full ₹22,780 surplus to it.",0.0,0.4013,,No
CUST0012,34,Vehicle,Mixed,709336.0,40,51186.0,33700.0,17486.0,6500.0,52,0.3416,0.6584,10986.0,17733.4,6500.0,247.4,0.3665,0.986,110,41,False,NEEDS_ADJUSTMENT,HIGH,REDUCE_EXPENSES,Cut monthly expenses by ₹247 (0.7% of spending) and invest the full surplus.,"That exactly closes the shortfall within the original 40 months. It is well within a realistic cut: bringing the expense ratio down to the dataset median of 57.2% would free up to ₹4,401 a month. High impulse spending suggests discretionary spending is the place to start.","Keep the 40-month timeline with a smaller target of about ₹6,99,440.",4401.13,0.1578,,No
CUST0013,48,Home Purchase,UPI,3369617.0,72,127307.0,67800.0,59507.0,23500.0,27,0.4674,0.5326,36007.0,46800.24,23500.0,23300.24,0.5021,1.2715,144,57,True,AT_RISK,MEDIUM,INCREASE_CONTRIBUTION,"Increase the monthly goal contribution by ₹23,300 (to ₹46,800).","This uses 65% of the ₹36,007 surplus that is currently not invested, so no spending cut is strictly required.",Keep the current contribution and extend the timeline to 144 months (12 yr).,0.0,0.1113,"Caution: although the gap is closable on paper, the ML model estimates only 10% likelihood of achievement for similar profiles in the dataset.",No
CUST0014,53,Travel,Mixed,263483.0,12,23226.0,16700.0,6526.0,3600.0,31,0.281,0.719,2926.0,21956.92,3600.0,15430.92,0.164,0.2972,74,41,False,NEEDS_ADJUSTMENT,HIGH,COMBINED,"Cut expenses by ₹3,405 (20%) and extend the timeline to 27 months (2 yr 3 mo).","A realistic expense cut alone does not close the ₹15,431 gap, so it is combined with a longer timeline.","Keep the 12-month timeline with a smaller target of about ₹78,312.",3405.44,0.241,,No
CUST0015,28,Retirement,Card,6329246.0,55,167441.0,98900.0,68541.0,15400.0,20,0.4093,0.5907,53141.0,115077.2,15400.0,46536.2,0.1338,0.5956,411,93,False,NEEDS_ADJUSTMENT,HIGH,COMBINED,"Cut expenses by ₹3,057 (3%) and extend the timeline to 89 months (7 yr 5 mo).","A realistic expense cut alone does not close the ₹46,536 gap, so it is combined with a longer timeline.","Keep the 55-month timeline with a smaller target of about ₹37,69,755.",3056.77,0.007,,No
CUST0016,53,Emergency Fund,Mixed,171065.0,6,163786.0,116100.0,47686.0,24600.0,57,0.2911,0.7089,23086.0,28510.83,24600.0,3910.83,0.8628,1.6726,7,4,True,AT_RISK,MEDIUM,INCREASE_CONTRIBUTION,"Increase the monthly goal contribution by ₹3,911 (to ₹28,511).","This uses 17% of the ₹23,086 surplus that is currently not invested, so no spending cut is strictly required.",Keep the current contribution and extend the timeline to 7 months.,22348.89,0.8477,,No
CUST0017,28,Retirement,UPI,1437722.0,109,59606.0,31100.0,28506.0,8800.0,11,0.4782,0.5218,19706.0,13190.11,8800.0,4390.11,0.6672,2.1612,164,51,True,AT_RISK,MEDIUM,INCREASE_CONTRIBUTION,"Increase the monthly goal contribution by ₹4,390 (to ₹13,190).","This uses 22% of the ₹19,706 surplus that is currently not invested, so no spending cut is strictly required.",Keep the current contribution and extend the timeline to 164 months (13 yr 8 mo).,0.0,0.3186,,No
CUST0018,41,Higher Education,UPI,548230.0,26,106376.0,46700.0,59676.0,5900.0,65,0.561,0.439,53776.0,21085.77,5900.0,15185.77,0.2798,2.8302,93,10,True,AT_RISK,MEDIUM,INCREASE_CONTRIBUTION,"Increase the monthly goal contribution by ₹15,186 (to ₹21,086).","This uses 28% of the ₹53,776 surplus that is currently not invested, so no spending cut is strictly required.",Keep the current contribution and extend the timeline to 93 months (7 yr 9 mo).,0.0,0.5673,,No
CUST0019,54,Retirement,UPI,1951789.0,57,131328.0,77200.0,54128.0,12500.0,59,0.4122,0.5878,41628.0,34241.91,12500.0,21741.91,0.365,1.5808,157,37,True,AT_RISK,MEDIUM,INCREASE_CONTRIBUTION,"Increase the monthly goal contribution by ₹21,742 (to ₹34,242).","This uses 52% of the ₹41,628 surplus that is currently not invested, so no spending cut is strictly required.",Keep the current contribution and extend the timeline to 157 months (13 yr 1 mo).,2027.85,0.1368,"Caution: although the gap is closable on paper, the ML model estimates only 13% likelihood of achievement for similar profiles in the dataset.",No
CUST0020,59,Vehicle,UPI,682495.0,26,61440.0,29500.0,31940.0,9100.0,55,0.5199,0.4801,22840.0,26249.81,9100.0,17149.81,0.3467,1.2168,75,22,True,AT_RISK,MEDIUM,INCREASE_CONTRIBUTION,"Increase the monthly goal contribution by ₹17,150 (to ₹26,250).","This uses 75% of the ₹22,840 surplus that is currently not invested, so no spending cut is strictly required.",Keep the current contribution and extend the timeline to 75 months (6 yr 3 mo).,0.0,0.3854,,No
CUST0021,46,Travel,UPI,225761.0,10,81914.0,38200.0,43714.0,900.0,39,0.5337,0.4663,42814.0,22576.1,900.0,21676.1,0.0399,1.9363,251,6,True,AT_RISK,MEDIUM,INCREASE_CONTRIBUTION,"Increase the monthly goal contribution by ₹21,676 (to ₹22,576).","This uses 51% of the ₹42,814 surplus that is currently not invested, so no spending cut is strictly required.",Keep the current contribution and extend the timeline to 251 months (20 yr 11 mo).,0.0,0.7698,,No
CUST0022,25,Retirement,UPI,6194865.0,72,111346.0,68000.0,43346.0,11700.0,74,0.3893,0.6107,31646.0,86039.79,11700.0,42693.79,0.136,0.5038,530,143,False,NEEDS_ADJUSTMENT,HIGH,COMBINED,"Cut expenses by ₹4,266 (6%) and extend the timeline to 131 months (10 yr 11 mo).","A realistic expense cut alone does not close the ₹42,694 gap, so it is combined with a longer timeline. High impulse spending suggests discretionary spending is the place to start.","Keep the 72-month timeline with a smaller target of about ₹31,20,912.",4265.55,0.0002,,No
CUST0023,38,Travel,Mixed,81747.0,5,158439.0,76700.0,81739.0,3800.0,59,0.5159,0.4841,77939.0,16349.4,3800.0,12549.4,0.2324,4.9995,22,2,True,AT_RISK,MEDIUM,INCREASE_CONTRIBUTION,"Increase the monthly goal contribution by ₹12,549 (to ₹16,349).","This uses 16% of the ₹77,939 surplus that is currently not invested, so no spending cut is strictly required.",Keep the current contribution and extend the timeline to 22 months (1 yr 10 mo).,0.0,0.9006,,Yes
CUST0024,30,Retirement,Wallet,1252703.0,58,118525.0,66200.0,52325.0,4200.0,16,0.4415,0.5585,48125.0,21598.33,4200.0,17398.33,0.1945,2.4226,299,24,True,AT_RISK,MEDIUM,INCREASE_CONTRIBUTION,"Increase the monthly goal contribution by ₹17,398 (to ₹21,598).","This uses 36% of the ₹48,125 surplus that is currently not invested, so no spending cut is strictly required.",Keep the current contribution and extend the timeline to 299 months (24 yr 11 mo).,0.0,0.6497,,Yes
CUST0025,36,Retirement,Card,3460691.0,168,82782.0,23000.0,59782.0,4300.0,46,0.7222,0.2778,55482.0,20599.35,4300.0,16299.35,0.2087,2.9021,805,58,True,AT_RISK,MEDIUM,INCREASE_CONTRIBUTION,"Increase the monthly goal contribution by ₹16,299 (to ₹20,599).","This uses 29% of the ₹55,482 surplus that is currently not invested, so no spending cut is strictly required.",Keep the current contribution and extend the timeline to 805 months (67 yr 1 mo).,0.0,0.0257,"Caution: although the gap is closable on paper, the ML model estimates only 3% likelihood of achievement for similar profiles in the dataset.",No
CUST0026,50,Home Purchase,Mixed,4285952.0,102,101464.0,83300.0,18164.0,15500.0,24,0.179,0.821,2664.0,42019.14,15500.0,23855.14,0.3689,0.4323,277,236,False,NEEDS_ADJUSTMENT,HIGH,REDUCE_EXPENSES,"Cut monthly expenses by ₹23,855 (28.6% of spending) and invest the full surplus.","That exactly closes the shortfall within the original 102 months. It is well within a realistic cut: bringing the expense ratio down to the dataset median of 57.2% would free up to ₹25,222 a month.","Keep the 102-month timeline with a smaller target of about ₹18,52,728.",25222.01,0.0078,,No
CUST0027,41,Home Purchase,Card,2747800.0,28,168538.0,107500.0,61038.0,1900.0,43,0.3622,0.6378,59138.0,98135.71,1900.0,37097.71,0.0194,0.622,1447,46,False,NEEDS_ADJUSTMENT,HIGH,COMBINED,"Cut expenses by ₹11,029 (10%) and extend the timeline to 39 months (3 yr 3 mo).","A realistic expense cut alone does not close the ₹37,098 gap, so it is combined with a longer timeline.","Keep the 28-month timeline with a smaller target of about ₹17,09,064.",11028.85,0.2519,,No
CUST0028,52,Retirement,Mixed,4194242.0,49,133227.0,73900.0,59327.0,3300.0,27,0.4453,0.5547,56027.0,85596.78,3300.0,26269.78,0.0386,0.6931,1271,71,False,NEEDS_ADJUSTMENT,HIGH,EXTEND_TIMELINE,"Extend the timeline to 71 months (5 yr 11 mo) while investing the full ₹59,327 surplus.","Expenses are already at or below the dataset median ratio, so a longer timeline is the main lever.","Keep the 49-month timeline with a smaller target of about ₹29,07,023.",0.0,0.0345,,No
CUST0029,50,Retirement,Wallet,6002698.0,162,165448.0,95800.0,69648.0,6400.0,17,0.421,0.579,63248.0,37053.69,6400.0,30653.69,0.1727,1.8797,938,87,True,AT_RISK,MEDIUM,INCREASE_CONTRIBUTION,"Increase the monthly goal contribution by ₹30,654 (to ₹37,054).","This uses 48% of the ₹63,248 surplus that is currently not invested, so no spending cut is strictly required.",Keep the current contribution and extend the timeline to 938 months (78 yr 2 mo).,1097.56,0.0077,"Caution: although the gap is closable on paper, the ML model estimates only 1% likelihood of achievement for similar profiles in the dataset.",No
CUST0030,27,Home Purchase,Mixed,2675916.0,111,76465.0,50000.0,26465.0,13700.0,35,0.3461,0.6539,12765.0,24107.35,13700.0,10407.35,0.5683,1.0978,196,102,True,AT_RISK,MEDIUM,INCREASE_CONTRIBUTION,"Increase the monthly goal contribution by ₹10,407 (to ₹24,107).","This uses 82% of the ₹12,765 surplus that is currently not invested, so no spending cut is strictly required.",Keep the current contribution and extend the timeline to 196 months (16 yr 4 mo).,6231.43,0.0844,"Caution: although the gap is closable on paper, the ML model estimates only 7% likelihood of achievement for similar profiles in the dataset.",No
CUST0031,21,Home Purchase,Mixed,1441466.0,55,87625.0,78900.0,8725.0,3600.0,36,0.0996,0.9004,5125.0,26208.47,3600.0,17483.47,0.1374,0.3329,401,166,False,NEEDS_ADJUSTMENT,HIGH,REDUCE_EXPENSES,"Cut monthly expenses by ₹17,483 (22.2% of spending) and invest the full surplus.","That exactly closes the shortfall within the original 55 months. It is well within a realistic cut: bringing the expense ratio down to the dataset median of 57.2% would free up to ₹28,743 a month.","Keep the 55-month timeline with a smaller target of about ₹4,79,875.",28743.45,0.1084,,No
CUST0032,36,Home Purchase,Mixed,3273753.0,76,197938.0,108200.0,89738.0,24600.0,40,0.4534,0.5466,65138.0,43075.7,24600.0,18475.7,0.5711,2.0833,134,37,True,AT_RISK,MEDIUM,INCREASE_CONTRIBUTION,"Increase the monthly goal contribution by ₹18,476 (to ₹43,076).","This uses 28% of the ₹65,138 surplus that is currently not invested, so no spending cut is strictly required.",Keep the current contribution and extend the timeline to 134 months (11 yr 2 mo).,0.0,0.4057,,No
CUST0033,24,Travel,Card,241407.0,3,112189.0,87400.0,24789.0,18300.0,30,0.221,0.779,6489.0,80469.0,18300.0,55680.0,0.2274,0.3081,14,10,False,NEEDS_ADJUSTMENT,HIGH,COMBINED,"Cut expenses by ₹23,183 (27%) and extend the timeline to 6 months.","A realistic expense cut alone does not close the ₹55,680 gap, so it is combined with a longer timeline.","Keep the 3-month timeline with a smaller target of about ₹74,367.",23183.02,0.8111,"Note: similar profiles achieved this kind of goal 84% of the time per the ML model, but the plan still needs adjustment on current numbers.",Yes
CUST0034,57,Emergency Fund,UPI,193039.0,24,147534.0,99600.0,47934.0,3200.0,76,0.3249,0.6751,44734.0,8043.29,3200.0,4843.29,0.3978,5.9595,61,5,True,AT_RISK,MEDIUM,INCREASE_CONTRIBUTION,"Increase the monthly goal contribution by ₹4,843 (to ₹8,043).","This uses 11% of the ₹44,734 surplus that is currently not invested, so no spending cut is strictly required.",Keep the current contribution and extend the timeline to 61 months (5 yr 1 mo).,15151.54,0.4061,,No
CUST0035,54,Emergency Fund,Wallet,153715.0,6,160015.0,61700.0,98315.0,21700.0,37,0.6144,0.3856,76615.0,25619.17,21700.0,3919.17,0.847,3.8376,8,2,True,AT_RISK,MEDIUM,INCREASE_CONTRIBUTION,"Increase the monthly goal contribution by ₹3,919 (to ₹25,619).","This uses 5% of the ₹76,615 surplus that is currently not invested, so no spending cut is strictly required.",Keep the current contribution and extend the timeline to 8 months.,0.0,0.9548,,Yes
CUST0036,58,Home Purchase,UPI,4576585.0,32,22287.0,13500.0,8787.0,4200.0,45,0.3943,0.6057,4587.0,143018.28,4200.0,134231.28,0.0294,0.0614,1090,521,False,NEEDS_ADJUSTMENT,HIGH,COMBINED,Cut expenses by ₹743 (6%) and extend the timeline to 481 months (40 yr 1 mo).,"A realistic expense cut alone does not close the ₹1,34,231 gap, so it is combined with a longer timeline.","Keep the 32-month timeline with a smaller target of about ₹2,81,184.",742.92,0.0009,,No
CUST0037,30,Vehicle,Card,548121.0,21,160897.0,96000.0,64897.0,8500.0,5,0.4033,0.5967,56397.0,26101.0,8500.0,17601.0,0.3257,2.4864,65,9,True,AT_RISK,MEDIUM,INCREASE_CONTRIBUTION,"Increase the monthly goal contribution by ₹17,601 (to ₹26,101).","This uses 31% of the ₹56,397 surplus that is currently not invested, so no spending cut is strictly required.",Keep the current contribution and extend the timeline to 65 months (5 yr 5 mo).,3902.56,0.9667,,Yes
CUST0038,45,Emergency Fund,UPI,254646.0,13,28930.0,19700.0,9230.0,1500.0,56,0.319,0.681,7730.0,19588.15,1500.0,10358.15,0.0766,0.4712,170,28,False,NEEDS_ADJUSTMENT,HIGH,COMBINED,"Cut expenses by ₹3,140 (16%) and extend the timeline to 21 months (1 yr 9 mo).","A realistic expense cut alone does not close the ₹10,358 gap, so it is combined with a longer timeline. High impulse spending suggests discretionary spending is the place to start.","Keep the 13-month timeline with a smaller target of about ₹1,19,990.",3140.47,0.1652,,No
CUST0039,40,Travel,UPI,82551.0,14,123746.0,68900.0,54846.0,13800.0,25,0.4432,0.5568,41046.0,5896.5,13800.0,0.0,2.3404,9.3015,6,2,True,ON_TRACK,LOW,MAINTAIN,"Maintain the current ₹13,800 monthly investment.","It already covers the ₹5,896 required (234% coverage).","Optionally reach the goal in 2 months by directing the full ₹54,846 surplus to it.",0.0,0.964,,Yes
CUST0040,55,Retirement,Mixed,4272791.0,67,146801.0,82900.0,63901.0,15900.0,45,0.4353,0.5647,48001.0,63773.0,15900.0,47873.0,0.2493,1.002,269,67,True,AT_RISK,MEDIUM,INCREASE_CONTRIBUTION,"Increase the monthly goal contribution by ₹47,873 (to ₹63,773).","This uses 100% of the ₹48,001 surplus that is currently not invested, so no spending cut is strictly required.",Keep the current contribution and extend the timeline to 269 months (22 yr 5 mo).,0.0,0.0194,"Caution: although the gap is closable on paper, the ML model estimates only 2% likelihood of achievement for similar profiles in the dataset.",No
CUST0041,56,Emergency Fund,Mixed,165976.0,24,191674.0,136200.0,55474.0,18900.0,51,0.2894,0.7106,36574.0,6915.67,18900.0,0.0,2.7329,8.0215,9,3,True,ON_TRACK,LOW,MAINTAIN,"Maintain the current ₹18,900 monthly investment.","It already covers the ₹6,916 required (273% coverage).","Optionally reach the goal in 3 months by directing the full ₹55,474 surplus to it.",26485.8,0.944,,Yes
CUST0042,45,Vehicle,Mixed,788259.0,58,63918.0,25800.0,38118.0,11300.0,51,0.5964,0.4036,26818.0,13590.67,11300.0,2290.67,0.8315,2.8047,70,21,True,AT_RISK,MEDIUM,INCREASE_CONTRIBUTION,"Increase the monthly goal contribution by ₹2,291 (to ₹13,591).","This uses 9% of the ₹26,818 surplus that is currently not invested, so no spending cut is strictly required.",Keep the current contribution and extend the timeline to 70 months (5 yr 10 mo).,0.0,0.5072,,No
CUST0043,52,Vehicle,Card,268059.0,55,120851.0,72300.0,48551.0,10500.0,44,0.4017,0.5983,38051.0,4873.8,10500.0,0.0,2.1544,9.9616,26,6,True,ON_TRACK,LOW,MAINTAIN,"Maintain the current ₹10,500 monthly investment.","It already covers the ₹4,874 required (215% coverage).","Optionally reach the goal in 6 months by directing the full ₹48,551 surplus to it.",3124.89,0.8203,,Yes
CUST0044,24,Emergency Fund,UPI,61645.0,21,129086.0,86300.0,42786.0,19600.0,24,0.3315,0.6685,23186.0,2935.48,19600.0,0.0,6.6769,14.5755,4,2,True,ON_TRACK,LOW,MAINTAIN,"Maintain the current ₹19,600 monthly investment.","It already covers the ₹2,935 required (668% coverage).","Optionally reach the goal in 2 months by directing the full ₹42,786 surplus to it.",12411.17,0.9087,,No
CUST0045,30,Retirement,Mixed,2154833.0,108,153819.0,93500.0,60319.0,28000.0,29,0.3921,0.6079,32319.0,19952.16,28000.0,0.0,1.4034,3.0232,77,36,True,ON_TRACK,LOW,MAINTAIN,"Maintain the current ₹28,000 monthly investment.","It already covers the ₹19,952 required (140% coverage).","Optionally reach the goal in 36 months (3 yr) by directing the full ₹60,319 surplus to it.",5454.0,0.3555,,Yes
CUST0046,59,Home Purchase,UPI,1183357.0,26,139676.0,93700.0,45976.0,3000.0,5,0.3292,0.6708,42976.0,45513.73,3000.0,42513.73,0.0659,1.0102,395,26,True,AT_RISK,MEDIUM,INCREASE_CONTRIBUTION,"Increase the monthly goal contribution by ₹42,514 (to ₹45,514).","This uses 99% of the ₹42,976 surplus that is currently not invested, so no spending cut is strictly required.",Keep the current contribution and extend the timeline to 395 months (32 yr 11 mo).,13749.46,0.6573,,Yes
CUST0047,53,Vehicle,Mixed,656838.0,43,105549.0,60100.0,45449.0,6000.0,25,0.4306,0.5694,39449.0,15275.3,6000.0,9275.3,0.3928,2.9753,110,15,True,AT_RISK,MEDIUM,INCREASE_CONTRIBUTION,"Increase the monthly goal contribution by ₹9,275 (to ₹15,275).","This uses 24% of the ₹39,449 surplus that is currently not invested, so no spending cut is strictly required.",Keep the current contribution and extend the timeline to 110 months (9 yr 2 mo).,0.0,0.7808,,Yes
CUST0048,58,Retirement,UPI,4189276.0,173,70598.0,44300.0,26298.0,9500.0,45,0.3725,0.6275,16798.0,24215.47,9500.0,14715.47,0.3923,1.086,441,160,True,AT_RISK,MEDIUM,INCREASE_CONTRIBUTION,"Increase the monthly goal contribution by ₹14,715 (to ₹24,215).","This uses 88% of the ₹16,798 surplus that is currently not invested, so no spending cut is strictly required.",Keep the current contribution and extend the timeline to 441 months (36 yr 9 mo).,3889.7,0.0027,"Caution: although the gap is closable on paper, the ML model estimates only 0% likelihood of achievement for similar profiles in the dataset.",No
CUST0049,43,Vehicle,Wallet,224844.0,12,130403.0,60500.0,69903.0,16600.0,45,0.5361,0.4639,53303.0,18737.0,16600.0,2137.0,0.8859,3.7307,14,4,True,AT_RISK,MEDIUM,INCREASE_CONTRIBUTION,"Increase the monthly goal contribution by ₹2,137 (to ₹18,737).","This uses 4% of the ₹53,303 surplus that is currently not invested, so no spending cut is strictly required.",Keep the current contribution and extend the timeline to 14 months (1 yr 2 mo).,0.0,0.9006,,Yes
CUST0050,45,Vehicle,Mixed,936421.0,48,140744.0,64400.0,76344.0,11500.0,42,0.5424,0.4576,64844.0,19508.77,11500.0,8008.77,0.5895,3.9133,82,13,True,AT_RISK,MEDIUM,INCREASE_CONTRIBUTION,"Increase the monthly goal contribution by ₹8,009 (to ₹19,509).","This uses 12% of the ₹64,844 surplus that is currently not invested, so no spending cut is strictly required.",Keep the current contribution and extend the timeline to 82 months (6 yr 10 mo).,0.0,0.8902,,Yes
CUST0051,36,Emergency Fund,Mixed,142988.0,21,184979.0,75300.0,109679.0,22200.0,44,0.5929,0.4071,87479.0,6808.95,22200.0,0.0,3.2604,16.1081,7,2,True,ON_TRACK,LOW,MAINTAIN,"Maintain the current ₹22,200 monthly investment.","It already covers the ₹6,809 required (326% coverage).","Optionally reach the goal in 2 months by directing the full ₹1,09,679 surplus to it.",0.0,0.9803,,Yes
CUST0052,32,Vehicle,UPI,340478.0,20,147781.0,74600.0,73181.0,17300.0,19,0.4952,0.5048,55881.0,17023.9,17300.0,0.0,1.0162,4.2987,20,5,True,ON_TRACK,LOW,MAINTAIN,"Maintain the current ₹17,300 monthly investment.","It already covers the ₹17,024 required (102% coverage).","Optionally reach the goal in 5 months by directing the full ₹73,181 surplus to it.",0.0,0.9767,,Yes
CUST0053,32,Vehicle,Mixed,399249.0,25,27928.0,20500.0,7428.0,800.0,46,0.266,0.734,6628.0,15969.96,800.0,8541.96,0.0501,0.4651,500,54,False,NEEDS_ADJUSTMENT,HIGH,COMBINED,"Cut expenses by ₹4,514 (22%) and extend the timeline to 34 months (2 yr 10 mo).","A realistic expense cut alone does not close the ₹8,542 gap, so it is combined with a longer timeline.","Keep the 25-month timeline with a smaller target of about ₹1,85,700.",4514.01,0.2417,,No
CUST0054,50,Higher Education,UPI,431256.0,27,73192.0,39400.0,33792.0,7400.0,5,0.4617,0.5383,26392.0,15972.44,7400.0,8572.44,0.4633,2.1156,59,13,True,AT_RISK,MEDIUM,INCREASE_CONTRIBUTION,"Increase the monthly goal contribution by ₹8,572 (to ₹15,972).","This uses 32% of the ₹26,392 surplus that is currently not invested, so no spending cut is strictly required.",Keep the current contribution and extend the timeline to 59 months (4 yr 11 mo).,0.0,0.8282,,No
CUST0055,33,Retirement,Mixed,2915783.0,149,76409.0,42900.0,33509.0,4100.0,52,0.4385,0.5615,29409.0,19569.01,4100.0,15469.01,0.2095,1.7123,712,88,True,AT_RISK,MEDIUM,INCREASE_CONTRIBUTION,"Increase the monthly goal contribution by ₹15,469 (to ₹19,569).","This uses 53% of the ₹29,409 surplus that is currently not invested, so no spending cut is strictly required.",Keep the current contribution and extend the timeline to 712 months (59 yr 4 mo).,0.0,0.0138,"Caution: although the gap is closable on paper, the ML model estimates only 1% likelihood of achievement for similar profiles in the dataset.",No
CUST0056,35,Home Purchase,UPI,3552839.0,71,186677.0,64200.0,122477.0,30300.0,12,0.6561,0.3439,92177.0,50039.99,30300.0,19739.99,0.6055,2.4476,118,30,True,AT_RISK,MEDIUM,INCREASE_CONTRIBUTION,"Increase the monthly goal contribution by ₹19,740 (to ₹50,040).","This uses 21% of the ₹92,177 surplus that is currently not invested, so no spending cut is strictly required.",Keep the current contribution and extend the timeline to 118 months (9 yr 10 mo).,0.0,0.7499,,Yes
CUST0057,28,Emergency Fund,Card,90390.0,13,39783.0,28500.0,11283.0,4500.0,39,0.2836,0.7164,6783.0,6953.08,4500.0,2453.08,0.6472,1.6227,21,9,True,AT_RISK,MEDIUM,INCREASE_CONTRIBUTION,"Increase the monthly goal contribution by ₹2,453 (to ₹6,953).","This uses 36% of the ₹6,783 surplus that is currently not invested, so no spending cut is strictly required.",Keep the current contribution and extend the timeline to 21 months (1 yr 9 mo).,5728.21,0.3321,,No
CUST0058,53,Retirement,Card,3553022.0,90,89892.0,37200.0,52692.0,6600.0,24,0.5862,0.4138,46092.0,39478.02,6600.0,32878.02,0.1672,1.3347,539,68,True,AT_RISK,MEDIUM,INCREASE_CONTRIBUTION,"Increase the monthly goal contribution by ₹32,878 (to ₹39,478).","This uses 71% of the ₹46,092 surplus that is currently not invested, so no spending cut is strictly required.",Keep the current contribution and extend the timeline to 539 months (44 yr 11 mo).,0.0,0.0329,"Caution: although the gap is closable on paper, the ML model estimates only 4% likelihood of achievement for similar profiles in the dataset.",No
CUST0059,28,Higher Education,Wallet,362714.0,16,39469.0,20800.0,18669.0,500.0,5,0.473,0.527,18169.0,22669.62,500.0,4000.62,0.0221,0.8235,726,20,False,NEEDS_ADJUSTMENT,HIGH,EXTEND_TIMELINE,"Extend the timeline to 20 months (1 yr 8 mo) while investing the full ₹18,669 surplus.","Expenses are already at or below the dataset median ratio, so a longer timeline is the main lever.","Keep the 16-month timeline with a smaller target of about ₹2,98,704.",0.0,0.6083,"Note: similar profiles achieved this kind of goal 66% of the time per the ML model, but the plan still needs adjustment on current numbers.",Yes
CUST0060,23,Emergency Fund,Card,290889.0,6,74082.0,40100.0,33982.0,11800.0,47,0.4587,0.5413,22182.0,48481.5,11800.0,14499.5,0.2434,0.7009,25,9,False,NEEDS_ADJUSTMENT,HIGH,EXTEND_TIMELINE,"Extend the timeline to 9 months while investing the full ₹33,982 surplus.","Expenses are already at or below the dataset median ratio, so a longer timeline is the main lever.","Keep the 6-month timeline with a smaller target of about ₹2,03,892.",0.0,0.5279,"Note: similar profiles achieved this kind of goal 65% of the time per the ML model, but the plan still needs adjustment on current numbers.",Yes
CUST0061,41,Emergency Fund,UPI,56355.0,7,51631.0,28200.0,23431.0,3800.0,46,0.4538,0.5462,19631.0,8050.71,3800.0,4250.71,0.472,2.9104,15,3,True,AT_RISK,MEDIUM,INCREASE_CONTRIBUTION,"Increase the monthly goal contribution by ₹4,251 (to ₹8,051).","This uses 22% of the ₹19,631 surplus that is currently not invested, so no spending cut is strictly required.",Keep the current contribution and extend the timeline to 15 months (1 yr 3 mo).,0.0,0.4332,,Yes
CUST0062,57,Vehicle,Card,1177908.0,50,183264.0,106300.0,76964.0,3300.0,20,0.42,0.58,73664.0,23558.16,3300.0,20258.16,0.1401,3.267,357,16,True,AT_RISK,MEDIUM,INCREASE_CONTRIBUTION,"Increase the monthly goal contribution by ₹20,258 (to ₹23,558).","This uses 28% of the ₹73,664 surplus that is currently not invested, so no spending cut is strictly required.",Keep the current contribution and extend the timeline to 357 months (29 yr 9 mo).,1399.69,0.9355,,Yes
CUST0063,53,Retirement,UPI,1452756.0,80,37076.0,34100.0,2976.0,2400.0,37,0.0803,0.9197,576.0,18159.45,2400.0,15183.45,0.1322,0.1639,606,489,False,NEEDS_ADJUSTMENT,HIGH,COMBINED,"Cut expenses by ₹12,878 (38%) and extend the timeline to 92 months (7 yr 8 mo).","A realistic expense cut alone does not close the ₹15,183 gap, so it is combined with a longer timeline.","Keep the 80-month timeline with a smaller target of about ₹2,38,080.",12877.7,0.0216,,No
CUST0064,41,Emergency Fund,Mixed,190947.0,11,141080.0,97800.0,43280.0,27000.0,45,0.3068,0.6932,16280.0,17358.82,27000.0,0.0,1.5554,2.4933,8,5,True,ON_TRACK,LOW,MAINTAIN,"Maintain the current ₹27,000 monthly investment.","It already covers the ₹17,359 required (156% coverage).","Optionally reach the goal in 5 months by directing the full ₹43,280 surplus to it.",17045.81,0.8495,,Yes
CUST0065,54,Higher Education,UPI,998942.0,39,185476.0,118000.0,67476.0,3800.0,64,0.3638,0.6362,63676.0,25613.9,3800.0,21813.9,0.1484,2.6344,263,15,True,AT_RISK,MEDIUM,INCREASE_CONTRIBUTION,"Increase the monthly goal contribution by ₹21,814 (to ₹25,614).","This uses 34% of the ₹63,676 surplus that is currently not invested, so no spending cut is strictly required.",Keep the current contribution and extend the timeline to 263 months (21 yr 11 mo).,11833.54,0.5706,,Yes
CUST0066,23,Emergency Fund,Mixed,150354.0,10,135933.0,34000.0,101933.0,19700.0,42,0.7499,0.2501,82233.0,15035.4,19700.0,0.0,1.3102,6.7795,8,2,True,ON_TRACK,LOW,MAINTAIN,"Maintain the current ₹19,700 monthly investment.","It already covers the ₹15,035 required (131% coverage).","Optionally reach the goal in 2 months by directing the full ₹1,01,933 surplus to it.",0.0,0.9743,,Yes
CUST0067,36,Emergency Fund,UPI,168705.0,11,57895.0,28200.0,29695.0,7100.0,15,0.5129,0.4871,22595.0,15336.82,7100.0,8236.82,0.4629,1.9362,24,6,True,AT_RISK,MEDIUM,INCREASE_CONTRIBUTION,"Increase the monthly goal contribution by ₹8,237 (to ₹15,337).","This uses 36% of the ₹22,595 surplus that is currently not invested, so no spending cut is strictly required.",Keep the current contribution and extend the timeline to 24 months (2 yr).,0.0,0.7882,,Yes
CUST0068,21,Home Purchase,UPI,3169241.0,101,61291.0,46700.0,14591.0,10600.0,46,0.2381,0.7619,3991.0,31378.62,10600.0,16787.62,0.3378,0.465,299,218,False,NEEDS_ADJUSTMENT,HIGH,COMBINED,"Cut expenses by ₹11,617 (25%) and extend the timeline to 121 months (10 yr 1 mo).","A realistic expense cut alone does not close the ₹16,788 gap, so it is combined with a longer timeline.","Keep the 101-month timeline with a smaller target of about ₹14,73,691.",11617.03,0.007,,No
CUST0069,35,Travel,Wallet,297728.0,10,191515.0,105000.0,86515.0,11500.0,53,0.4517,0.5483,75015.0,29772.8,11500.0,18272.8,0.3863,2.9058,26,4,True,AT_RISK,MEDIUM,INCREASE_CONTRIBUTION,"Increase the monthly goal contribution by ₹18,273 (to ₹29,773).","This uses 24% of the ₹75,015 surplus that is currently not invested, so no spending cut is strictly required.",Keep the current contribution and extend the timeline to 26 months (2 yr 2 mo).,0.0,0.9745,,Yes
CUST0070,54,Vehicle,UPI,415066.0,43,170991.0,75000.0,95991.0,32800.0,44,0.5614,0.4386,63191.0,9652.7,32800.0,0.0,3.398,9.9445,13,5,True,ON_TRACK,LOW,MAINTAIN,"Maintain the current ₹32,800 monthly investment.","It already covers the ₹9,653 required (340% coverage).","Optionally reach the goal in 5 months by directing the full ₹95,991 surplus to it.",0.0,0.9726,,Yes
CUST0071,35,Travel,Wallet,90510.0,13,45406.0,30000.0,15406.0,6000.0,59,0.3393,0.6607,9406.0,6962.31,6000.0,962.31,0.8618,2.2128,16,6,True,AT_RISK,MEDIUM,INCREASE_CONTRIBUTION,"Increase the monthly goal contribution by ₹962 (to ₹6,962).","This uses 10% of the ₹9,406 surplus that is currently not invested, so no spending cut is strictly required.",Keep the current contribution and extend the timeline to 16 months (1 yr 4 mo).,4009.61,0.2911,"Caution: although the gap is closable on paper, the ML model estimates only 28% likelihood of achievement for similar profiles in the dataset.",No
CUST0072,51,Emergency Fund,Mixed,151791.0,21,106996.0,52400.0,54596.0,14100.0,38,0.5103,0.4897,40496.0,7228.14,14100.0,0.0,1.9507,7.5533,11,3,True,ON_TRACK,LOW,MAINTAIN,"Maintain the current ₹14,100 monthly investment.","It already covers the ₹7,228 required (195% coverage).","Optionally reach the goal in 3 months by directing the full ₹54,596 surplus to it.",0.0,0.874,,Yes
CUST0073,53,Retirement,UPI,2925640.0,100,65800.0,48600.0,17200.0,5000.0,39,0.2614,0.7386,12200.0,29256.4,5000.0,12056.4,0.1709,0.5879,586,171,False,NEEDS_ADJUSTMENT,HIGH,COMBINED,"Cut expenses by ₹10,936 (22%) and extend the timeline to 104 months (8 yr 8 mo).","A realistic expense cut alone does not close the ₹12,056 gap, so it is combined with a longer timeline.","Keep the 100-month timeline with a smaller target of about ₹17,20,000.",10936.08,0.0135,,No
CUST0074,24,Emergency Fund,UPI,156531.0,15,126664.0,74100.0,52564.0,11000.0,40,0.415,0.585,41564.0,10435.4,11000.0,0.0,1.0541,5.0371,15,3,True,ON_TRACK,LOW,MAINTAIN,"Maintain the current ₹11,000 monthly investment.","It already covers the ₹10,435 required (105% coverage).","Optionally reach the goal in 3 months by directing the full ₹52,564 surplus to it.",1597.53,0.8497,,Yes
CUST0075,40,Emergency Fund,UPI,85839.0,21,48277.0,22500.0,25777.0,1000.0,28,0.5339,0.4661,24777.0,4087.57,1000.0,3087.57,0.2446,6.3062,86,4,True,AT_RISK,MEDIUM,INCREASE_CONTRIBUTION,"Increase the monthly goal contribution by ₹3,088 (to ₹4,088).","This uses 12% of the ₹24,777 surplus that is currently not invested, so no spending cut is strictly required.",Keep the current contribution and extend the timeline to 86 months (7 yr 2 mo).,0.0,0.8233,,Yes
CUST0076,23,Travel,UPI,130539.0,16,164072.0,149400.0,14672.0,2200.0,43,0.0894,0.9106,12472.0,8158.69,2200.0,5958.69,0.2697,1.7983,60,9,True,AT_RISK,MEDIUM,INCREASE_CONTRIBUTION,"Increase the monthly goal contribution by ₹5,959 (to ₹8,159).","This uses 48% of the ₹12,472 surplus that is currently not invested, so no spending cut is strictly required.",Keep the current contribution and extend the timeline to 60 months (5 yr).,55485.19,0.8106,,No
CUST0077,46,Emergency Fund,UPI,239273.0,9,192730.0,119000.0,73730.0,30500.0,52,0.3826,0.6174,43230.0,26585.89,30500.0,0.0,1.1472,2.7733,8,4,True,ON_TRACK,LOW,MAINTAIN,"Maintain the current ₹30,500 monthly investment.","It already covers the ₹26,586 required (115% coverage).","Optionally reach the goal in 4 months by directing the full ₹73,730 surplus to it.",8681.35,0.9105,,Yes
CUST0078,26,Retirement,UPI,2709923.0,108,128471.0,67000.0,61471.0,21300.0,55,0.4785,0.5215,40171.0,25091.88,21300.0,3791.88,0.8489,2.4498,128,45,True,AT_RISK,MEDIUM,INCREASE_CONTRIBUTION,"Increase the monthly goal contribution by ₹3,792 (to ₹25,092).","This uses 9% of the ₹40,171 surplus that is currently not invested, so no spending cut is strictly required.",Keep the current contribution and extend the timeline to 128 months (10 yr 8 mo).,0.0,0.0704,"Caution: although the gap is closable on paper, the ML model estimates only 9% likelihood of achievement for similar profiles in the dataset.",No
CUST0079,58,Vehicle,Mixed,749612.0,14,122742.0,45600.0,77142.0,19600.0,46,0.6285,0.3715,57542.0,53543.71,19600.0,33943.71,0.3661,1.4407,39,10,True,AT_RISK,MEDIUM,INCREASE_CONTRIBUTION,"Increase the monthly goal contribution by ₹33,944 (to ₹53,544).","This uses 59% of the ₹57,542 surplus that is currently not invested, so no spending cut is strictly required.",Keep the current contribution and extend the timeline to 39 months (3 yr 3 mo).,0.0,0.8652,,No
CUST0080,35,Home Purchase,Mixed,4726740.0,111,125987.0,72200.0,53787.0,25100.0,22,0.4269,0.5731,28687.0,42583.24,25100.0,17483.24,0.5894,1.2631,189,88,True,AT_RISK,MEDIUM,INCREASE_CONTRIBUTION,"Increase the monthly goal contribution by ₹17,483 (to ₹42,583).","This uses 61% of the ₹28,687 surplus that is currently not invested, so no spending cut is strictly required.",Keep the current contribution and extend the timeline to 189 months (15 yr 9 mo).,85.04,0.0192,"Caution: although the gap is closable on paper, the ML model estimates only 2% likelihood of achievement for similar profiles in the dataset.",No
CUST0081,60,Home Purchase,Card,3200764.0,69,150560.0,84400.0,66160.0,9600.0,24,0.4394,0.5606,56560.0,46387.88,9600.0,36787.88,0.207,1.4262,334,49,True,AT_RISK,MEDIUM,INCREASE_CONTRIBUTION,"Increase the monthly goal contribution by ₹36,788 (to ₹46,388).","This uses 65% of the ₹56,560 surplus that is currently not invested, so no spending cut is strictly required.",Keep the current contribution and extend the timeline to 334 months (27 yr 10 mo).,0.0,0.286,"Caution: although the gap is closable on paper, the ML model estimates only 26% likelihood of achievement for similar profiles in the dataset.",No
CUST0082,44,Retirement,UPI,7144990.0,44,55344.0,25600.0,29744.0,9500.0,50,0.5374,0.4626,20244.0,162386.14,9500.0,132642.14,0.0585,0.1832,753,241,False,NEEDS_ADJUSTMENT,HIGH,EXTEND_TIMELINE,"Extend the timeline to 241 months (20 yr 1 mo) while investing the full ₹29,744 surplus.","Expenses are already at or below the dataset median ratio, so a longer timeline is the main lever.","Keep the 44-month timeline with a smaller target of about ₹13,08,736.",0.0,0.0001,,No
CUST0083,24,Home Purchase,Mixed,1538115.0,74,41350.0,14400.0,26950.0,5600.0,51,0.6518,0.3482,21350.0,20785.34,5600.0,15185.34,0.2694,1.2966,275,58,True,AT_RISK,MEDIUM,INCREASE_CONTRIBUTION,"Increase the monthly goal contribution by ₹15,185 (to ₹20,785).","This uses 71% of the ₹21,350 surplus that is currently not invested, so no spending cut is strictly required.",Keep the current contribution and extend the timeline to 275 months (22 yr 11 mo).,0.0,0.127,"Caution: although the gap is closable on paper, the ML model estimates only 15% likelihood of achievement for similar profiles in the dataset.",No
CUST0084,42,Emergency Fund,UPI,82087.0,11,67201.0,33800.0,33401.0,12400.0,47,0.497,0.503,21001.0,7462.45,12400.0,0.0,1.6617,4.4759,7,3,True,ON_TRACK,LOW,MAINTAIN,"Maintain the current ₹12,400 monthly investment.","It already covers the ₹7,462 required (166% coverage).","Optionally reach the goal in 3 months by directing the full ₹33,401 surplus to it.",0.0,0.7238,,Yes
CUST0085,54,Higher Education,UPI,979271.0,41,50369.0,29600.0,20769.0,5100.0,29,0.4123,0.5877,15669.0,23884.66,5100.0,3115.66,0.2135,0.8696,193,48,False,NEEDS_ADJUSTMENT,HIGH,COMBINED,Cut expenses by ₹769 (3%) and extend the timeline to 46 months (3 yr 10 mo).,"A realistic expense cut alone does not close the ₹3,116 gap, so it is combined with a longer timeline.","Keep the 41-month timeline with a smaller target of about ₹8,51,529.",768.78,0.2129,,No
CUST0086,58,Higher Education,UPI,252341.0,45,151557.0,119200.0,32357.0,13100.0,67,0.2135,0.7865,19257.0,5607.58,13100.0,0.0,2.3361,5.7702,20,8,True,ON_TRACK,LOW,MAINTAIN,"Maintain the current ₹13,100 monthly investment.","It already covers the ₹5,608 required (234% coverage).","Optionally reach the goal in 8 months by directing the full ₹32,357 surplus to it.",32448.77,0.4548,,No
CUST0087,50,Higher Education,Card,440483.0,26,43837.0,24300.0,19537.0,5400.0,67,0.4457,0.5543,14137.0,16941.65,5400.0,11541.65,0.3187,1.1532,82,23,True,AT_RISK,MEDIUM,INCREASE_CONTRIBUTION,"Increase the monthly goal contribution by ₹11,542 (to ₹16,942).","This uses 82% of the ₹14,137 surplus that is currently not invested, so no spending cut is strictly required.",Keep the current contribution and extend the timeline to 82 months (6 yr 10 mo).,0.0,0.1864,"Caution: although the gap is closable on paper, the ML model estimates only 18% likelihood of achievement for similar profiles in the dataset.",No
CUST0088,38,Emergency Fund,UPI,50823.0,7,189375.0,123100.0,66275.0,32900.0,38,0.35,0.65,33375.0,7260.43,32900.0,0.0,4.5314,9.1282,2,1,True,ON_TRACK,LOW,MAINTAIN,"Maintain the current ₹32,900 monthly investment.","It already covers the ₹7,260 required (453% coverage).","Optionally reach the goal in 1 months by directing the full ₹66,275 surplus to it.",14701.75,0.9837,,Yes
CUST0089,55,Retirement,UPI,2935918.0,102,92582.0,72000.0,20582.0,11100.0,23,0.2223,0.7777,9482.0,28783.51,11100.0,8201.51,0.3856,0.7151,265,143,False,NEEDS_ADJUSTMENT,HIGH,REDUCE_EXPENSES,"Cut monthly expenses by ₹8,202 (11.4% of spending) and invest the full surplus.","That exactly closes the shortfall within the original 102 months. It is well within a realistic cut: bringing the expense ratio down to the dataset median of 57.2% would free up to ₹19,006 a month.","Keep the 102-month timeline with a smaller target of about ₹20,99,364.",19006.06,0.0325,,No
CUST0090,34,Emergency Fund,Mixed,285898.0,23,116637.0,29200.0,87437.0,6300.0,54,0.7497,0.2503,81137.0,12430.35,6300.0,6130.35,0.5068,7.0342,46,4,True,AT_RISK,MEDIUM,INCREASE_CONTRIBUTION,"Increase the monthly goal contribution by ₹6,130 (to ₹12,430).","This uses 8% of the ₹81,137 surplus that is currently not invested, so no spending cut is strictly required.",Keep the current contribution and extend the timeline to 46 months (3 yr 10 mo).,0.0,0.8837,,Yes
CUST0091,43,Home Purchase,UPI,2397976.0,75,171022.0,68100.0,102922.0,21100.0,36,0.6018,0.3982,81822.0,31973.01,21100.0,10873.01,0.6599,3.219,114,24,True,AT_RISK,MEDIUM,INCREASE_CONTRIBUTION,"Increase the monthly goal contribution by ₹10,873 (to ₹31,973).","This uses 13% of the ₹81,822 surplus that is currently not invested, so no spending cut is strictly required.",Keep the current contribution and extend the timeline to 114 months (9 yr 6 mo).,0.0,0.6499,,Yes
CUST0092,42,Higher Education,UPI,444147.0,35,172932.0,73300.0,99632.0,8000.0,58,0.5761,0.4239,91632.0,12689.91,8000.0,4689.91,0.6304,7.8513,56,5,True,AT_RISK,MEDIUM,INCREASE_CONTRIBUTION,"Increase the monthly goal contribution by ₹4,690 (to ₹12,690).","This uses 5% of the ₹91,632 surplus that is currently not invested, so no spending cut is strictly required.",Keep the current contribution and extend the timeline to 56 months (4 yr 8 mo).,0.0,0.9112,,Yes
CUST0093,56,Emergency Fund,Card,256113.0,20,135646.0,101800.0,33846.0,10400.0,41,0.2495,0.7505,23446.0,12805.65,10400.0,2405.65,0.8121,2.6431,25,8,True,AT_RISK,MEDIUM,INCREASE_CONTRIBUTION,"Increase the monthly goal contribution by ₹2,406 (to ₹12,806).","This uses 10% of the ₹23,446 surplus that is currently not invested, so no spending cut is strictly required.",Keep the current contribution and extend the timeline to 25 months (2 yr 1 mo).,24156.23,0.7207,,No
CUST0094,40,Emergency Fund,UPI,91735.0,20,95815.0,37100.0,58715.0,11500.0,55,0.6128,0.3872,47215.0,4586.75,11500.0,0.0,2.5072,12.801,8,2,True,ON_TRACK,LOW,MAINTAIN,"Maintain the current ₹11,500 monthly investment.","It already covers the ₹4,587 required (251% coverage).","Optionally reach the goal in 2 months by directing the full ₹58,715 surplus to it.",0.0,0.8297,,Yes
CUST0095,29,Travel,Mixed,77925.0,4,187754.0,54300.0,133454.0,31200.0,59,0.7108,0.2892,102254.0,19481.25,31200.0,0.0,1.6015,6.8504,3,1,True,ON_TRACK,LOW,MAINTAIN,"Maintain the current ₹31,200 monthly investment.","It already covers the ₹19,481 required (160% coverage).","Optionally reach the goal in 1 months by directing the full ₹1,33,454 surplus to it.",0.0,0.992,,Yes
CUST0096,56,Higher Education,Mixed,922046.0,39,96623.0,67900.0,28723.0,2400.0,51,0.2973,0.7027,26323.0,23642.21,2400.0,21242.21,0.1015,1.2149,385,33,True,AT_RISK,MEDIUM,INCREASE_CONTRIBUTION,"Increase the monthly goal contribution by ₹21,242 (to ₹23,642).","This uses 81% of the ₹26,323 surplus that is currently not invested, so no spending cut is strictly required.",Keep the current contribution and extend the timeline to 385 months (32 yr 1 mo).,12592.99,0.1939,"Caution: although the gap is closable on paper, the ML model estimates only 19% likelihood of achievement for similar profiles in the dataset.",No
CUST0097,54,Retirement,UPI,4717259.0,52,63466.0,30600.0,32866.0,4200.0,52,0.5179,0.4821,28666.0,90716.52,4200.0,57850.52,0.0463,0.3623,1124,144,False,NEEDS_ADJUSTMENT,HIGH,EXTEND_TIMELINE,"Extend the timeline to 144 months (12 yr) while investing the full ₹32,866 surplus.","Expenses are already at or below the dataset median ratio, so a longer timeline is the main lever.","Keep the 52-month timeline with a smaller target of about ₹17,09,032.",0.0,0.0012,,No
CUST0098,35,Home Purchase,UPI,1817977.0,43,119919.0,60400.0,59519.0,11500.0,29,0.4963,0.5037,48019.0,42278.53,11500.0,30778.53,0.272,1.4078,159,31,True,AT_RISK,MEDIUM,INCREASE_CONTRIBUTION,"Increase the monthly goal contribution by ₹30,779 (to ₹42,279).","This uses 64% of the ₹48,019 surplus that is currently not invested, so no spending cut is strictly required.",Keep the current contribution and extend the timeline to 159 months (13 yr 3 mo).,0.0,0.5718,,Yes
CUST0099,52,Travel,UPI,221656.0,11,180043.0,80500.0,99543.0,13900.0,64,0.5529,0.4471,85643.0,20150.55,13900.0,6250.55,0.6898,4.94,16,3,True,AT_RISK,MEDIUM,INCREASE_CONTRIBUTION,"Increase the monthly goal contribution by ₹6,251 (to ₹20,151).","This uses 7% of the ₹85,643 surplus that is currently not invested, so no spending cut is strictly required.",Keep the current contribution and extend the timeline to 16 months (1 yr 4 mo).,0.0,0.9232,,Yes
CUST0100,25,Travel,UPI,43224.0,5,64745.0,26700.0,38045.0,1300.0,32,0.5876,0.4124,36745.0,8644.8,1300.0,7344.8,0.1504,4.4009,34,2,True,AT_RISK,MEDIUM,INCREASE_CONTRIBUTION,"Increase the monthly goal contribution by ₹7,345 (to ₹8,645).","This uses 20% of the ₹36,745 surplus that is currently not invested, so no spending cut is strictly required.",Keep the current contribution and extend the timeline to 34 months (2 yr 10 mo).,0.0,0.8844,,Yes
CUST0101,59,Vehicle,UPI,284282.0,30,68843.0,42000.0,26843.0,11500.0,47,0.3899,0.6101,15343.0,9476.07,11500.0,0.0,1.2136,2.8327,25,11,True,ON_TRACK,LOW,MAINTAIN,"Maintain the current ₹11,500 monthly investment.","It already covers the ₹9,476 required (121% coverage).","Optionally reach the goal in 11 months by directing the full ₹26,843 surplus to it.",2594.27,0.443,,Yes
CUST0102,49,Retirement,UPI,6354990.0,51,115525.0,81300.0,34225.0,17400.0,41,0.2963,0.7037,16825.0,124607.65,17400.0,90382.65,0.1396,0.2747,366,186,False,NEEDS_ADJUSTMENT,HIGH,COMBINED,"Cut expenses by ₹15,173 (19%) and extend the timeline to 129 months (10 yr 9 mo).","A realistic expense cut alone does not close the ₹90,383 gap, so it is combined with a longer timeline.","Keep the 51-month timeline with a smaller target of about ₹17,45,475.",15173.49,0.0006,,No
CUST0103,43,Emergency Fund,Card,167355.0,24,110676.0,79500.0,31176.0,8800.0,30,0.2817,0.7183,22376.0,6973.12,8800.0,0.0,1.262,4.4709,20,6,True,ON_TRACK,LOW,MAINTAIN,"Maintain the current ₹8,800 monthly investment.","It already covers the ₹6,973 required (126% coverage).","Optionally reach the goal in 6 months by directing the full ₹31,176 surplus to it.",16149.06,0.7366,,No
CUST0104,55,Retirement,UPI,6018893.0,73,117444.0,36600.0,80844.0,1600.0,40,0.6884,0.3116,79244.0,82450.59,1600.0,1606.59,0.0194,0.9805,3762,75,False,NEEDS_ADJUSTMENT,HIGH,EXTEND_TIMELINE,"Extend the timeline to 75 months (6 yr 3 mo) while investing the full ₹80,844 surplus.","Expenses are already at or below the dataset median ratio, so a longer timeline is the main lever.","Keep the 73-month timeline with a smaller target of about ₹59,01,612.",0.0,0.0015,,No
CUST0105,21,Vehicle,Mixed,1158884.0,21,87678.0,53800.0,33878.0,1400.0,46,0.3864,0.6136,32478.0,55184.95,1400.0,21306.95,0.0254,0.6139,828,35,False,NEEDS_ADJUSTMENT,HIGH,COMBINED,"Cut expenses by ₹3,613 (7%) and extend the timeline to 31 months (2 yr 7 mo).","A realistic expense cut alone does not close the ₹21,307 gap, so it is combined with a longer timeline.","Keep the 21-month timeline with a smaller target of about ₹7,11,438.",3613.11,0.2848,,No
CUST0106,53,Retirement,Wallet,4202999.0,57,128326.0,95000.0,33326.0,21600.0,37,0.2597,0.7403,11726.0,73736.82,21600.0,40410.82,0.2929,0.452,195,127,False,NEEDS_ADJUSTMENT,HIGH,COMBINED,"Cut expenses by ₹21,546 (23%) and extend the timeline to 77 months (6 yr 5 mo).","A realistic expense cut alone does not close the ₹40,411 gap, so it is combined with a longer timeline.","Keep the 57-month timeline with a smaller target of about ₹18,99,582.",21546.2,0.0117,,No
CUST0107,29,Travel,Mixed,216296.0,14,78749.0,39500.0,39249.0,2200.0,59,0.4984,0.5016,37049.0,15449.71,2200.0,13249.71,0.1424,2.5404,99,6,True,AT_RISK,MEDIUM,INCREASE_CONTRIBUTION,"Increase the monthly goal contribution by ₹13,250 (to ₹15,450).","This uses 36% of the ₹37,049 surplus that is currently not invested, so no spending cut is strictly required.",Keep the current contribution and extend the timeline to 99 months (8 yr 3 mo).,0.0,0.4879,,Yes
CUST0108,37,Vehicle,UPI,522159.0,29,76011.0,45800.0,30211.0,7000.0,30,0.3975,0.6025,23211.0,18005.48,7000.0,11005.48,0.3888,1.6779,75,18,True,AT_RISK,MEDIUM,INCREASE_CONTRIBUTION,"Increase the monthly goal contribution by ₹11,005 (to ₹18,005).","This uses 47% of the ₹23,211 surplus that is currently not invested, so no spending cut is strictly required.",Keep the current contribution and extend the timeline to 75 months (6 yr 3 mo).,2291.3,0.6421,,Yes
CUST0109,46,Emergency Fund,Mixed,54316.0,14,169334.0,83700.0,85634.0,24200.0,39,0.5057,0.4943,61434.0,3879.71,24200.0,0.0,6.2376,22.0722,3,1,True,ON_TRACK,LOW,MAINTAIN,"Maintain the current ₹24,200 monthly investment.","It already covers the ₹3,880 required (624% coverage).","Optionally reach the goal in 1 months by directing the full ₹85,634 surplus to it.",0.0,0.9717,,Yes
CUST0110,43,Vehicle,UPI,272993.0,47,46454.0,22400.0,24054.0,1100.0,30,0.5178,0.4822,22954.0,5808.36,1100.0,4708.36,0.1894,4.1413,249,12,True,AT_RISK,MEDIUM,INCREASE_CONTRIBUTION,"Increase the monthly goal contribution by ₹4,708 (to ₹5,808).","This uses 21% of the ₹22,954 surplus that is currently not invested, so no spending cut is strictly required.",Keep the current contribution and extend the timeline to 249 months (20 yr 9 mo).,0.0,0.7308,,No
CUST0111,46,Higher Education,Mixed,957857.0,44,144308.0,43700.0,100608.0,7500.0,32,0.6972,0.3028,93108.0,21769.48,7500.0,14269.48,0.3445,4.6215,128,10,True,AT_RISK,MEDIUM,INCREASE_CONTRIBUTION,"Increase the monthly goal contribution by ₹14,269 (to ₹21,769).","This uses 15% of the ₹93,108 surplus that is currently not invested, so no spending cut is strictly required.",Keep the current contribution and extend the timeline to 128 months (10 yr 8 mo).,0.0,0.9355,,Yes
CUST0112,54,Retirement,Wallet,7077506.0,151,132494.0,110900.0,21594.0,16300.0,37,0.163,0.837,5294.0,46870.9,16300.0,25276.9,0.3478,0.4607,435,328,False,NEEDS_ADJUSTMENT,HIGH,REDUCE_EXPENSES,"Cut monthly expenses by ₹25,277 (22.8% of spending) and invest the full surplus.","That exactly closes the shortfall within the original 151 months. It is well within a realistic cut: bringing the expense ratio down to the dataset median of 57.2% would free up to ₹35,060 a month.","Keep the 151-month timeline with a smaller target of about ₹32,60,694.",35060.43,0.0002,,No
CUST0113,25,Emergency Fund,Card,68169.0,15,77206.0,38000.0,39206.0,9300.0,68,0.5078,0.4922,29906.0,4544.6,9300.0,0.0,2.0464,8.6269,8,2,True,ON_TRACK,LOW,MAINTAIN,"Maintain the current ₹9,300 monthly investment.","It already covers the ₹4,545 required (205% coverage).","Optionally reach the goal in 2 months by directing the full ₹39,206 surplus to it.",0.0,0.4237,,Yes
CUST0114,31,Emergency Fund,Mixed,141844.0,19,27100.0,19700.0,7400.0,4800.0,5,0.2731,0.7269,2600.0,7465.47,4800.0,65.47,0.643,0.9912,30,20,False,NEEDS_ADJUSTMENT,HIGH,REDUCE_EXPENSES,Cut monthly expenses by ₹65 (0.3% of spending) and invest the full surplus.,"That exactly closes the shortfall within the original 19 months. It is well within a realistic cut: bringing the expense ratio down to the dataset median of 57.2% would free up to ₹4,188 a month.","Keep the 19-month timeline with a smaller target of about ₹1,40,600.",4187.96,0.4475,,No
CUST0115,38,Retirement,Mixed,3294377.0,52,141210.0,42400.0,98810.0,26500.0,8,0.6997,0.3003,72310.0,63353.4,26500.0,36853.4,0.4183,1.5597,125,34,True,AT_RISK,MEDIUM,INCREASE_CONTRIBUTION,"Increase the monthly goal contribution by ₹36,853 (to ₹63,353).","This uses 51% of the ₹72,310 surplus that is currently not invested, so no spending cut is strictly required.",Keep the current contribution and extend the timeline to 125 months (10 yr 5 mo).,0.0,0.5538,,Yes
CUST0116,42,Higher Education,Mixed,973695.0,12,117651.0,73900.0,43751.0,18500.0,50,0.3719,0.6281,25251.0,81141.25,18500.0,37390.25,0.228,0.5392,53,23,False,NEEDS_ADJUSTMENT,HIGH,COMBINED,"Cut expenses by ₹6,557 (9%) and extend the timeline to 20 months (1 yr 8 mo).","A realistic expense cut alone does not close the ₹37,390 gap, so it is combined with a longer timeline.","Keep the 12-month timeline with a smaller target of about ₹5,25,012.",6556.57,0.5958,,No
CUST0117,41,Vehicle,Mixed,171073.0,20,51411.0,26700.0,24711.0,8900.0,39,0.4807,0.5193,15811.0,8553.65,8900.0,0.0,1.0405,2.8889,20,7,True,ON_TRACK,LOW,MAINTAIN,"Maintain the current ₹8,900 monthly investment.","It already covers the ₹8,554 required (104% coverage).","Optionally reach the goal in 7 months by directing the full ₹24,711 surplus to it.",0.0,0.6174,,No
CUST0118,27,Home Purchase,Card,1281057.0,48,72731.0,25600.0,47131.0,1300.0,40,0.648,0.352,45831.0,26688.69,1300.0,25388.69,0.0487,1.766,986,28,True,AT_RISK,MEDIUM,INCREASE_CONTRIBUTION,"Increase the monthly goal contribution by ₹25,389 (to ₹26,689).","This uses 55% of the ₹45,831 surplus that is currently not invested, so no spending cut is strictly required.",Keep the current contribution and extend the timeline to 986 months (82 yr 2 mo).,0.0,0.4735,,Yes
CUST0119,48,Travel,UPI,219779.0,11,182131.0,123000.0,59131.0,6200.0,45,0.3247,0.6753,52931.0,19979.91,6200.0,13779.91,0.3103,2.9595,36,4,True,AT_RISK,MEDIUM,INCREASE_CONTRIBUTION,"Increase the monthly goal contribution by ₹13,780 (to ₹19,980).","This uses 26% of the ₹52,931 surplus that is currently not invested, so no spending cut is strictly required.",Keep the current contribution and extend the timeline to 36 months (3 yr).,18748.22,0.9071,,Yes
CUST0120,31,Retirement,Mixed,7090209.0,56,68255.0,31900.0,36355.0,4500.0,10,0.5326,0.4674,31855.0,126610.88,4500.0,90255.88,0.0355,0.2871,1576,196,False,NEEDS_ADJUSTMENT,HIGH,EXTEND_TIMELINE,"Extend the timeline to 196 months (16 yr 4 mo) while investing the full ₹36,355 surplus.","Expenses are already at or below the dataset median ratio, so a longer timeline is the main lever.","Keep the 56-month timeline with a smaller target of about ₹20,35,880.",0.0,0.0006,,No
CUST0121,30,Emergency Fund,UPI,194694.0,22,133002.0,58000.0,75002.0,1900.0,36,0.5639,0.4361,73102.0,8849.73,1900.0,6949.73,0.2147,8.4751,103,3,True,AT_RISK,MEDIUM,INCREASE_CONTRIBUTION,"Increase the monthly goal contribution by ₹6,950 (to ₹8,850).","This uses 10% of the ₹73,102 surplus that is currently not invested, so no spending cut is strictly required.",Keep the current contribution and extend the timeline to 103 months (8 yr 7 mo).,0.0,0.8963,,Yes
CUST0122,44,Emergency Fund,UPI,244457.0,13,132745.0,69900.0,62845.0,4200.0,47,0.4734,0.5266,58645.0,18804.38,4200.0,14604.38,0.2234,3.342,59,4,True,AT_RISK,MEDIUM,INCREASE_CONTRIBUTION,"Increase the monthly goal contribution by ₹14,604 (to ₹18,804).","This uses 25% of the ₹58,645 surplus that is currently not invested, so no spending cut is strictly required.",Keep the current contribution and extend the timeline to 59 months (4 yr 11 mo).,0.0,0.7967,,Yes
CUST0123,53,Emergency Fund,UPI,275029.0,16,117273.0,58000.0,59273.0,14100.0,34,0.5054,0.4946,45173.0,17189.31,14100.0,3089.31,0.8203,3.4482,20,5,True,AT_RISK,MEDIUM,INCREASE_CONTRIBUTION,"Increase the monthly goal contribution by ₹3,089 (to ₹17,189).","This uses 7% of the ₹45,173 surplus that is currently not invested, so no spending cut is strictly required.",Keep the current contribution and extend the timeline to 20 months (1 yr 8 mo).,0.0,0.9151,,Yes
CUST0124,60,Home Purchase,UPI,4987234.0,104,159551.0,83800.0,75751.0,17100.0,41,0.4748,0.5252,58651.0,47954.17,17100.0,30854.17,0.3566,1.5797,292,66,True,AT_RISK,MEDIUM,INCREASE_CONTRIBUTION,"Increase the monthly goal contribution by ₹30,854 (to ₹47,954).","This uses 53% of the ₹58,651 surplus that is currently not invested, so no spending cut is strictly required.",Keep the current contribution and extend the timeline to 292 months (24 yr 4 mo).,0.0,0.0213,"Caution: although the gap is closable on paper, the ML model estimates only 2% likelihood of achievement for similar profiles in the dataset.",No
CUST0125,21,Retirement,Card,2849454.0,40,167764.0,109500.0,58264.0,7500.0,55,0.3473,0.6527,50764.0,71236.35,7500.0,12972.35,0.1053,0.8179,380,49,False,NEEDS_ADJUSTMENT,HIGH,REDUCE_EXPENSES,"Cut monthly expenses by ₹12,972 (11.8% of spending) and invest the full surplus.","That exactly closes the shortfall within the original 40 months. It is well within a realistic cut: bringing the expense ratio down to the dataset median of 57.2% would free up to ₹13,472 a month. High impulse spending suggests discretionary spending is the place to start.","Keep the 40-month timeline with a smaller target of about ₹23,30,560.",13471.89,0.1449,,No
CUST0126,29,Emergency Fund,Card,163216.0,11,28740.0,15600.0,13140.0,1900.0,12,0.4572,0.5428,11240.0,14837.82,1900.0,1697.82,0.1281,0.8856,86,13,False,NEEDS_ADJUSTMENT,HIGH,EXTEND_TIMELINE,"Extend the timeline to 13 months (1 yr 1 mo) while investing the full ₹13,140 surplus.","Expenses are already at or below the dataset median ratio, so a longer timeline is the main lever.","Keep the 11-month timeline with a smaller target of about ₹1,44,540.",0.0,0.6385,,No
CUST0127,47,Emergency Fund,Mixed,169704.0,18,121824.0,48400.0,73424.0,14100.0,20,0.6027,0.3973,59324.0,9428.0,14100.0,0.0,1.4955,7.7879,13,3,True,ON_TRACK,LOW,MAINTAIN,"Maintain the current ₹14,100 monthly investment.","It already covers the ₹9,428 required (150% coverage).","Optionally reach the goal in 3 months by directing the full ₹73,424 surplus to it.",0.0,0.9708,,Yes
CUST0128,60,Emergency Fund,Card,248427.0,19,33106.0,25800.0,7306.0,3800.0,63,0.2207,0.7793,3506.0,13075.11,3800.0,5769.11,0.2906,0.5588,66,35,False,NEEDS_ADJUSTMENT,HIGH,REDUCE_EXPENSES,"Cut monthly expenses by ₹5,769 (22.4% of spending) and invest the full surplus.","That exactly closes the shortfall within the original 19 months. It is well within a realistic cut: bringing the expense ratio down to the dataset median of 57.2% would free up to ₹6,850 a month. High impulse spending suggests discretionary spending is the place to start.","Keep the 19-month timeline with a smaller target of about ₹1,38,814.",6850.13,0.0393,,No
CUST0129,26,Home Purchase,UPI,3914223.0,81,33713.0,27100.0,6613.0,6100.0,46,0.1962,0.8038,513.0,48323.74,6100.0,41710.74,0.1262,0.1368,642,592,False,NEEDS_ADJUSTMENT,HIGH,COMBINED,"Cut expenses by ₹7,803 (29%) and extend the timeline to 272 months (22 yr 8 mo).","A realistic expense cut alone does not close the ₹41,711 gap, so it is combined with a longer timeline.","Keep the 81-month timeline with a smaller target of about ₹5,35,653.",7802.68,0.0016,,No
CUST0130,50,Vehicle,Wallet,554524.0,52,181669.0,80800.0,100869.0,17400.0,51,0.5552,0.4448,83469.0,10663.92,17400.0,0.0,1.6317,9.4589,32,6,True,ON_TRACK,LOW,MAINTAIN,"Maintain the current ₹17,400 monthly investment.","It already covers the ₹10,664 required (163% coverage).","Optionally reach the goal in 6 months by directing the full ₹1,00,869 surplus to it.",0.0,0.9238,,Yes
CUST0131,27,Travel,UPI,75823.0,16,110737.0,27700.0,83037.0,7200.0,29,0.7499,0.2501,75837.0,4738.94,7200.0,0.0,1.5193,17.5223,11,1,True,ON_TRACK,LOW,MAINTAIN,"Maintain the current ₹7,200 monthly investment.","It already covers the ₹4,739 required (152% coverage).","Optionally reach the goal in 1 months by directing the full ₹83,037 surplus to it.",0.0,0.9846,,Yes
CUST0132,29,Home Purchase,Mixed,4371461.0,68,43636.0,27200.0,16436.0,1100.0,31,0.3767,0.6233,15336.0,64286.19,1100.0,47850.19,0.0171,0.2557,3975,266,False,NEEDS_ADJUSTMENT,HIGH,COMBINED,"Cut expenses by ₹2,223 (8%) and extend the timeline to 235 months (19 yr 7 mo).","A realistic expense cut alone does not close the ₹47,850 gap, so it is combined with a longer timeline.","Keep the 68-month timeline with a smaller target of about ₹11,17,648.",2222.75,0.0029,,No
CUST0133,46,Higher Education,Wallet,175653.0,47,167373.0,81800.0,85573.0,27700.0,48,0.5113,0.4887,57873.0,3737.3,27700.0,0.0,7.4118,22.897,7,3,True,ON_TRACK,LOW,MAINTAIN,"Maintain the current ₹27,700 monthly investment.","It already covers the ₹3,737 required (741% coverage).","Optionally reach the goal in 3 months by directing the full ₹85,573 surplus to it.",0.0,0.9735,,Yes
CUST0134,49,Home Purchase,Mixed,1293267.0,32,70979.0,41200.0,29779.0,9900.0,43,0.4195,0.5805,19879.0,40414.59,9900.0,10635.59,0.245,0.7368,131,44,False,NEEDS_ADJUSTMENT,HIGH,COMBINED,Cut expenses by ₹572 (1%) and extend the timeline to 43 months (3 yr 7 mo).,"A realistic expense cut alone does not close the ₹10,636 gap, so it is combined with a longer timeline.","Keep the 32-month timeline with a smaller target of about ₹9,52,928.",571.62,0.2644,,No
CUST0135,53,Higher Education,Wallet,408152.0,44,197715.0,94100.0,103615.0,38300.0,39,0.5241,0.4759,65315.0,9276.18,38300.0,0.0,4.1289,11.17,11,4,True,ON_TRACK,LOW,MAINTAIN,"Maintain the current ₹38,300 monthly investment.","It already covers the ₹9,276 required (413% coverage).","Optionally reach the goal in 4 months by directing the full ₹1,03,615 surplus to it.",0.0,0.9871,,Yes
CUST0136,21,Travel,Mixed,173506.0,16,149401.0,114500.0,34901.0,9400.0,41,0.2336,0.7664,25501.0,10844.12,9400.0,1444.12,0.8668,3.2184,19,5,True,AT_RISK,MEDIUM,INCREASE_CONTRIBUTION,"Increase the monthly goal contribution by ₹1,444 (to ₹10,844).","This uses 6% of the ₹25,501 surplus that is currently not invested, so no spending cut is strictly required.",Keep the current contribution and extend the timeline to 19 months (1 yr 7 mo).,28982.87,0.8309,,Yes
CUST0137,59,Vehicle,Mixed,227570.0,38,86159.0,39600.0,46559.0,9000.0,40,0.5404,0.4596,37559.0,5988.68,9000.0,0.0,1.5028,7.7745,26,5,True,ON_TRACK,LOW,MAINTAIN,"Maintain the current ₹9,000 monthly investment.","It already covers the ₹5,989 required (150% coverage).","Optionally reach the goal in 5 months by directing the full ₹46,559 surplus to it.",0.0,0.7838,,Yes
CUST0138,44,Home Purchase,Mixed,2535315.0,38,187413.0,121400.0,66013.0,35000.0,48,0.3522,0.6478,31013.0,66718.82,35000.0,705.82,0.5246,0.9894,73,39,False,NEEDS_ADJUSTMENT,HIGH,REDUCE_EXPENSES,Cut monthly expenses by ₹706 (0.6% of spending) and invest the full surplus.,"That exactly closes the shortfall within the original 38 months. It is well within a realistic cut: bringing the expense ratio down to the dataset median of 57.2% would free up to ₹14,125 a month.","Keep the 38-month timeline with a smaller target of about ₹25,08,494.",14124.8,0.5199,,No
CUST0139,38,Higher Education,Mixed,458580.0,17,119583.0,78300.0,41283.0,8100.0,51,0.3452,0.6548,33183.0,26975.29,8100.0,18875.29,0.3003,1.5304,57,12,True,AT_RISK,MEDIUM,INCREASE_CONTRIBUTION,"Increase the monthly goal contribution by ₹18,875 (to ₹26,975).","This uses 57% of the ₹33,183 surplus that is currently not invested, so no spending cut is strictly required.",Keep the current contribution and extend the timeline to 57 months (4 yr 9 mo).,9850.69,0.6575,,Yes
CUST0140,35,Emergency Fund,UPI,71257.0,16,160634.0,125100.0,35534.0,22400.0,61,0.2212,0.7788,13134.0,4453.56,22400.0,0.0,5.0297,7.9788,4,3,True,ON_TRACK,LOW,MAINTAIN,"Maintain the current ₹22,400 monthly investment.","It already covers the ₹4,454 required (503% coverage).","Optionally reach the goal in 3 months by directing the full ₹35,534 surplus to it.",33153.1,0.8647,,Yes
CUST0141,49,Retirement,Card,7039840.0,168,153163.0,83400.0,69763.0,6600.0,39,0.4555,0.5445,63163.0,41903.81,6600.0,35303.81,0.1575,1.6648,1067,101,True,AT_RISK,MEDIUM,INCREASE_CONTRIBUTION,"Increase the monthly goal contribution by ₹35,304 (to ₹41,904).","This uses 56% of the ₹63,163 surplus that is currently not invested, so no spending cut is strictly required.",Keep the current contribution and extend the timeline to 1067 months (88 yr 11 mo).,0.0,0.0011,"Caution: although the gap is closable on paper, the ML model estimates only 0% likelihood of achievement for similar profiles in the dataset.",No
CUST0142,24,Emergency Fund,UPI,263484.0,14,179512.0,86100.0,93412.0,15700.0,18,0.5204,0.4796,77712.0,18820.29,15700.0,3120.29,0.8342,4.9634,17,3,True,AT_RISK,MEDIUM,INCREASE_CONTRIBUTION,"Increase the monthly goal contribution by ₹3,120 (to ₹18,820).","This uses 4% of the ₹77,712 surplus that is currently not invested, so no spending cut is strictly required.",Keep the current contribution and extend the timeline to 17 months (1 yr 5 mo).,0.0,0.9838,,Yes
CUST0143,34,Emergency Fund,UPI,256984.0,14,36172.0,18300.0,17872.0,4300.0,58,0.4941,0.5059,13572.0,18356.0,4300.0,484.0,0.2343,0.9736,60,15,False,NEEDS_ADJUSTMENT,HIGH,EXTEND_TIMELINE,"Extend the timeline to 15 months (1 yr 3 mo) while investing the full ₹17,872 surplus.","Expenses are already at or below the dataset median ratio, so a longer timeline is the main lever.","Keep the 14-month timeline with a smaller target of about ₹2,50,208.",0.0,0.2,,No
CUST0144,41,Higher Education,Mixed,493908.0,17,79082.0,58000.0,21082.0,6600.0,34,0.2666,0.7334,14482.0,29053.41,6600.0,7971.41,0.2272,0.7256,75,24,False,NEEDS_ADJUSTMENT,HIGH,REDUCE_EXPENSES,"Cut monthly expenses by ₹7,971 (13.7% of spending) and invest the full surplus.","That exactly closes the shortfall within the original 17 months. It is well within a realistic cut: bringing the expense ratio down to the dataset median of 57.2% would free up to ₹12,733 a month.","Keep the 17-month timeline with a smaller target of about ₹3,58,394.",12733.46,0.5056,,No
CUST0145,57,Travel,UPI,127092.0,17,184339.0,140800.0,43539.0,12900.0,35,0.2362,0.7638,30639.0,7476.0,12900.0,0.0,1.7255,5.8238,10,3,True,ON_TRACK,LOW,MAINTAIN,"Maintain the current ₹12,900 monthly investment.","It already covers the ₹7,476 required (173% coverage).","Optionally reach the goal in 3 months by directing the full ₹43,539 surplus to it.",35284.36,0.9705,,Yes
CUST0146,39,Home Purchase,UPI,4088768.0,107,126247.0,104200.0,22047.0,22000.0,24,0.1746,0.8254,47.0,38212.79,22000.0,16165.79,0.5757,0.577,186,186,False,NEEDS_ADJUSTMENT,HIGH,REDUCE_EXPENSES,"Cut monthly expenses by ₹16,166 (15.5% of spending) and invest the full surplus.","That exactly closes the shortfall within the original 107 months. It is well within a realistic cut: bringing the expense ratio down to the dataset median of 57.2% would free up to ₹31,936 a month.","Keep the 107-month timeline with a smaller target of about ₹23,59,029.",31936.22,0.0216,,No
CUST0147,22,Higher Education,UPI,831010.0,36,67120.0,34400.0,32720.0,11000.0,46,0.4875,0.5125,21720.0,23083.61,11000.0,12083.61,0.4765,1.4175,76,26,True,AT_RISK,MEDIUM,INCREASE_CONTRIBUTION,"Increase the monthly goal contribution by ₹12,084 (to ₹23,084).","This uses 56% of the ₹21,720 surplus that is currently not invested, so no spending cut is strictly required.",Keep the current contribution and extend the timeline to 76 months (6 yr 4 mo).,0.0,0.3527,,Yes
CUST0148,46,Emergency Fund,UPI,176152.0,8,25936.0,14800.0,11136.0,1900.0,40,0.4294,0.5706,9236.0,22019.0,1900.0,10883.0,0.0863,0.5057,93,16,False,NEEDS_ADJUSTMENT,HIGH,EXTEND_TIMELINE,"Extend the timeline to 16 months (1 yr 4 mo) while investing the full ₹11,136 surplus.","Expenses are already at or below the dataset median ratio, so a longer timeline is the main lever.","Keep the 8-month timeline with a smaller target of about ₹89,088.",0.0,0.2023,,No
CUST0149,34,Higher Education,Mixed,147101.0,48,52338.0,33100.0,19238.0,6400.0,57,0.3676,0.6324,12838.0,3064.6,6400.0,0.0,2.0884,6.2775,23,8,True,ON_TRACK,LOW,MAINTAIN,"Maintain the current ₹6,400 monthly investment.","It already covers the ₹3,065 required (209% coverage).","Optionally reach the goal in 8 months by directing the full ₹19,238 surplus to it.",3141.73,0.217,"Caution: the ML model estimates only 27% likelihood of achievement for similar profiles, despite the arithmetic being on track.",Yes
CUST0150,53,Retirement,UPI,3623658.0,47,152399.0,89200.0,63199.0,20500.0,46,0.4147,0.5853,42699.0,77099.11,20500.0,13900.11,0.2659,0.8197,177,58,False,NEEDS_ADJUSTMENT,HIGH,COMBINED,"Cut expenses by ₹1,967 (2%) and extend the timeline to 56 months (4 yr 8 mo).","A realistic expense cut alone does not close the ₹13,900 gap, so it is combined with a longer timeline.","Keep the 47-month timeline with a smaller target of about ₹29,70,353.",1966.81,0.0691,,No
CUST0151,32,Home Purchase,Card,1506267.0,77,23696.0,18500.0,5196.0,4000.0,18,0.2193,0.7807,1196.0,19561.91,4000.0,14365.91,0.2045,0.2656,377,290,False,NEEDS_ADJUSTMENT,HIGH,COMBINED,"Cut expenses by ₹4,936 (27%) and extend the timeline to 149 months (12 yr 5 mo).","A realistic expense cut alone does not close the ₹14,366 gap, so it is combined with a longer timeline.","Keep the 77-month timeline with a smaller target of about ₹4,00,092.",4936.41,0.0451,,No
CUST0152,25,Higher Education,Mixed,453650.0,27,169447.0,128700.0,40747.0,17800.0,33,0.2405,0.7595,22947.0,16801.85,17800.0,0.0,1.0594,2.4251,26,12,True,ON_TRACK,LOW,MAINTAIN,"Maintain the current ₹17,800 monthly investment.","It already covers the ₹16,802 required (106% coverage).","Optionally reach the goal in 12 months (1 yr) by directing the full ₹40,747 surplus to it.",31708.54,0.8531,,No
CUST0153,57,Vehicle,UPI,850602.0,36,166166.0,116500.0,49666.0,11500.0,52,0.2989,0.7011,38166.0,23627.83,11500.0,12127.83,0.4867,2.102,74,18,True,AT_RISK,MEDIUM,INCREASE_CONTRIBUTION,"Increase the monthly goal contribution by ₹12,128 (to ₹23,628).","This uses 32% of the ₹38,166 surplus that is currently not invested, so no spending cut is strictly required.",Keep the current contribution and extend the timeline to 74 months (6 yr 2 mo).,21386.58,0.6851,,No
CUST0154,57,Higher Education,Card,743358.0,14,32967.0,18000.0,14967.0,2000.0,54,0.454,0.546,12967.0,53097.0,2000.0,38130.0,0.0377,0.2819,372,50,False,NEEDS_ADJUSTMENT,HIGH,EXTEND_TIMELINE,"Extend the timeline to 50 months (4 yr 2 mo) while investing the full ₹14,967 surplus.","Expenses are already at or below the dataset median ratio, so a longer timeline is the main lever.","Keep the 14-month timeline with a smaller target of about ₹2,09,538.",0.0,0.0816,,No
CUST0155,51,Emergency Fund,UPI,88288.0,13,197739.0,105100.0,92639.0,8800.0,30,0.4685,0.5315,83839.0,6791.38,8800.0,0.0,1.2958,13.6407,11,1,True,ON_TRACK,LOW,MAINTAIN,"Maintain the current ₹8,800 monthly investment.","It already covers the ₹6,791 required (130% coverage).","Optionally reach the goal in 1 months by directing the full ₹92,639 surplus to it.",0.0,0.9762,,Yes
CUST0156,54,Retirement,UPI,5616348.0,38,113192.0,62500.0,50692.0,11300.0,57,0.4478,0.5522,39392.0,147798.63,11300.0,97106.63,0.0765,0.343,498,111,False,NEEDS_ADJUSTMENT,HIGH,EXTEND_TIMELINE,"Extend the timeline to 111 months (9 yr 3 mo) while investing the full ₹50,692 surplus.","Expenses are already at or below the dataset median ratio, so a longer timeline is the main lever.","Keep the 38-month timeline with a smaller target of about ₹19,26,296.",0.0,0.0011,,No
CUST0157,52,Retirement,UPI,6325063.0,170,47381.0,29700.0,17681.0,600.0,64,0.3732,0.6268,17081.0,37206.25,600.0,19525.25,0.0161,0.4752,10542,358,False,NEEDS_ADJUSTMENT,HIGH,COMBINED,"Cut expenses by ₹2,579 (9%) and extend the timeline to 313 months (26 yr 1 mo).","A realistic expense cut alone does not close the ₹19,525 gap, so it is combined with a longer timeline. High impulse spending suggests discretionary spending is the place to start.","Keep the 170-month timeline with a smaller target of about ₹30,05,770.",2579.12,0.0,,No
CUST0158,52,Vehicle,Mixed,354168.0,57,199120.0,163300.0,35820.0,20900.0,56,0.1799,0.8201,14920.0,6213.47,20900.0,0.0,3.3637,5.7649,17,10,True,ON_TRACK,LOW,MAINTAIN,"Maintain the current ₹20,900 monthly investment.","It already covers the ₹6,213 required (336% coverage).","Optionally reach the goal in 10 months by directing the full ₹35,820 surplus to it.",49323.71,0.8882,,No
CUST0159,48,Home Purchase,UPI,3160784.0,65,153620.0,105300.0,48320.0,10500.0,23,0.3145,0.6855,37820.0,48627.45,10500.0,307.45,0.2159,0.9937,302,66,False,NEEDS_ADJUSTMENT,HIGH,REDUCE_EXPENSES,Cut monthly expenses by ₹307 (0.3% of spending) and invest the full surplus.,"That exactly closes the shortfall within the original 65 months. It is well within a realistic cut: bringing the expense ratio down to the dataset median of 57.2% would free up to ₹17,368 a month.","Keep the 65-month timeline with a smaller target of about ₹31,40,800.",17367.91,0.2281,,No
CUST0160,34,Emergency Fund,Card,182470.0,12,80293.0,34700.0,45593.0,3000.0,43,0.5678,0.4322,42593.0,15205.83,3000.0,12205.83,0.1973,2.9984,61,5,True,AT_RISK,MEDIUM,INCREASE_CONTRIBUTION,"Increase the monthly goal contribution by ₹12,206 (to ₹15,206).","This uses 29% of the ₹42,593 surplus that is currently not invested, so no spending cut is strictly required.",Keep the current contribution and extend the timeline to 61 months (5 yr 1 mo).,0.0,0.7058,,No
CUST0161,27,Emergency Fund,UPI,207247.0,16,152404.0,71100.0,81304.0,19400.0,13,0.5335,0.4665,61904.0,12952.94,19400.0,0.0,1.4977,6.2769,11,3,True,ON_TRACK,LOW,MAINTAIN,"Maintain the current ₹19,400 monthly investment.","It already covers the ₹12,953 required (150% coverage).","Optionally reach the goal in 3 months by directing the full ₹81,304 surplus to it.",0.0,0.9815,,Yes
CUST0162,40,Emergency Fund,UPI,132684.0,8,93241.0,49200.0,44041.0,14900.0,51,0.4723,0.5277,29141.0,16585.5,14900.0,1685.5,0.8984,2.6554,9,4,True,AT_RISK,MEDIUM,INCREASE_CONTRIBUTION,"Increase the monthly goal contribution by ₹1,686 (to ₹16,586).","This uses 6% of the ₹29,141 surplus that is currently not invested, so no spending cut is strictly required.",Keep the current contribution and extend the timeline to 9 months.,0.0,0.6586,,Yes
CUST0163,51,Higher Education,Wallet,778385.0,15,176783.0,134600.0,42183.0,6600.0,19,0.2386,0.7614,35583.0,51892.33,6600.0,9709.33,0.1272,0.8129,118,19,False,NEEDS_ADJUSTMENT,HIGH,REDUCE_EXPENSES,"Cut monthly expenses by ₹9,709 (7.2% of spending) and invest the full surplus.","That exactly closes the shortfall within the original 15 months. It is well within a realistic cut: bringing the expense ratio down to the dataset median of 57.2% would free up to ₹33,409 a month.","Keep the 15-month timeline with a smaller target of about ₹6,32,745.",33409.41,0.8591,"Note: similar profiles achieved this kind of goal 80% of the time per the ML model, but the plan still needs adjustment on current numbers.",Yes
CUST0164,59,Home Purchase,UPI,3631055.0,90,115218.0,78300.0,36918.0,20700.0,49,0.3204,0.6796,16218.0,40345.06,20700.0,3427.06,0.5131,0.9151,176,99,False,NEEDS_ADJUSTMENT,HIGH,REDUCE_EXPENSES,"Cut monthly expenses by ₹3,427 (4.4% of spending) and invest the full surplus.","That exactly closes the shortfall within the original 90 months. It is well within a realistic cut: bringing the expense ratio down to the dataset median of 57.2% would free up to ₹12,349 a month.","Keep the 90-month timeline with a smaller target of about ₹33,22,620.",12349.22,0.0156,,No
CUST0165,30,Vehicle,UPI,654906.0,24,37925.0,27100.0,10825.0,7500.0,54,0.2854,0.7146,3325.0,27287.75,7500.0,16462.75,0.2748,0.3967,88,61,False,NEEDS_ADJUSTMENT,HIGH,COMBINED,"Cut expenses by ₹5,392 (20%) and extend the timeline to 41 months (3 yr 5 mo).","A realistic expense cut alone does not close the ₹16,463 gap, so it is combined with a longer timeline. High impulse spending suggests discretionary spending is the place to start.","Keep the 24-month timeline with a smaller target of about ₹2,59,800.",5391.73,0.1098,,No
CUST0166,47,Emergency Fund,UPI,113696.0,24,86208.0,43700.0,42508.0,12700.0,38,0.4931,0.5069,29808.0,4737.33,12700.0,0.0,2.6808,8.973,9,3,True,ON_TRACK,LOW,MAINTAIN,"Maintain the current ₹12,700 monthly investment.","It already covers the ₹4,737 required (268% coverage).","Optionally reach the goal in 3 months by directing the full ₹42,508 surplus to it.",0.0,0.7836,,Yes
CUST0167,34,Home Purchase,Wallet,3137355.0,30,158320.0,59800.0,98520.0,12600.0,17,0.6223,0.3777,85920.0,104578.5,12600.0,6058.5,0.1205,0.9421,249,32,False,NEEDS_ADJUSTMENT,HIGH,EXTEND_TIMELINE,"Extend the timeline to 32 months (2 yr 8 mo) while investing the full ₹98,520 surplus.","Expenses are already at or below the dataset median ratio, so a longer timeline is the main lever.","Keep the 30-month timeline with a smaller target of about ₹29,55,600.",0.0,0.6006,"Note: similar profiles achieved this kind of goal 65% of the time per the ML model, but the plan still needs adjustment on current numbers.",Yes
CUST0168,43,Home Purchase,Wallet,4286668.0,95,165301.0,88700.0,76601.0,22200.0,29,0.4634,0.5366,54401.0,45122.82,22200.0,22922.82,0.492,1.6976,194,56,True,AT_RISK,MEDIUM,INCREASE_CONTRIBUTION,"Increase the monthly goal contribution by ₹22,923 (to ₹45,123).","This uses 42% of the ₹54,401 surplus that is currently not invested, so no spending cut is strictly required.",Keep the current contribution and extend the timeline to 194 months (16 yr 2 mo).,0.0,0.0676,"Caution: although the gap is closable on paper, the ML model estimates only 7% likelihood of achievement for similar profiles in the dataset.",No
CUST0169,25,Emergency Fund,Card,82773.0,8,27332.0,17800.0,9532.0,2100.0,53,0.3487,0.6513,7432.0,10346.62,2100.0,814.62,0.203,0.9213,40,9,False,NEEDS_ADJUSTMENT,HIGH,REDUCE_EXPENSES,Cut monthly expenses by ₹815 (4.6% of spending) and invest the full surplus.,"That exactly closes the shortfall within the original 8 months. It is well within a realistic cut: bringing the expense ratio down to the dataset median of 57.2% would free up to ₹2,155 a month. High impulse spending suggests discretionary spending is the place to start.","Keep the 8-month timeline with a smaller target of about ₹76,256.",2155.16,0.1677,,No
CUST0170,41,Vehicle,Card,572667.0,24,20559.0,15500.0,5059.0,1600.0,42,0.2461,0.7539,3459.0,23861.12,1600.0,18802.12,0.0671,0.212,358,114,False,NEEDS_ADJUSTMENT,HIGH,COMBINED,"Cut expenses by ₹3,732 (24%) and extend the timeline to 66 months (5 yr 6 mo).","A realistic expense cut alone does not close the ₹18,802 gap, so it is combined with a longer timeline.","Keep the 24-month timeline with a smaller target of about ₹1,21,416.",3732.03,0.1098,,No
CUST0171,34,Vehicle,UPI,174028.0,28,45225.0,29300.0,15925.0,7200.0,17,0.3521,0.6479,8725.0,6215.29,7200.0,0.0,1.1584,2.5622,25,11,True,ON_TRACK,LOW,MAINTAIN,"Maintain the current ₹7,200 monthly investment.","It already covers the ₹6,215 required (116% coverage).","Optionally reach the goal in 11 months by directing the full ₹15,925 surplus to it.",3413.21,0.7465,,Yes
CUST0172,44,Home Purchase,UPI,1702643.0,90,149333.0,103400.0,45933.0,6500.0,43,0.3076,0.6924,39433.0,18918.26,6500.0,12418.26,0.3436,2.428,262,38,True,AT_RISK,MEDIUM,INCREASE_CONTRIBUTION,"Increase the monthly goal contribution by ₹12,418 (to ₹18,918).","This uses 31% of the ₹39,433 surplus that is currently not invested, so no spending cut is strictly required.",Keep the current contribution and extend the timeline to 262 months (21 yr 10 mo).,17921.79,0.2672,"Caution: although the gap is closable on paper, the ML model estimates only 29% likelihood of achievement for similar profiles in the dataset.",No
CUST0173,40,Emergency Fund,UPI,68530.0,17,56624.0,29000.0,27624.0,11000.0,49,0.4878,0.5122,16624.0,4031.18,11000.0,0.0,2.7287,6.8526,7,3,True,ON_TRACK,LOW,MAINTAIN,"Maintain the current ₹11,000 monthly investment.","It already covers the ₹4,031 required (273% coverage).","Optionally reach the goal in 3 months by directing the full ₹27,624 surplus to it.",0.0,0.4873,,No
CUST0174,32,Retirement,Wallet,2770996.0,46,81807.0,43000.0,38807.0,14700.0,28,0.4744,0.5256,24107.0,60239.04,14700.0,21432.04,0.244,0.6442,189,72,False,NEEDS_ADJUSTMENT,HIGH,EXTEND_TIMELINE,"Extend the timeline to 72 months (6 yr) while investing the full ₹38,807 surplus.","Expenses are already at or below the dataset median ratio, so a longer timeline is the main lever.","Keep the 46-month timeline with a smaller target of about ₹17,85,122.",0.0,0.0913,,No
CUST0175,39,Emergency Fund,UPI,69136.0,17,100698.0,58900.0,41798.0,8000.0,31,0.4151,0.5849,33798.0,4066.82,8000.0,0.0,1.9671,10.2778,9,2,True,ON_TRACK,LOW,MAINTAIN,"Maintain the current ₹8,000 monthly investment.","It already covers the ₹4,067 required (197% coverage).","Optionally reach the goal in 2 months by directing the full ₹41,798 surplus to it.",1260.46,0.8524,,Yes
CUST0176,46,Vehicle,UPI,576332.0,22,33463.0,17100.0,16363.0,3500.0,54,0.489,0.511,12863.0,26196.91,3500.0,9833.91,0.1336,0.6246,165,36,False,NEEDS_ADJUSTMENT,HIGH,EXTEND_TIMELINE,"Extend the timeline to 36 months (3 yr) while investing the full ₹16,363 surplus.","Expenses are already at or below the dataset median ratio, so a longer timeline is the main lever.","Keep the 22-month timeline with a smaller target of about ₹3,59,986.",0.0,0.161,,No
CUST0177,52,Travel,UPI,103897.0,18,157985.0,98100.0,59885.0,10500.0,21,0.3791,0.6209,49385.0,5772.06,10500.0,0.0,1.8191,10.375,10,2,True,ON_TRACK,LOW,MAINTAIN,"Maintain the current ₹10,500 monthly investment.","It already covers the ₹5,772 required (182% coverage).","Optionally reach the goal in 2 months by directing the full ₹59,885 surplus to it.",7669.39,0.9787,,Yes
CUST0178,23,Emergency Fund,Card,257219.0,23,26161.0,16100.0,10061.0,3500.0,49,0.3846,0.6154,6561.0,11183.43,3500.0,1122.43,0.313,0.8996,74,26,False,NEEDS_ADJUSTMENT,HIGH,REDUCE_EXPENSES,"Cut monthly expenses by ₹1,122 (7.0% of spending) and invest the full surplus.","That exactly closes the shortfall within the original 23 months. It is well within a realistic cut: bringing the expense ratio down to the dataset median of 57.2% would free up to ₹1,125 a month.","Keep the 23-month timeline with a smaller target of about ₹2,31,403.",1125.44,0.1788,,Yes
CUST0179,41,Emergency Fund,UPI,228762.0,12,79098.0,32700.0,46398.0,8900.0,64,0.5866,0.4134,37498.0,19063.5,8900.0,10163.5,0.4669,2.4339,26,5,True,AT_RISK,MEDIUM,INCREASE_CONTRIBUTION,"Increase the monthly goal contribution by ₹10,164 (to ₹19,064).","This uses 27% of the ₹37,498 surplus that is currently not invested, so no spending cut is strictly required.",Keep the current contribution and extend the timeline to 26 months (2 yr 2 mo).,0.0,0.4904,,No
CUST0180,46,Higher Education,UPI,799173.0,17,96416.0,75500.0,20916.0,14600.0,38,0.2169,0.7831,6316.0,47010.18,14600.0,26094.18,0.3106,0.4449,55,39,False,NEEDS_ADJUSTMENT,HIGH,COMBINED,"Cut expenses by ₹20,311 (27%) and extend the timeline to 20 months (1 yr 8 mo).","A realistic expense cut alone does not close the ₹26,094 gap, so it is combined with a longer timeline.","Keep the 17-month timeline with a smaller target of about ₹3,55,572.",20311.48,0.341,,Yes
CUST0181,48,Travel,Card,175065.0,18,53707.0,23700.0,30007.0,3800.0,5,0.5587,0.4413,26207.0,9725.83,3800.0,5925.83,0.3907,3.0853,47,6,True,AT_RISK,MEDIUM,INCREASE_CONTRIBUTION,"Increase the monthly goal contribution by ₹5,926 (to ₹9,726).","This uses 23% of the ₹26,207 surplus that is currently not invested, so no spending cut is strictly required.",Keep the current contribution and extend the timeline to 47 months (3 yr 11 mo).,0.0,0.8733,,Yes
CUST0182,51,Emergency Fund,UPI,249762.0,18,45891.0,32700.0,13191.0,9100.0,29,0.2874,0.7126,4091.0,13875.67,9100.0,684.67,0.6558,0.9507,28,19,False,NEEDS_ADJUSTMENT,HIGH,REDUCE_EXPENSES,Cut monthly expenses by ₹685 (2.1% of spending) and invest the full surplus.,"That exactly closes the shortfall within the original 18 months. It is well within a realistic cut: bringing the expense ratio down to the dataset median of 57.2% would free up to ₹6,432 a month.","Keep the 18-month timeline with a smaller target of about ₹2,37,438.",6431.99,0.5184,,No
CUST0183,34,Emergency Fund,UPI,56241.0,21,183163.0,88100.0,95063.0,2000.0,53,0.519,0.481,93063.0,2678.14,2000.0,678.14,0.7468,35.4959,29,1,True,AT_RISK,MEDIUM,INCREASE_CONTRIBUTION,"Increase the monthly goal contribution by ₹678 (to ₹2,678).","This uses 1% of the ₹93,063 surplus that is currently not invested, so no spending cut is strictly required.",Keep the current contribution and extend the timeline to 29 months (2 yr 5 mo).,0.0,0.9436,,Yes
CUST0184,38,Emergency Fund,UPI,97897.0,16,192045.0,112700.0,79345.0,20400.0,64,0.4132,0.5868,58945.0,6118.56,20400.0,0.0,3.3341,12.9679,5,2,True,ON_TRACK,LOW,MAINTAIN,"Maintain the current ₹20,400 monthly investment.","It already covers the ₹6,119 required (333% coverage).","Optionally reach the goal in 2 months by directing the full ₹79,345 surplus to it.",2773.44,0.9379,,Yes
CUST0185,60,Vehicle,Mixed,934069.0,26,93519.0,52100.0,41419.0,14300.0,57,0.4429,0.5571,27119.0,35925.73,14300.0,21625.73,0.398,1.1529,66,23,True,AT_RISK,MEDIUM,INCREASE_CONTRIBUTION,"Increase the monthly goal contribution by ₹21,626 (to ₹35,926).","This uses 80% of the ₹27,119 surplus that is currently not invested, so no spending cut is strictly required.",Keep the current contribution and extend the timeline to 66 months (5 yr 6 mo).,0.0,0.3546,,Yes
CUST0186,34,Home Purchase,UPI,2915457.0,90,82198.0,24700.0,57498.0,12100.0,53,0.6995,0.3005,45398.0,32393.97,12100.0,20293.97,0.3735,1.775,241,51,True,AT_RISK,MEDIUM,INCREASE_CONTRIBUTION,"Increase the monthly goal contribution by ₹20,294 (to ₹32,394).","This uses 45% of the ₹45,398 surplus that is currently not invested, so no spending cut is strictly required.",Keep the current contribution and extend the timeline to 241 months (20 yr 1 mo).,0.0,0.0856,"Caution: although the gap is closable on paper, the ML model estimates only 8% likelihood of achievement for similar profiles in the dataset.",No
CUST0187,29,Home Purchase,Mixed,1512644.0,48,172444.0,106200.0,66244.0,16900.0,36,0.3841,0.6159,49344.0,31513.42,16900.0,14613.42,0.5363,2.1021,90,23,True,AT_RISK,MEDIUM,INCREASE_CONTRIBUTION,"Increase the monthly goal contribution by ₹14,613 (to ₹31,513).","This uses 30% of the ₹49,344 surplus that is currently not invested, so no spending cut is strictly required.",Keep the current contribution and extend the timeline to 90 months (7 yr 6 mo).,7493.05,0.6334,,No
CUST0188,60,Vehicle,UPI,837250.0,16,145517.0,58500.0,87017.0,24000.0,50,0.598,0.402,63017.0,52328.12,24000.0,28328.12,0.4586,1.6629,35,10,True,AT_RISK,MEDIUM,INCREASE_CONTRIBUTION,"Increase the monthly goal contribution by ₹28,328 (to ₹52,328).","This uses 45% of the ₹63,017 surplus that is currently not invested, so no spending cut is strictly required.",Keep the current contribution and extend the timeline to 35 months (2 yr 11 mo).,0.0,0.8721,,Yes
CUST0189,41,Emergency Fund,UPI,182343.0,23,84830.0,21200.0,63630.0,16100.0,39,0.7501,0.2499,47530.0,7927.96,16100.0,0.0,2.0308,8.026,12,3,True,ON_TRACK,LOW,MAINTAIN,"Maintain the current ₹16,100 monthly investment.","It already covers the ₹7,928 required (203% coverage).","Optionally reach the goal in 3 months by directing the full ₹63,630 surplus to it.",0.0,0.8788,,Yes
CUST0190,36,Retirement,Wallet,2443692.0,90,145342.0,108400.0,36942.0,18100.0,33,0.2542,0.7458,18842.0,27152.13,18100.0,9052.13,0.6666,1.3606,136,67,True,AT_RISK,MEDIUM,INCREASE_CONTRIBUTION,"Increase the monthly goal contribution by ₹9,052 (to ₹27,152).","This uses 48% of the ₹18,842 surplus that is currently not invested, so no spending cut is strictly required.",Keep the current contribution and extend the timeline to 136 months (11 yr 4 mo).,25206.24,0.1336,"Caution: although the gap is closable on paper, the ML model estimates only 13% likelihood of achievement for similar profiles in the dataset.",No
CUST0191,21,Home Purchase,UPI,1720029.0,109,124034.0,58100.0,65934.0,22000.0,44,0.5316,0.4684,43934.0,15780.08,22000.0,0.0,1.3942,4.1783,79,27,True,ON_TRACK,LOW,MAINTAIN,"Maintain the current ₹22,000 monthly investment.","It already covers the ₹15,780 required (139% coverage).","Optionally reach the goal in 27 months (2 yr 3 mo) by directing the full ₹65,934 surplus to it.",0.0,0.5605,,Yes
CUST0192,57,Vehicle,UPI,801516.0,12,199532.0,59200.0,140332.0,8100.0,35,0.7033,0.2967,132232.0,66793.0,8100.0,58693.0,0.1213,2.101,99,6,True,AT_RISK,MEDIUM,INCREASE_CONTRIBUTION,"Increase the monthly goal contribution by ₹58,693 (to ₹66,793).","This uses 44% of the ₹1,32,232 surplus that is currently not invested, so no spending cut is strictly required.",Keep the current contribution and extend the timeline to 99 months (8 yr 3 mo).,0.0,0.9624,,Yes
CUST0193,60,Home Purchase,UPI,2236155.0,67,41674.0,38300.0,3374.0,2500.0,52,0.081,0.919,874.0,33375.45,2500.0,30001.45,0.0749,0.1011,895,663,False,NEEDS_ADJUSTMENT,HIGH,COMBINED,"Cut expenses by ₹14,446 (38%) and extend the timeline to 126 months (10 yr 6 mo).","A realistic expense cut alone does not close the ₹30,001 gap, so it is combined with a longer timeline. High impulse spending suggests discretionary spending is the place to start.","Keep the 67-month timeline with a smaller target of about ₹2,26,058.",14445.8,0.0025,,No
CUST0194,36,Retirement,Wallet,2174593.0,77,139016.0,99000.0,40016.0,24300.0,48,0.2879,0.7121,15716.0,28241.47,24300.0,3941.47,0.8604,1.4169,90,55,True,AT_RISK,MEDIUM,INCREASE_CONTRIBUTION,"Increase the monthly goal contribution by ₹3,941 (to ₹28,241).","This uses 25% of the ₹15,716 surplus that is currently not invested, so no spending cut is strictly required.",Keep the current contribution and extend the timeline to 90 months (7 yr 6 mo).,19427.24,0.184,"Caution: although the gap is closable on paper, the ML model estimates only 19% likelihood of achievement for similar profiles in the dataset.",No
CUST0195,60,Vehicle,Card,535988.0,52,166599.0,86100.0,80499.0,7500.0,35,0.4832,0.5168,72999.0,10307.46,7500.0,2807.46,0.7276,7.8098,72,7,True,AT_RISK,MEDIUM,INCREASE_CONTRIBUTION,"Increase the monthly goal contribution by ₹2,807 (to ₹10,307).","This uses 4% of the ₹72,999 surplus that is currently not invested, so no spending cut is strictly required.",Keep the current contribution and extend the timeline to 72 months (6 yr).,0.0,0.9212,,Yes
CUST0196,32,Travel,UPI,276055.0,7,26268.0,12000.0,14268.0,3900.0,5,0.5432,0.4568,10368.0,39436.43,3900.0,25168.43,0.0989,0.3618,71,20,False,NEEDS_ADJUSTMENT,HIGH,EXTEND_TIMELINE,"Extend the timeline to 20 months (1 yr 8 mo) while investing the full ₹14,268 surplus.","Expenses are already at or below the dataset median ratio, so a longer timeline is the main lever.","Keep the 7-month timeline with a smaller target of about ₹99,876.",0.0,0.8209,"Note: similar profiles achieved this kind of goal 83% of the time per the ML model, but the plan still needs adjustment on current numbers.",Yes
CUST0197,35,Home Purchase,Card,2677499.0,104,136884.0,87900.0,48984.0,26000.0,38,0.3579,0.6421,22984.0,25745.18,26000.0,0.0,1.0099,1.9026,103,55,True,ON_TRACK,LOW,MAINTAIN,"Maintain the current ₹26,000 monthly investment.","It already covers the ₹25,745 required (101% coverage).","Optionally reach the goal in 55 months (4 yr 7 mo) by directing the full ₹48,984 surplus to it.",9547.6,0.1926,"Caution: the ML model estimates only 19% likelihood of achievement for similar profiles, despite the arithmetic being on track.",No
CUST0198,43,Emergency Fund,UPI,250727.0,23,41311.0,10300.0,31011.0,5600.0,50,0.7507,0.2493,25411.0,10901.17,5600.0,5301.17,0.5137,2.8447,45,9,True,AT_RISK,MEDIUM,INCREASE_CONTRIBUTION,"Increase the monthly goal contribution by ₹5,301 (to ₹10,901).","This uses 21% of the ₹25,411 surplus that is currently not invested, so no spending cut is strictly required.",Keep the current contribution and extend the timeline to 45 months (3 yr 9 mo).,0.0,0.6245,,Yes
CUST0199,35,Emergency Fund,UPI,225010.0,15,46007.0,19300.0,26707.0,2500.0,24,0.5805,0.4195,24207.0,15000.67,2500.0,12500.67,0.1667,1.7804,91,9,True,AT_RISK,MEDIUM,INCREASE_CONTRIBUTION,"Increase the monthly goal contribution by ₹12,501 (to ₹15,001).","This uses 52% of the ₹24,207 surplus that is currently not invested, so no spending cut is strictly required.",Keep the current contribution and extend the timeline to 91 months (7 yr 7 mo).,0.0,0.8125,,Yes
CUST0200,42,Emergency Fund,Mixed,172679.0,24,198088.0,97200.0,100888.0,24400.0,33,0.5093,0.4907,76488.0,7194.96,24400.0,0.0,3.3913,14.022,8,2,True,ON_TRACK,LOW,MAINTAIN,"Maintain the current ₹24,400 monthly investment.","It already covers the ₹7,195 required (339% coverage).","Optionally reach the goal in 2 months by directing the full ₹1,00,888 surplus to it.",0.0,0.991,,Yes
CUST0201,30,Retirement,UPI,5574428.0,159,129921.0,78600.0,51321.0,22900.0,45,0.395,0.605,28421.0,35059.3,22900.0,12159.3,0.6532,1.4638,244,109,True,AT_RISK,MEDIUM,INCREASE_CONTRIBUTION,"Increase the monthly goal contribution by ₹12,159 (to ₹35,059).","This uses 43% of the ₹28,421 surplus that is currently not invested, so no spending cut is strictly required.",Keep the current contribution and extend the timeline to 244 months (20 yr 4 mo).,4233.22,0.0066,"Caution: although the gap is closable on paper, the ML model estimates only 0% likelihood of achievement for similar profiles in the dataset.",No
CUST0202,56,Emergency Fund,UPI,256583.0,13,40560.0,29900.0,10660.0,3900.0,29,0.2628,0.7372,6760.0,19737.15,3900.0,9077.15,0.1976,0.5401,66,25,False,NEEDS_ADJUSTMENT,HIGH,COMBINED,"Cut expenses by ₹6,683 (22%) and extend the timeline to 15 months (1 yr 3 mo).","A realistic expense cut alone does not close the ₹9,077 gap, so it is combined with a longer timeline.","Keep the 13-month timeline with a smaller target of about ₹1,38,580.",6683.46,0.2702,,Yes
CUST0203,40,Vehicle,Mixed,306891.0,26,56760.0,34900.0,21860.0,6100.0,17,0.3851,0.6149,15760.0,11803.5,6100.0,5703.5,0.5168,1.852,51,15,True,AT_RISK,MEDIUM,INCREASE_CONTRIBUTION,"Increase the monthly goal contribution by ₹5,704 (to ₹11,804).","This uses 36% of the ₹15,760 surplus that is currently not invested, so no spending cut is strictly required.",Keep the current contribution and extend the timeline to 51 months (4 yr 3 mo).,2410.58,0.6671,,No
CUST0204,51,Retirement,UPI,2362534.0,105,189807.0,117500.0,72307.0,16100.0,40,0.381,0.619,56207.0,22500.32,16100.0,6400.32,0.7155,3.2136,147,33,True,AT_RISK,MEDIUM,INCREASE_CONTRIBUTION,"Increase the monthly goal contribution by ₹6,400 (to ₹22,500).","This uses 11% of the ₹56,207 surplus that is currently not invested, so no spending cut is strictly required.",Keep the current contribution and extend the timeline to 147 months (12 yr 3 mo).,8854.47,0.5631,,No
CUST0205,55,Emergency Fund,Mixed,203418.0,24,69113.0,30800.0,38313.0,4300.0,56,0.5544,0.4456,34013.0,8475.75,4300.0,4175.75,0.5073,4.5203,48,6,True,AT_RISK,MEDIUM,INCREASE_CONTRIBUTION,"Increase the monthly goal contribution by ₹4,176 (to ₹8,476).","This uses 12% of the ₹34,013 surplus that is currently not invested, so no spending cut is strictly required.",Keep the current contribution and extend the timeline to 48 months (4 yr).,0.0,0.495,,Yes
CUST0206,46,Emergency Fund,Card,72840.0,20,69683.0,35700.0,33983.0,4300.0,30,0.4877,0.5123,29683.0,3642.0,4300.0,0.0,1.1807,9.3309,17,3,True,ON_TRACK,LOW,MAINTAIN,"Maintain the current ₹4,300 monthly investment.","It already covers the ₹3,642 required (118% coverage).","Optionally reach the goal in 3 months by directing the full ₹33,983 surplus to it.",0.0,0.6595,,Yes
CUST0207,33,Emergency Fund,Card,227542.0,16,82829.0,64900.0,17929.0,8900.0,28,0.2165,0.7835,9029.0,14221.38,8900.0,5321.38,0.6258,1.2607,26,13,True,AT_RISK,MEDIUM,INCREASE_CONTRIBUTION,"Increase the monthly goal contribution by ₹5,321 (to ₹14,221).","This uses 59% of the ₹9,029 surplus that is currently not invested, so no spending cut is strictly required.",Keep the current contribution and extend the timeline to 26 months (2 yr 2 mo).,17488.68,0.4647,,No
CUST0208,50,Vehicle,Mixed,382320.0,55,131278.0,82000.0,49278.0,22100.0,31,0.3754,0.6246,27178.0,6951.27,22100.0,0.0,3.1793,7.0891,18,8,True,ON_TRACK,LOW,MAINTAIN,"Maintain the current ₹22,100 monthly investment.","It already covers the ₹6,951 required (318% coverage).","Optionally reach the goal in 8 months by directing the full ₹49,278 surplus to it.",6856.47,0.9251,,Yes
CUST0209,42,Travel,UPI,41533.0,5,49383.0,25200.0,24183.0,2200.0,15,0.4897,0.5103,21983.0,8306.6,2200.0,6106.6,0.2648,2.9113,19,2,True,AT_RISK,MEDIUM,INCREASE_CONTRIBUTION,"Increase the monthly goal contribution by ₹6,107 (to ₹8,307).","This uses 28% of the ₹21,983 surplus that is currently not invested, so no spending cut is strictly required.",Keep the current contribution and extend the timeline to 19 months (1 yr 7 mo).,0.0,0.863,,Yes
CUST0210,38,Higher Education,UPI,196212.0,40,54585.0,34600.0,19985.0,9300.0,28,0.3661,0.6339,10685.0,4905.3,9300.0,0.0,1.8959,4.0742,22,10,True,ON_TRACK,LOW,MAINTAIN,"Maintain the current ₹9,300 monthly investment.","It already covers the ₹4,905 required (190% coverage).","Optionally reach the goal in 10 months by directing the full ₹19,985 surplus to it.",3355.55,0.542,,No
CUST0211,29,Higher Education,Mixed,271846.0,21,114080.0,55500.0,58580.0,15400.0,33,0.5135,0.4865,43180.0,12945.05,15400.0,0.0,1.1896,4.5253,18,5,True,ON_TRACK,LOW,MAINTAIN,"Maintain the current ₹15,400 monthly investment.","It already covers the ₹12,945 required (119% coverage).","Optionally reach the goal in 5 months by directing the full ₹58,580 surplus to it.",0.0,0.8923,,Yes
CUST0212,36,Vehicle,Mixed,988131.0,21,116656.0,70200.0,46456.0,10800.0,69,0.3982,0.6018,35656.0,47053.86,10800.0,597.86,0.2295,0.9873,92,22,False,NEEDS_ADJUSTMENT,HIGH,REDUCE_EXPENSES,Cut monthly expenses by ₹598 (0.9% of spending) and invest the full surplus.,"That exactly closes the shortfall within the original 21 months. It is well within a realistic cut: bringing the expense ratio down to the dataset median of 57.2% would free up to ₹3,426 a month. High impulse spending suggests discretionary spending is the place to start.","Keep the 21-month timeline with a smaller target of about ₹9,75,576.",3426.11,0.3054,,Yes
CUST0213,46,Retirement,UPI,6266942.0,44,55278.0,26500.0,28778.0,10100.0,71,0.5206,0.4794,18678.0,142430.5,10100.0,113652.5,0.0709,0.202,621,218,False,NEEDS_ADJUSTMENT,HIGH,EXTEND_TIMELINE,"Extend the timeline to 218 months (18 yr 2 mo) while investing the full ₹28,778 surplus.","Expenses are already at or below the dataset median ratio, so a longer timeline is the main lever.","Keep the 44-month timeline with a smaller target of about ₹12,66,232.",0.0,0.0001,,No
CUST0214,40,Home Purchase,UPI,2358290.0,109,197317.0,168700.0,28617.0,37900.0,44,0.145,0.855,0.0,21635.69,28617.0,0.0,1.3227,1.3227,83,83,True,ON_TRACK,LOW,MAINTAIN,"Maintain the current ₹28,617 monthly investment.","It already covers the ₹21,636 required (132% coverage).",,55755.75,0.3707,,Yes
CUST0215,57,Retirement,Wallet,7096883.0,39,130237.0,51200.0,79037.0,4500.0,41,0.6069,0.3931,74537.0,181971.36,4500.0,102934.36,0.0247,0.4343,1578,90,False,NEEDS_ADJUSTMENT,HIGH,EXTEND_TIMELINE,"Extend the timeline to 90 months (7 yr 6 mo) while investing the full ₹79,037 surplus.","Expenses are already at or below the dataset median ratio, so a longer timeline is the main lever.","Keep the 39-month timeline with a smaller target of about ₹30,82,443.",0.0,0.0009,,No
CUST0216,48,Emergency Fund,Card,183487.0,9,25246.0,14100.0,11146.0,1700.0,17,0.4415,0.5585,9446.0,20387.44,1700.0,9241.44,0.0834,0.5467,108,17,False,NEEDS_ADJUSTMENT,HIGH,EXTEND_TIMELINE,"Extend the timeline to 17 months (1 yr 5 mo) while investing the full ₹11,146 surplus.","Expenses are already at or below the dataset median ratio, so a longer timeline is the main lever.","Keep the 9-month timeline with a smaller target of about ₹1,00,314.",0.0,0.5833,,Yes
CUST0217,34,Vehicle,UPI,489564.0,36,145813.0,87700.0,58113.0,21300.0,48,0.3985,0.6015,36813.0,13599.0,21300.0,0.0,1.5663,4.2733,23,9,True,ON_TRACK,LOW,MAINTAIN,"Maintain the current ₹21,300 monthly investment.","It already covers the ₹13,599 required (157% coverage).","Optionally reach the goal in 9 months by directing the full ₹58,113 surplus to it.",4236.64,0.8802,,Yes
CUST0218,56,Vehicle,Wallet,443830.0,41,69104.0,53600.0,15504.0,1300.0,33,0.2244,0.7756,14204.0,10825.12,1300.0,9525.12,0.1201,1.4322,342,29,True,AT_RISK,MEDIUM,INCREASE_CONTRIBUTION,"Increase the monthly goal contribution by ₹9,525 (to ₹10,825).","This uses 67% of the ₹14,204 surplus that is currently not invested, so no spending cut is strictly required.",Keep the current contribution and extend the timeline to 342 months (28 yr 6 mo).,14044.87,0.3403,,Yes
CUST0219,35,Vehicle,Wallet,587423.0,29,93887.0,36300.0,57587.0,4700.0,41,0.6134,0.3866,52887.0,20255.97,4700.0,15555.97,0.232,2.843,125,11,True,AT_RISK,MEDIUM,INCREASE_CONTRIBUTION,"Increase the monthly goal contribution by ₹15,556 (to ₹20,256).","This uses 29% of the ₹52,887 surplus that is currently not invested, so no spending cut is strictly required.",Keep the current contribution and extend the timeline to 125 months (10 yr 5 mo).,0.0,0.8152,,Yes
CUST0220,47,Home Purchase,Card,3739092.0,27,53032.0,25900.0,27132.0,2600.0,38,0.5116,0.4884,24532.0,138484.89,2600.0,111352.89,0.0188,0.1959,1439,138,False,NEEDS_ADJUSTMENT,HIGH,EXTEND_TIMELINE,"Extend the timeline to 138 months (11 yr 6 mo) while investing the full ₹27,132 surplus.","Expenses are already at or below the dataset median ratio, so a longer timeline is the main lever.","Keep the 27-month timeline with a smaller target of about ₹7,32,564.",0.0,0.0079,,No
CUST0221,30,Home Purchase,Card,3536594.0,59,144560.0,83300.0,61260.0,10500.0,27,0.4238,0.5762,50760.0,59942.27,10500.0,49442.27,0.1752,1.022,337,58,True,AT_RISK,MEDIUM,INCREASE_CONTRIBUTION,"Increase the monthly goal contribution by ₹49,442 (to ₹59,942).","This uses 97% of the ₹50,760 surplus that is currently not invested, so no spending cut is strictly required.",Keep the current contribution and extend the timeline to 337 months (28 yr 1 mo).,553.86,0.1662,"Caution: although the gap is closable on paper, the ML model estimates only 15% likelihood of achievement for similar profiles in the dataset.",No
CUST0222,43,Emergency Fund,UPI,95682.0,12,40067.0,29000.0,11067.0,600.0,44,0.2762,0.7238,10467.0,7973.5,600.0,7373.5,0.0752,1.388,160,9,True,AT_RISK,MEDIUM,INCREASE_CONTRIBUTION,"Increase the monthly goal contribution by ₹7,374 (to ₹7,974).","This uses 70% of the ₹10,467 surplus that is currently not invested, so no spending cut is strictly required.",Keep the current contribution and extend the timeline to 160 months (13 yr 4 mo).,6065.65,0.292,"Caution: although the gap is closable on paper, the ML model estimates only 22% likelihood of achievement for similar profiles in the dataset.",No
CUST0223,50,Retirement,UPI,4083894.0,102,161152.0,148300.0,12852.0,6500.0,37,0.0798,0.9202,6352.0,40038.18,6500.0,27186.18,0.1623,0.321,629,318,False,NEEDS_ADJUSTMENT,HIGH,REDUCE_EXPENSES,"Cut monthly expenses by ₹27,186 (18.3% of spending) and invest the full surplus.","That exactly closes the shortfall within the original 102 months. It is well within a realistic cut: bringing the expense ratio down to the dataset median of 57.2% would free up to ₹56,057 a month.","Keep the 102-month timeline with a smaller target of about ₹13,10,904.",56056.6,0.0053,,No
CUST0224,52,Travel,Card,63737.0,17,59156.0,28500.0,30656.0,6800.0,37,0.5182,0.4818,23856.0,3749.24,6800.0,0.0,1.8137,8.1766,10,3,True,ON_TRACK,LOW,MAINTAIN,"Maintain the current ₹6,800 monthly investment.","It already covers the ₹3,749 required (181% coverage).","Optionally reach the goal in 3 months by directing the full ₹30,656 surplus to it.",0.0,0.7777,,Yes
CUST0225,48,Emergency Fund,UPI,234806.0,23,126649.0,68200.0,58449.0,5400.0,52,0.4615,0.5385,53049.0,10208.96,5400.0,4808.96,0.5289,5.7253,44,5,True,AT_RISK,MEDIUM,INCREASE_CONTRIBUTION,"Increase the monthly goal contribution by ₹4,809 (to ₹10,209).","This uses 9% of the ₹53,049 surplus that is currently not invested, so no spending cut is strictly required.",Keep the current contribution and extend the timeline to 44 months (3 yr 8 mo).,0.0,0.7661,,No
CUST0226,30,Travel,Wallet,289715.0,17,25285.0,22500.0,2785.0,3800.0,44,0.1101,0.8899,0.0,17042.06,2785.0,14257.06,0.1634,0.1634,105,105,False,NEEDS_ADJUSTMENT,HIGH,COMBINED,"Cut expenses by ₹8,027 (36%) and extend the timeline to 27 months (2 yr 3 mo).","A realistic expense cut alone does not close the ₹14,257 gap, so it is combined with a longer timeline.","Keep the 17-month timeline with a smaller target of about ₹47,345.",8026.87,0.0786,,Yes
CUST0227,22,Higher Education,UPI,516941.0,23,66462.0,39200.0,27262.0,3700.0,34,0.4102,0.5898,23562.0,22475.7,3700.0,18775.7,0.1646,1.213,140,19,True,AT_RISK,MEDIUM,INCREASE_CONTRIBUTION,"Increase the monthly goal contribution by ₹18,776 (to ₹22,476).","This uses 80% of the ₹23,562 surplus that is currently not invested, so no spending cut is strictly required.",Keep the current contribution and extend the timeline to 140 months (11 yr 8 mo).,1157.15,0.445,,No
CUST0228,22,Home Purchase,UPI,3498769.0,34,197965.0,84100.0,113865.0,18500.0,74,0.5752,0.4248,95365.0,102904.97,18500.0,84404.97,0.1798,1.1065,190,31,True,AT_RISK,MEDIUM,INCREASE_CONTRIBUTION,"Increase the monthly goal contribution by ₹84,405 (to ₹1,02,905).","This uses 89% of the ₹95,365 surplus that is currently not invested, so no spending cut is strictly required.",Keep the current contribution and extend the timeline to 190 months (15 yr 10 mo).,0.0,0.1553,"Caution: although the gap is closable on paper, the ML model estimates only 20% likelihood of achievement for similar profiles in the dataset.",No
CUST0229,27,Home Purchase,Mixed,1684819.0,67,105913.0,69500.0,36413.0,12000.0,40,0.3438,0.6562,24413.0,25146.55,12000.0,13146.55,0.4772,1.448,141,47,True,AT_RISK,MEDIUM,INCREASE_CONTRIBUTION,"Increase the monthly goal contribution by ₹13,147 (to ₹25,147).","This uses 54% of the ₹24,413 surplus that is currently not invested, so no spending cut is strictly required.",Keep the current contribution and extend the timeline to 141 months (11 yr 9 mo).,8875.4,0.3329,,Yes
CUST0230,27,Emergency Fund,UPI,296342.0,10,149718.0,88000.0,61718.0,10000.0,37,0.4122,0.5878,51718.0,29634.2,10000.0,19634.2,0.3374,2.0827,30,5,True,AT_RISK,MEDIUM,INCREASE_CONTRIBUTION,"Increase the monthly goal contribution by ₹19,634 (to ₹29,634).","This uses 38% of the ₹51,718 surplus that is currently not invested, so no spending cut is strictly required.",Keep the current contribution and extend the timeline to 30 months (2 yr 6 mo).,2301.42,0.915,,Yes
CUST0231,30,Retirement,UPI,4788497.0,133,104827.0,47000.0,57827.0,21000.0,37,0.5516,0.4484,36827.0,36003.74,21000.0,15003.74,0.5833,1.6061,229,83,True,AT_RISK,MEDIUM,INCREASE_CONTRIBUTION,"Increase the monthly goal contribution by ₹15,004 (to ₹36,004).","This uses 41% of the ₹36,827 surplus that is currently not invested, so no spending cut is strictly required.",Keep the current contribution and extend the timeline to 229 months (19 yr 1 mo).,0.0,0.0154,"Caution: although the gap is closable on paper, the ML model estimates only 1% likelihood of achievement for similar profiles in the dataset.",No
CUST0232,25,Home Purchase,UPI,4648800.0,53,99546.0,67800.0,31746.0,15700.0,47,0.3189,0.6811,16046.0,87713.21,15700.0,55967.21,0.179,0.3619,297,147,False,NEEDS_ADJUSTMENT,HIGH,COMBINED,"Cut expenses by ₹10,820 (16%) and extend the timeline to 110 months (9 yr 2 mo).","A realistic expense cut alone does not close the ₹55,967 gap, so it is combined with a longer timeline.","Keep the 53-month timeline with a smaller target of about ₹16,82,538.",10819.87,0.0034,,No
CUST0233,42,Retirement,Card,3564681.0,68,159948.0,106200.0,53748.0,29000.0,62,0.336,0.664,24748.0,52421.78,29000.0,23421.78,0.5532,1.0253,123,67,True,AT_RISK,MEDIUM,INCREASE_CONTRIBUTION,"Increase the monthly goal contribution by ₹23,422 (to ₹52,422).","This uses 95% of the ₹24,748 surplus that is currently not invested, so no spending cut is strictly required.",Keep the current contribution and extend the timeline to 123 months (10 yr 3 mo).,14645.76,0.0319,"Caution: although the gap is closable on paper, the ML model estimates only 3% likelihood of achievement for similar profiles in the dataset.",No
CUST0234,33,Travel,Card,197983.0,13,30821.0,15700.0,15121.0,1600.0,8,0.4906,0.5094,13521.0,15229.46,1600.0,108.46,0.1051,0.9929,124,14,False,NEEDS_ADJUSTMENT,HIGH,EXTEND_TIMELINE,"Extend the timeline to 14 months (1 yr 2 mo) while investing the full ₹15,121 surplus.","Expenses are already at or below the dataset median ratio, so a longer timeline is the main lever.","Keep the 13-month timeline with a smaller target of about ₹1,96,573.",0.0,0.7886,"Note: similar profiles achieved this kind of goal 81% of the time per the ML model, but the plan still needs adjustment on current numbers.",No
CUST0235,58,Travel,Mixed,230238.0,8,28731.0,21600.0,7131.0,3100.0,31,0.2482,0.7518,4031.0,28779.75,3100.0,21648.75,0.1077,0.2478,75,33,False,NEEDS_ADJUSTMENT,HIGH,COMBINED,"Cut expenses by ₹5,154 (24%) and extend the timeline to 19 months (1 yr 7 mo).","A realistic expense cut alone does not close the ₹21,649 gap, so it is combined with a longer timeline.","Keep the 8-month timeline with a smaller target of about ₹57,048.",5154.38,0.2533,,No
CUST0236,28,Emergency Fund,UPI,217952.0,11,131125.0,46500.0,84625.0,18800.0,31,0.6454,0.3546,65825.0,19813.82,18800.0,1013.82,0.9488,4.271,12,3,True,AT_RISK,MEDIUM,INCREASE_CONTRIBUTION,"Increase the monthly goal contribution by ₹1,014 (to ₹19,814).","This uses 2% of the ₹65,825 surplus that is currently not invested, so no spending cut is strictly required.",Keep the current contribution and extend the timeline to 12 months (1 yr).,0.0,0.9608,,Yes
CUST0237,37,Emergency Fund,UPI,146925.0,13,145285.0,80000.0,65285.0,21900.0,38,0.4494,0.5506,43385.0,11301.92,21900.0,0.0,1.9377,5.7765,7,3,True,ON_TRACK,LOW,MAINTAIN,"Maintain the current ₹21,900 monthly investment.","It already covers the ₹11,302 required (194% coverage).","Optionally reach the goal in 3 months by directing the full ₹65,285 surplus to it.",0.0,0.9549,,No
CUST0238,31,Travel,Wallet,53337.0,3,26322.0,15300.0,11022.0,4600.0,43,0.4187,0.5813,6422.0,17779.0,4600.0,6757.0,0.2587,0.6199,12,5,False,NEEDS_ADJUSTMENT,HIGH,COMBINED,Cut expenses by ₹233 (2%) and extend the timeline to 5 months.,"A realistic expense cut alone does not close the ₹6,757 gap, so it is combined with a longer timeline.","Keep the 3-month timeline with a smaller target of about ₹33,066.",233.29,0.4072,,No
CUST0239,46,Vehicle,Mixed,1084972.0,49,61408.0,48500.0,12908.0,10000.0,55,0.2102,0.7898,2908.0,22142.29,10000.0,9234.29,0.4516,0.583,109,85,False,NEEDS_ADJUSTMENT,HIGH,REDUCE_EXPENSES,"Cut monthly expenses by ₹9,234 (19.0% of spending) and invest the full surplus.","That exactly closes the shortfall within the original 49 months. It is well within a realistic cut: bringing the expense ratio down to the dataset median of 57.2% would free up to ₹13,350 a month. High impulse spending suggests discretionary spending is the place to start.","Keep the 49-month timeline with a smaller target of about ₹6,32,492.",13350.06,0.0611,,No
CUST0240,51,Home Purchase,Card,3593757.0,60,72306.0,33500.0,38806.0,7000.0,5,0.5367,0.4633,31806.0,59895.95,7000.0,21089.95,0.1169,0.6479,514,93,False,NEEDS_ADJUSTMENT,HIGH,EXTEND_TIMELINE,"Extend the timeline to 93 months (7 yr 9 mo) while investing the full ₹38,806 surplus.","Expenses are already at or below the dataset median ratio, so a longer timeline is the main lever.","Keep the 60-month timeline with a smaller target of about ₹23,28,360.",0.0,0.0711,,No
CUST0241,60,Home Purchase,UPI,4588210.0,84,192082.0,125200.0,66882.0,18600.0,40,0.3482,0.6518,48282.0,54621.55,18600.0,36021.55,0.3405,1.2245,247,69,True,AT_RISK,MEDIUM,INCREASE_CONTRIBUTION,"Increase the monthly goal contribution by ₹36,022 (to ₹54,622).","This uses 75% of the ₹48,282 surplus that is currently not invested, so no spending cut is strictly required.",Keep the current contribution and extend the timeline to 247 months (20 yr 7 mo).,15252.26,0.0284,"Caution: although the gap is closable on paper, the ML model estimates only 3% likelihood of achievement for similar profiles in the dataset.",No
CUST0242,53,Home Purchase,UPI,1470368.0,36,189315.0,124600.0,64715.0,23100.0,23,0.3418,0.6582,41615.0,40843.56,23100.0,17743.56,0.5656,1.5845,64,23,True,AT_RISK,MEDIUM,INCREASE_CONTRIBUTION,"Increase the monthly goal contribution by ₹17,744 (to ₹40,844).","This uses 43% of the ₹41,615 surplus that is currently not invested, so no spending cut is strictly required.",Keep the current contribution and extend the timeline to 64 months (5 yr 4 mo).,16236.09,0.843,,No
CUST0243,26,Emergency Fund,Card,78545.0,8,30443.0,21400.0,9043.0,2500.0,65,0.297,0.703,6543.0,9818.12,2500.0,775.12,0.2546,0.9211,32,9,False,NEEDS_ADJUSTMENT,HIGH,REDUCE_EXPENSES,Cut monthly expenses by ₹775 (3.6% of spending) and invest the full surplus.,"That exactly closes the shortfall within the original 8 months. It is well within a realistic cut: bringing the expense ratio down to the dataset median of 57.2% would free up to ₹3,974 a month. High impulse spending suggests discretionary spending is the place to start.","Keep the 8-month timeline with a smaller target of about ₹72,344.",3974.43,0.0793,,No
CUST0244,26,Home Purchase,Mixed,4337149.0,78,181823.0,121900.0,59923.0,29000.0,31,0.3296,0.6704,30923.0,55604.47,29000.0,26604.47,0.5215,1.0777,150,73,True,AT_RISK,MEDIUM,INCREASE_CONTRIBUTION,"Increase the monthly goal contribution by ₹26,604 (to ₹55,604).","This uses 86% of the ₹30,923 surplus that is currently not invested, so no spending cut is strictly required.",Keep the current contribution and extend the timeline to 150 months (12 yr 6 mo).,17824.51,0.0917,"Caution: although the gap is closable on paper, the ML model estimates only 9% likelihood of achievement for similar profiles in the dataset.",No
CUST0245,30,Vehicle,UPI,183769.0,32,34903.0,22600.0,12303.0,1800.0,5,0.3525,0.6475,10503.0,5742.78,1800.0,3942.78,0.3134,2.1423,103,15,True,AT_RISK,MEDIUM,INCREASE_CONTRIBUTION,"Increase the monthly goal contribution by ₹3,943 (to ₹5,743).","This uses 38% of the ₹10,503 surplus that is currently not invested, so no spending cut is strictly required.",Keep the current contribution and extend the timeline to 103 months (8 yr 7 mo).,2621.52,0.7147,,Yes
CUST0246,48,Vehicle,UPI,1168809.0,33,130727.0,67500.0,63227.0,24100.0,47,0.4837,0.5163,39127.0,35418.45,24100.0,11318.45,0.6804,1.7851,49,19,True,AT_RISK,MEDIUM,INCREASE_CONTRIBUTION,"Increase the monthly goal contribution by ₹11,318 (to ₹35,418).","This uses 29% of the ₹39,127 surplus that is currently not invested, so no spending cut is strictly required.",Keep the current contribution and extend the timeline to 49 months (4 yr 1 mo).,0.0,0.7625,,No
CUST0247,21,Vehicle,Card,384176.0,54,170023.0,114500.0,55523.0,29500.0,66,0.3266,0.6734,26023.0,7114.37,29500.0,0.0,4.1465,7.8043,14,7,True,ON_TRACK,LOW,MAINTAIN,"Maintain the current ₹29,500 monthly investment.","It already covers the ₹7,114 required (415% coverage).","Optionally reach the goal in 7 months by directing the full ₹55,523 surplus to it.",17178.83,0.9195,,Yes
CUST0248,53,Retirement,Card,4829133.0,108,110880.0,76600.0,34280.0,7500.0,37,0.3092,0.6908,26780.0,44714.19,7500.0,10434.19,0.1677,0.7666,644,141,False,NEEDS_ADJUSTMENT,HIGH,REDUCE_EXPENSES,"Cut monthly expenses by ₹10,434 (13.6% of spending) and invest the full surplus.","That exactly closes the shortfall within the original 108 months. It is well within a realistic cut: bringing the expense ratio down to the dataset median of 57.2% would free up to ₹13,132 a month.","Keep the 108-month timeline with a smaller target of about ₹37,02,240.",13132.29,0.0022,,No
CUST0249,40,Travel,UPI,132211.0,15,107138.0,82400.0,24738.0,12100.0,14,0.2309,0.7691,12638.0,8814.07,12100.0,0.0,1.3728,2.8066,11,6,True,ON_TRACK,LOW,MAINTAIN,"Maintain the current ₹12,100 monthly investment.","It already covers the ₹8,814 required (137% coverage).","Optionally reach the goal in 6 months by directing the full ₹24,738 surplus to it.",21074.21,0.9343,,Yes
CUST0250,45,Emergency Fund,UPI,189730.0,18,174000.0,72000.0,102000.0,18700.0,54,0.5862,0.4138,83300.0,10540.56,18700.0,0.0,1.7741,9.6769,11,2,True,ON_TRACK,LOW,MAINTAIN,"Maintain the current ₹18,700 monthly investment.","It already covers the ₹10,541 required (177% coverage).","Optionally reach the goal in 2 months by directing the full ₹1,02,000 surplus to it.",0.0,0.9617,,Yes
CUST0251,55,Higher Education,UPI,594476.0,14,136247.0,64900.0,71347.0,2400.0,45,0.5237,0.4763,68947.0,42462.57,2400.0,40062.57,0.0565,1.6802,248,9,True,AT_RISK,MEDIUM,INCREASE_CONTRIBUTION,"Increase the monthly goal contribution by ₹40,063 (to ₹42,463).","This uses 58% of the ₹68,947 surplus that is currently not invested, so no spending cut is strictly required.",Keep the current contribution and extend the timeline to 248 months (20 yr 8 mo).,0.0,0.6751,,Yes
CUST0252,25,Higher Education,Card,633395.0,30,164886.0,101700.0,63186.0,22900.0,41,0.3832,0.6168,40286.0,21113.17,22900.0,0.0,1.0846,2.9927,28,11,True,ON_TRACK,LOW,MAINTAIN,"Maintain the current ₹22,900 monthly investment.","It already covers the ₹21,113 required (108% coverage).","Optionally reach the goal in 11 months by directing the full ₹63,186 surplus to it.",7319.25,0.8778,,Yes
CUST0253,48,Travel,UPI,218904.0,3,136598.0,86200.0,50398.0,22300.0,52,0.369,0.631,28098.0,72968.0,22300.0,22570.0,0.3056,0.6907,10,5,False,NEEDS_ADJUSTMENT,HIGH,COMBINED,"Cut expenses by ₹8,011 (9%) and extend the timeline to 4 months.","A realistic expense cut alone does not close the ₹22,570 gap, so it is combined with a longer timeline. High impulse spending suggests discretionary spending is the place to start.","Keep the 3-month timeline with a smaller target of about ₹1,51,194.",8011.3,0.8752,"Note: similar profiles achieved this kind of goal 88% of the time per the ML model, but the plan still needs adjustment on current numbers.",Yes
CUST0254,34,Travel,UPI,51363.0,11,75989.0,48700.0,27289.0,6900.0,34,0.3591,0.6409,20389.0,4669.36,6900.0,0.0,1.4777,5.8443,8,2,True,ON_TRACK,LOW,MAINTAIN,"Maintain the current ₹6,900 monthly investment.","It already covers the ₹4,669 required (148% coverage).","Optionally reach the goal in 2 months by directing the full ₹27,289 surplus to it.",5203.9,0.714,,Yes
CUST0255,43,Emergency Fund,UPI,131486.0,8,67204.0,30300.0,36904.0,2100.0,58,0.5491,0.4509,34804.0,16435.75,2100.0,14335.75,0.1278,2.2453,63,4,True,AT_RISK,MEDIUM,INCREASE_CONTRIBUTION,"Increase the monthly goal contribution by ₹14,336 (to ₹16,436).","This uses 41% of the ₹34,804 surplus that is currently not invested, so no spending cut is strictly required.",Keep the current contribution and extend the timeline to 63 months (5 yr 3 mo).,0.0,0.5538,,No
CUST0256,38,Retirement,Wallet,6568496.0,175,168419.0,75700.0,92719.0,19600.0,17,0.5505,0.4495,73119.0,37534.26,19600.0,17934.26,0.5222,2.4702,336,71,True,AT_RISK,MEDIUM,INCREASE_CONTRIBUTION,"Increase the monthly goal contribution by ₹17,934 (to ₹37,534).","This uses 25% of the ₹73,119 surplus that is currently not invested, so no spending cut is strictly required.",Keep the current contribution and extend the timeline to 336 months (28 yr).,0.0,0.007,"Caution: although the gap is closable on paper, the ML model estimates only 1% likelihood of achievement for similar profiles in the dataset.",No
CUST0257,23,Home Purchase,Card,1406507.0,120,89174.0,50800.0,38374.0,17200.0,35,0.4303,0.5697,21174.0,11720.89,17200.0,0.0,1.4675,3.274,82,37,True,ON_TRACK,LOW,MAINTAIN,"Maintain the current ₹17,200 monthly investment.","It already covers the ₹11,721 required (147% coverage).","Optionally reach the goal in 37 months (3 yr 1 mo) by directing the full ₹38,374 surplus to it.",0.0,0.3601,"Caution: the ML model estimates only 36% likelihood of achievement for similar profiles, despite the arithmetic being on track.",No
CUST0258,50,Retirement,Wallet,6631905.0,37,148276.0,126200.0,22076.0,6400.0,45,0.1489,0.8511,15676.0,179240.68,6400.0,157164.68,0.0357,0.1232,1037,301,False,NEEDS_ADJUSTMENT,HIGH,COMBINED,"Cut expenses by ₹41,327 (33%) and extend the timeline to 105 months (8 yr 9 mo).","A realistic expense cut alone does not close the ₹1,57,165 gap, so it is combined with a longer timeline.","Keep the 37-month timeline with a smaller target of about ₹8,16,812.",41326.82,0.0002,,No
CUST0259,31,Travel,UPI,252157.0,13,32897.0,15500.0,17397.0,3000.0,5,0.5288,0.4712,14397.0,19396.69,3000.0,1999.69,0.1547,0.8969,85,15,False,NEEDS_ADJUSTMENT,HIGH,EXTEND_TIMELINE,"Extend the timeline to 15 months (1 yr 3 mo) while investing the full ₹17,397 surplus.","Expenses are already at or below the dataset median ratio, so a longer timeline is the main lever.","Keep the 13-month timeline with a smaller target of about ₹2,26,161.",0.0,0.821,"Note: similar profiles achieved this kind of goal 86% of the time per the ML model, but the plan still needs adjustment on current numbers.",Yes
CUST0260,54,Emergency Fund,UPI,236834.0,10,170144.0,59300.0,110844.0,19300.0,22,0.6515,0.3485,91544.0,23683.4,19300.0,4383.4,0.8149,4.6802,13,3,True,AT_RISK,MEDIUM,INCREASE_CONTRIBUTION,"Increase the monthly goal contribution by ₹4,383 (to ₹23,683).","This uses 5% of the ₹91,544 surplus that is currently not invested, so no spending cut is strictly required.",Keep the current contribution and extend the timeline to 13 months (1 yr 1 mo).,0.0,0.9855,,Yes
CUST0261,50,Emergency Fund,Card,80956.0,23,174963.0,99000.0,75963.0,22900.0,57,0.4342,0.5658,53063.0,3519.83,22900.0,0.0,6.506,21.5815,4,2,True,ON_TRACK,LOW,MAINTAIN,"Maintain the current ₹22,900 monthly investment.","It already covers the ₹3,520 required (651% coverage).","Optionally reach the goal in 2 months by directing the full ₹75,963 surplus to it.",0.0,0.9653,,Yes
CUST0262,39,Retirement,UPI,5365163.0,49,173612.0,103100.0,70512.0,9400.0,69,0.4061,0.5939,61112.0,109493.12,9400.0,38981.12,0.0859,0.644,571,77,False,NEEDS_ADJUSTMENT,HIGH,COMBINED,"Cut expenses by ₹3,724 (4%) and extend the timeline to 73 months (6 yr 1 mo).","A realistic expense cut alone does not close the ₹38,981 gap, so it is combined with a longer timeline. High impulse spending suggests discretionary spending is the place to start.","Keep the 49-month timeline with a smaller target of about ₹34,55,088.",3724.49,0.004,,No
CUST0263,59,Vehicle,UPI,1056792.0,40,108745.0,71900.0,36845.0,4900.0,28,0.3388,0.6612,31945.0,26419.8,4900.0,21519.8,0.1855,1.3946,216,29,True,AT_RISK,MEDIUM,INCREASE_CONTRIBUTION,"Increase the monthly goal contribution by ₹21,520 (to ₹26,420).","This uses 67% of the ₹31,945 surplus that is currently not invested, so no spending cut is strictly required.",Keep the current contribution and extend the timeline to 216 months (18 yr).,9654.36,0.5874,,Yes
CUST0264,21,Retirement,Card,7059318.0,117,196124.0,49000.0,147124.0,9600.0,30,0.7502,0.2498,137524.0,60336.05,9600.0,50736.05,0.1591,2.4384,736,48,True,AT_RISK,MEDIUM,INCREASE_CONTRIBUTION,"Increase the monthly goal contribution by ₹50,736 (to ₹60,336).","This uses 37% of the ₹1,37,524 surplus that is currently not invested, so no spending cut is strictly required.",Keep the current contribution and extend the timeline to 736 months (61 yr 4 mo).,0.0,0.0075,"Caution: although the gap is closable on paper, the ML model estimates only 1% likelihood of achievement for similar profiles in the dataset.",No
CUST0265,48,Retirement,Card,3659067.0,162,99294.0,24800.0,74494.0,15400.0,70,0.7502,0.2498,59094.0,22586.83,15400.0,7186.83,0.6818,3.2981,238,50,True,AT_RISK,MEDIUM,INCREASE_CONTRIBUTION,"Increase the monthly goal contribution by ₹7,187 (to ₹22,587).","This uses 12% of the ₹59,094 surplus that is currently not invested, so no spending cut is strictly required.",Keep the current contribution and extend the timeline to 238 months (19 yr 10 mo).,0.0,0.0187,"Caution: although the gap is closable on paper, the ML model estimates only 2% likelihood of achievement for similar profiles in the dataset.",No
CUST0266,42,Higher Education,UPI,229342.0,35,198053.0,144700.0,53353.0,38700.0,67,0.2694,0.7306,14653.0,6552.63,38700.0,0.0,5.906,8.1422,6,5,True,ON_TRACK,LOW,MAINTAIN,"Maintain the current ₹38,700 monthly investment.","It already covers the ₹6,553 required (591% coverage).","Optionally reach the goal in 5 months by directing the full ₹53,353 surplus to it.",31334.46,0.9437,,Yes
CUST0267,38,Emergency Fund,UPI,98461.0,24,127953.0,51900.0,76053.0,10300.0,21,0.5944,0.4056,65753.0,4102.54,10300.0,0.0,2.5106,18.538,10,2,True,ON_TRACK,LOW,MAINTAIN,"Maintain the current ₹10,300 monthly investment.","It already covers the ₹4,103 required (251% coverage).","Optionally reach the goal in 2 months by directing the full ₹76,053 surplus to it.",0.0,0.9756,,Yes
CUST0268,40,Retirement,UPI,1592087.0,122,109988.0,79800.0,30188.0,18900.0,19,0.2745,0.7255,11288.0,13049.89,18900.0,0.0,1.4483,2.3133,85,53,True,ON_TRACK,LOW,MAINTAIN,"Maintain the current ₹18,900 monthly investment.","It already covers the ₹13,050 required (145% coverage).","Optionally reach the goal in 53 months (4 yr 5 mo) by directing the full ₹30,188 surplus to it.",16842.87,0.2451,"Caution: the ML model estimates only 32% likelihood of achievement for similar profiles, despite the arithmetic being on track.",No
CUST0269,26,Travel,Wallet,68580.0,11,177456.0,95200.0,82256.0,8600.0,43,0.4635,0.5365,73656.0,6234.55,8600.0,0.0,1.3794,13.1936,8,1,True,ON_TRACK,LOW,MAINTAIN,"Maintain the current ₹8,600 monthly investment.","It already covers the ₹6,235 required (138% coverage).","Optionally reach the goal in 1 months by directing the full ₹82,256 surplus to it.",0.0,0.9873,,Yes
CUST0270,40,Higher Education,Wallet,314153.0,19,24393.0,14100.0,10293.0,3300.0,30,0.422,0.578,6993.0,16534.37,3300.0,6241.37,0.1996,0.6225,96,31,False,NEEDS_ADJUSTMENT,HIGH,COMBINED,Cut expenses by ₹137 (1%) and extend the timeline to 31 months (2 yr 7 mo).,"A realistic expense cut alone does not close the ₹6,241 gap, so it is combined with a longer timeline.","Keep the 19-month timeline with a smaller target of about ₹1,95,567.",137.45,0.3807,,No
CUST0271,45,Emergency Fund,UPI,183838.0,24,173647.0,75100.0,98547.0,33200.0,46,0.5675,0.4325,65347.0,7659.92,33200.0,0.0,4.3343,12.8653,6,2,True,ON_TRACK,LOW,MAINTAIN,"Maintain the current ₹33,200 monthly investment.","It already covers the ₹7,660 required (433% coverage).","Optionally reach the goal in 2 months by directing the full ₹98,547 surplus to it.",0.0,0.9767,,No
CUST0272,47,Emergency Fund,Card,110536.0,17,163055.0,94200.0,68855.0,3200.0,32,0.4223,0.5777,65655.0,6502.12,3200.0,3302.12,0.4921,10.5896,35,2,True,AT_RISK,MEDIUM,INCREASE_CONTRIBUTION,"Increase the monthly goal contribution by ₹3,302 (to ₹6,502).","This uses 5% of the ₹65,655 surplus that is currently not invested, so no spending cut is strictly required.",Keep the current contribution and extend the timeline to 35 months (2 yr 11 mo).,867.32,0.9305,,Yes
CUST0273,60,Travel,UPI,243448.0,16,175696.0,45000.0,130696.0,2300.0,50,0.7439,0.2561,128396.0,15215.5,2300.0,12915.5,0.1512,8.5897,106,2,True,AT_RISK,MEDIUM,INCREASE_CONTRIBUTION,"Increase the monthly goal contribution by ₹12,916 (to ₹15,216).","This uses 10% of the ₹1,28,396 surplus that is currently not invested, so no spending cut is strictly required.",Keep the current contribution and extend the timeline to 106 months (8 yr 10 mo).,0.0,0.9827,,Yes
CUST0274,22,Travel,Mixed,59161.0,11,103030.0,54300.0,48730.0,16900.0,44,0.473,0.527,31830.0,5378.27,16900.0,0.0,3.1423,9.0605,4,2,True,ON_TRACK,LOW,MAINTAIN,"Maintain the current ₹16,900 monthly investment.","It already covers the ₹5,378 required (314% coverage).","Optionally reach the goal in 2 months by directing the full ₹48,730 surplus to it.",0.0,0.9207,,Yes
CUST0275,43,Retirement,Card,2591228.0,79,54730.0,32900.0,21830.0,3200.0,50,0.3989,0.6011,18630.0,32800.35,3200.0,10970.35,0.0976,0.6655,810,119,False,NEEDS_ADJUSTMENT,HIGH,COMBINED,"Cut expenses by ₹1,573 (5%) and extend the timeline to 111 months (9 yr 3 mo).","A realistic expense cut alone does not close the ₹10,970 gap, so it is combined with a longer timeline.","Keep the 79-month timeline with a smaller target of about ₹17,24,570.",1572.55,0.0115,,No
CUST0276,50,Emergency Fund,UPI,292153.0,17,29072.0,18600.0,10472.0,1200.0,33,0.3602,0.6398,9272.0,17185.47,1200.0,6713.47,0.0698,0.6094,244,28,False,NEEDS_ADJUSTMENT,HIGH,COMBINED,"Cut expenses by ₹1,959 (11%) and extend the timeline to 24 months (2 yr).","A realistic expense cut alone does not close the ₹6,713 gap, so it is combined with a longer timeline.","Keep the 17-month timeline with a smaller target of about ₹1,78,024.",1959.19,0.2987,,No
CUST0277,22,Emergency Fund,UPI,83816.0,6,77407.0,38100.0,39307.0,1400.0,36,0.5078,0.4922,37907.0,13969.33,1400.0,12569.33,0.1002,2.8138,60,3,True,AT_RISK,MEDIUM,INCREASE_CONTRIBUTION,"Increase the monthly goal contribution by ₹12,569 (to ₹13,969).","This uses 33% of the ₹37,907 surplus that is currently not invested, so no spending cut is strictly required.",Keep the current contribution and extend the timeline to 60 months (5 yr).,0.0,0.8146,,No
CUST0278,45,Home Purchase,Mixed,4908910.0,118,138041.0,91700.0,46341.0,5000.0,51,0.3357,0.6643,41341.0,41600.93,5000.0,36600.93,0.1202,1.1139,982,106,True,AT_RISK,MEDIUM,INCREASE_CONTRIBUTION,"Increase the monthly goal contribution by ₹36,601 (to ₹41,601).","This uses 89% of the ₹41,341 surplus that is currently not invested, so no spending cut is strictly required.",Keep the current contribution and extend the timeline to 982 months (81 yr 10 mo).,12685.33,0.0042,"Caution: although the gap is closable on paper, the ML model estimates only 0% likelihood of achievement for similar profiles in the dataset.",No
CUST0279,30,Emergency Fund,Mixed,237135.0,16,116911.0,97400.0,19511.0,15100.0,51,0.1669,0.8331,4411.0,14820.94,15100.0,0.0,1.0188,1.3164,16,13,True,ON_TRACK,LOW,MAINTAIN,"Maintain the current ₹15,100 monthly investment.","It already covers the ₹14,821 required (102% coverage).","Optionally reach the goal in 13 months (1 yr 1 mo) by directing the full ₹19,511 surplus to it.",30480.14,0.4663,,Yes
CUST0280,27,Emergency Fund,UPI,268570.0,19,175346.0,108800.0,66546.0,12700.0,42,0.3795,0.6205,53846.0,14135.26,12700.0,1435.26,0.8985,4.7078,22,5,True,AT_RISK,MEDIUM,INCREASE_CONTRIBUTION,"Increase the monthly goal contribution by ₹1,435 (to ₹14,135).","This uses 3% of the ₹53,846 surplus that is currently not invested, so no spending cut is strictly required.",Keep the current contribution and extend the timeline to 22 months (1 yr 10 mo).,8431.95,0.9446,,Yes
CUST0281,50,Emergency Fund,Mixed,229226.0,18,23971.0,11000.0,12971.0,3200.0,48,0.5411,0.4589,9771.0,12734.78,3200.0,9534.78,0.2513,1.0185,72,18,True,AT_RISK,MEDIUM,INCREASE_CONTRIBUTION,"Increase the monthly goal contribution by ₹9,535 (to ₹12,735).","This uses 98% of the ₹9,771 surplus that is currently not invested, so no spending cut is strictly required.",Keep the current contribution and extend the timeline to 72 months (6 yr).,0.0,0.276,"Caution: although the gap is closable on paper, the ML model estimates only 26% likelihood of achievement for similar profiles in the dataset.",No
CUST0282,48,Vehicle,Card,881537.0,21,173703.0,102600.0,71103.0,30600.0,18,0.4093,0.5907,40503.0,41977.95,30600.0,11377.95,0.729,1.6938,29,13,True,AT_RISK,MEDIUM,INCREASE_CONTRIBUTION,"Increase the monthly goal contribution by ₹11,378 (to ₹41,978).","This uses 28% of the ₹40,503 surplus that is currently not invested, so no spending cut is strictly required.",Keep the current contribution and extend the timeline to 29 months (2 yr 5 mo).,3172.4,0.9193,,Yes
CUST0283,24,Travel,UPI,266559.0,8,169338.0,79800.0,89538.0,15300.0,48,0.5288,0.4712,74238.0,33319.88,15300.0,18019.88,0.4592,2.6872,18,3,True,AT_RISK,MEDIUM,INCREASE_CONTRIBUTION,"Increase the monthly goal contribution by ₹18,020 (to ₹33,320).","This uses 24% of the ₹74,238 surplus that is currently not invested, so no spending cut is strictly required.",Keep the current contribution and extend the timeline to 18 months (1 yr 6 mo).,0.0,0.9494,,Yes
CUST0284,42,Vehicle,UPI,462087.0,58,188109.0,150700.0,37409.0,2000.0,21,0.1989,0.8011,35409.0,7967.02,2000.0,5967.02,0.251,4.6955,232,13,True,AT_RISK,MEDIUM,INCREASE_CONTRIBUTION,"Increase the monthly goal contribution by ₹5,967 (to ₹7,967).","This uses 17% of the ₹35,409 surplus that is currently not invested, so no spending cut is strictly required.",Keep the current contribution and extend the timeline to 232 months (19 yr 4 mo).,43026.41,0.8957,,Yes
CUST0285,21,Emergency Fund,Card,250983.0,14,70573.0,40000.0,30573.0,3400.0,52,0.4332,0.5668,27173.0,17927.36,3400.0,14527.36,0.1897,1.7054,74,9,True,AT_RISK,MEDIUM,INCREASE_CONTRIBUTION,"Increase the monthly goal contribution by ₹14,527 (to ₹17,927).","This uses 53% of the ₹27,173 surplus that is currently not invested, so no spending cut is strictly required.",Keep the current contribution and extend the timeline to 74 months (6 yr 2 mo).,0.0,0.3907,,Yes
CUST0286,51,Travel,Card,285976.0,5,26693.0,12900.0,13793.0,400.0,23,0.5167,0.4833,13393.0,57195.2,400.0,43402.2,0.007,0.2412,715,21,False,NEEDS_ADJUSTMENT,HIGH,EXTEND_TIMELINE,"Extend the timeline to 21 months (1 yr 9 mo) while investing the full ₹13,793 surplus.","Expenses are already at or below the dataset median ratio, so a longer timeline is the main lever.","Keep the 5-month timeline with a smaller target of about ₹68,965.",0.0,0.6527,"Note: similar profiles achieved this kind of goal 62% of the time per the ML model, but the plan still needs adjustment on current numbers.",No
CUST0287,26,Home Purchase,Mixed,3666973.0,69,52940.0,23400.0,29540.0,8200.0,50,0.558,0.442,21340.0,53144.54,8200.0,23604.54,0.1543,0.5558,448,125,False,NEEDS_ADJUSTMENT,HIGH,EXTEND_TIMELINE,"Extend the timeline to 125 months (10 yr 5 mo) while investing the full ₹29,540 surplus.","Expenses are already at or below the dataset median ratio, so a longer timeline is the main lever.","Keep the 69-month timeline with a smaller target of about ₹20,38,260.",0.0,0.0056,,No
CUST0288,47,Higher Education,Mixed,306048.0,23,196026.0,64200.0,131826.0,3000.0,21,0.6725,0.3275,128826.0,13306.43,3000.0,10306.43,0.2255,9.9069,103,3,True,AT_RISK,MEDIUM,INCREASE_CONTRIBUTION,"Increase the monthly goal contribution by ₹10,306 (to ₹13,306).","This uses 8% of the ₹1,28,826 surplus that is currently not invested, so no spending cut is strictly required.",Keep the current contribution and extend the timeline to 103 months (8 yr 7 mo).,0.0,0.9924,,Yes
CUST0289,46,Emergency Fund,UPI,270267.0,7,31121.0,20500.0,10621.0,700.0,34,0.3413,0.6587,9921.0,38609.57,700.0,27988.57,0.0181,0.2751,387,26,False,NEEDS_ADJUSTMENT,HIGH,COMBINED,"Cut expenses by ₹2,686 (13%) and extend the timeline to 21 months (1 yr 9 mo).","A realistic expense cut alone does not close the ₹27,989 gap, so it is combined with a longer timeline.","Keep the 7-month timeline with a smaller target of about ₹74,347.",2686.34,0.2668,,No
CUST0290,58,Emergency Fund,Wallet,289037.0,18,170481.0,64800.0,105681.0,30500.0,39,0.6199,0.3801,75181.0,16057.61,30500.0,0.0,1.8994,6.5814,10,3,True,ON_TRACK,LOW,MAINTAIN,"Maintain the current ₹30,500 monthly investment.","It already covers the ₹16,058 required (190% coverage).","Optionally reach the goal in 3 months by directing the full ₹1,05,681 surplus to it.",0.0,0.9749,,Yes
CUST0291,31,Vehicle,Mixed,245313.0,56,87353.0,55300.0,32053.0,5000.0,22,0.3669,0.6331,27053.0,4380.59,5000.0,0.0,1.1414,7.3171,50,8,True,ON_TRACK,LOW,MAINTAIN,"Maintain the current ₹5,000 monthly investment.","It already covers the ₹4,381 required (114% coverage).","Optionally reach the goal in 8 months by directing the full ₹32,053 surplus to it.",5299.14,0.8046,,Yes
CUST0292,58,Home Purchase,UPI,2919821.0,81,28057.0,20200.0,7857.0,1900.0,29,0.28,0.72,5957.0,36047.17,1900.0,28190.17,0.0527,0.218,1537,372,False,NEEDS_ADJUSTMENT,HIGH,COMBINED,"Cut expenses by ₹4,140 (20%) and extend the timeline to 244 months (20 yr 4 mo).","A realistic expense cut alone does not close the ₹28,190 gap, so it is combined with a longer timeline.","Keep the 81-month timeline with a smaller target of about ₹6,36,417.",4140.17,0.0104,,No
CUST0293,54,Vehicle,Mixed,984681.0,20,173221.0,103700.0,69521.0,8700.0,51,0.4013,0.5987,60821.0,49234.05,8700.0,40534.05,0.1767,1.4121,114,15,True,AT_RISK,MEDIUM,INCREASE_CONTRIBUTION,"Increase the monthly goal contribution by ₹40,534 (to ₹49,234).","This uses 67% of the ₹60,821 surplus that is currently not invested, so no spending cut is strictly required.",Keep the current contribution and extend the timeline to 114 months (9 yr 6 mo).,4548.3,0.8039,,Yes
CUST0294,56,Home Purchase,Card,2681635.0,90,71258.0,36200.0,35058.0,7700.0,35,0.492,0.508,27358.0,29795.94,7700.0,22095.94,0.2584,1.1766,349,77,True,AT_RISK,MEDIUM,INCREASE_CONTRIBUTION,"Increase the monthly goal contribution by ₹22,096 (to ₹29,796).","This uses 81% of the ₹27,358 surplus that is currently not invested, so no spending cut is strictly required.",Keep the current contribution and extend the timeline to 349 months (29 yr 1 mo).,0.0,0.0414,"Caution: although the gap is closable on paper, the ML model estimates only 4% likelihood of achievement for similar profiles in the dataset.",No
CUST0295,44,Retirement,Card,5029497.0,56,180090.0,140800.0,39290.0,17000.0,24,0.2182,0.7818,22290.0,89812.45,17000.0,50522.45,0.1893,0.4375,296,129,False,NEEDS_ADJUSTMENT,HIGH,COMBINED,"Cut expenses by ₹37,716 (27%) and extend the timeline to 66 months (5 yr 6 mo).","A realistic expense cut alone does not close the ₹50,522 gap, so it is combined with a longer timeline.","Keep the 56-month timeline with a smaller target of about ₹22,00,240.",37716.48,0.0193,,No
CUST0296,21,Travel,UPI,194760.0,3,57430.0,33300.0,24130.0,10100.0,59,0.4202,0.5798,14030.0,64920.0,10100.0,40790.0,0.1556,0.3717,20,9,False,NEEDS_ADJUSTMENT,HIGH,COMBINED,Cut expenses by ₹427 (1%) and extend the timeline to 8 months.,"A realistic expense cut alone does not close the ₹40,790 gap, so it is combined with a longer timeline. High impulse spending suggests discretionary spending is the place to start.","Keep the 3-month timeline with a smaller target of about ₹72,390.",427.07,0.3976,,No
CUST0297,37,Retirement,UPI,4971091.0,109,105178.0,67000.0,38178.0,6600.0,61,0.363,0.637,31578.0,45606.34,6600.0,7428.34,0.1447,0.8371,754,131,False,NEEDS_ADJUSTMENT,HIGH,COMBINED,"Cut expenses by ₹6,796 (10%) and extend the timeline to 111 months (9 yr 3 mo).","A realistic expense cut alone does not close the ₹7,428 gap, so it is combined with a longer timeline. High impulse spending suggests discretionary spending is the place to start.","Keep the 109-month timeline with a smaller target of about ₹41,61,402.",6796.11,0.0009,,No
CUST0298,53,Retirement,Mixed,1443693.0,134,35111.0,18900.0,16211.0,1400.0,69,0.4617,0.5383,14811.0,10773.83,1400.0,9373.83,0.1299,1.5047,1032,90,True,AT_RISK,MEDIUM,INCREASE_CONTRIBUTION,"Increase the monthly goal contribution by ₹9,374 (to ₹10,774).","This uses 63% of the ₹14,811 surplus that is currently not invested, so no spending cut is strictly required.",Keep the current contribution and extend the timeline to 1032 months (86 yr).,0.0,0.0185,"Caution: although the gap is closable on paper, the ML model estimates only 2% likelihood of achievement for similar profiles in the dataset.",No
CUST0299,55,Vehicle,UPI,768585.0,50,153393.0,128900.0,24493.0,26400.0,42,0.1597,0.8403,0.0,15371.7,24493.0,0.0,1.5934,1.5934,32,32,True,ON_TRACK,LOW,MAINTAIN,"Maintain the current ₹24,493 monthly investment.","It already covers the ₹15,372 required (159% coverage).",,41097.85,0.6539,,Yes
CUST0300,32,Home Purchase,UPI,1407746.0,73,67834.0,39200.0,28634.0,7400.0,25,0.4221,0.5779,21234.0,19284.19,7400.0,11884.19,0.3837,1.4848,191,50,True,AT_RISK,MEDIUM,INCREASE_CONTRIBUTION,"Increase the monthly goal contribution by ₹11,884 (to ₹19,284).","This uses 56% of the ₹21,234 surplus that is currently not invested, so no spending cut is strictly required.",Keep the current contribution and extend the timeline to 191 months (15 yr 11 mo).,371.82,0.4138,,No
CUST0301,41,Higher Education,UPI,225585.0,28,44116.0,28800.0,15316.0,3300.0,48,0.3472,0.6528,12016.0,8056.61,3300.0,4756.61,0.4096,1.901,69,15,True,AT_RISK,MEDIUM,INCREASE_CONTRIBUTION,"Increase the monthly goal contribution by ₹4,757 (to ₹8,057).","This uses 40% of the ₹12,016 surplus that is currently not invested, so no spending cut is strictly required.",Keep the current contribution and extend the timeline to 69 months (5 yr 9 mo).,3548.0,0.2203,"Caution: although the gap is closable on paper, the ML model estimates only 22% likelihood of achievement for similar profiles in the dataset.",No
CUST0302,38,Retirement,UPI,3573251.0,54,126670.0,91200.0,35470.0,2200.0,22,0.28,0.72,33270.0,66171.31,2200.0,30701.31,0.0332,0.536,1625,101,False,NEEDS_ADJUSTMENT,HIGH,COMBINED,"Cut expenses by ₹18,694 (20%) and extend the timeline to 66 months (5 yr 6 mo).","A realistic expense cut alone does not close the ₹30,701 gap, so it is combined with a longer timeline.","Keep the 54-month timeline with a smaller target of about ₹19,15,380.",18694.09,0.0311,,No
CUST0303,31,Retirement,Mixed,5300791.0,173,141398.0,54800.0,86598.0,16000.0,16,0.6124,0.3876,70598.0,30640.41,16000.0,14640.41,0.5222,2.8263,332,62,True,AT_RISK,MEDIUM,INCREASE_CONTRIBUTION,"Increase the monthly goal contribution by ₹14,640 (to ₹30,640).","This uses 21% of the ₹70,598 surplus that is currently not invested, so no spending cut is strictly required.",Keep the current contribution and extend the timeline to 332 months (27 yr 8 mo).,0.0,0.0414,"Caution: although the gap is closable on paper, the ML model estimates only 4% likelihood of achievement for similar profiles in the dataset.",No
CUST0304,42,Vehicle,Card,745614.0,14,159755.0,91600.0,68155.0,30800.0,40,0.4266,0.5734,37355.0,53258.14,30800.0,22458.14,0.5783,1.2797,25,11,True,AT_RISK,MEDIUM,INCREASE_CONTRIBUTION,"Increase the monthly goal contribution by ₹22,458 (to ₹53,258).","This uses 60% of the ₹37,355 surplus that is currently not invested, so no spending cut is strictly required.",Keep the current contribution and extend the timeline to 25 months (2 yr 1 mo).,156.24,0.9449,,Yes
CUST0305,37,Retirement,UPI,3240318.0,116,24645.0,20800.0,3845.0,2100.0,49,0.156,0.844,1745.0,27933.78,2100.0,24088.78,0.0752,0.1376,1544,843,False,NEEDS_ADJUSTMENT,HIGH,COMBINED,"Cut expenses by ₹6,693 (32%) and extend the timeline to 308 months (25 yr 8 mo).","A realistic expense cut alone does not close the ₹24,089 gap, so it is combined with a longer timeline.","Keep the 116-month timeline with a smaller target of about ₹4,46,020.",6693.2,0.0016,,No
CUST0306,26,Emergency Fund,UPI,288635.0,16,159325.0,48800.0,110525.0,30100.0,62,0.6937,0.3063,80425.0,18039.69,30100.0,0.0,1.6685,6.1268,10,3,True,ON_TRACK,LOW,MAINTAIN,"Maintain the current ₹30,100 monthly investment.","It already covers the ₹18,040 required (167% coverage).","Optionally reach the goal in 3 months by directing the full ₹1,10,525 surplus to it.",0.0,0.9407,,Yes
CUST0307,21,Retirement,UPI,2609981.0,49,41435.0,21000.0,20435.0,2800.0,54,0.4932,0.5068,17635.0,53264.92,2800.0,32829.92,0.0526,0.3836,933,128,False,NEEDS_ADJUSTMENT,HIGH,EXTEND_TIMELINE,"Extend the timeline to 128 months (10 yr 8 mo) while investing the full ₹20,435 surplus.","Expenses are already at or below the dataset median ratio, so a longer timeline is the main lever.","Keep the 49-month timeline with a smaller target of about ₹10,01,315.",0.0,0.019,,No
CUST0308,31,Higher Education,UPI,294244.0,37,67964.0,47200.0,20764.0,5000.0,57,0.3055,0.6945,15764.0,7952.54,5000.0,2952.54,0.6287,2.611,59,15,True,AT_RISK,MEDIUM,INCREASE_CONTRIBUTION,"Increase the monthly goal contribution by ₹2,953 (to ₹7,953).","This uses 19% of the ₹15,764 surplus that is currently not invested, so no spending cut is strictly required.",Keep the current contribution and extend the timeline to 59 months (4 yr 11 mo).,8297.41,0.228,"Caution: although the gap is closable on paper, the ML model estimates only 20% likelihood of achievement for similar profiles in the dataset.",No
CUST0309,33,Vehicle,UPI,307379.0,31,127010.0,80200.0,46810.0,3800.0,48,0.3686,0.6314,43010.0,9915.45,3800.0,6115.45,0.3832,4.7209,81,7,True,AT_RISK,MEDIUM,INCREASE_CONTRIBUTION,"Increase the monthly goal contribution by ₹6,115 (to ₹9,915).","This uses 14% of the ₹43,010 surplus that is currently not invested, so no spending cut is strictly required.",Keep the current contribution and extend the timeline to 81 months (6 yr 9 mo).,7499.48,0.7796,,Yes
CUST0310,52,Travel,Mixed,101191.0,8,20394.0,13900.0,6494.0,2100.0,18,0.3184,0.6816,4394.0,12648.88,2100.0,6154.88,0.166,0.5134,49,16,False,NEEDS_ADJUSTMENT,HIGH,COMBINED,"Cut expenses by ₹2,226 (16%) and extend the timeline to 12 months (1 yr).","A realistic expense cut alone does not close the ₹6,155 gap, so it is combined with a longer timeline.","Keep the 8-month timeline with a smaller target of about ₹51,952.",2226.47,0.5996,,No
CUST0311,29,Emergency Fund,UPI,110478.0,23,152881.0,74400.0,78481.0,1600.0,47,0.5133,0.4867,76881.0,4803.39,1600.0,3203.39,0.3331,16.3387,70,2,True,AT_RISK,MEDIUM,INCREASE_CONTRIBUTION,"Increase the monthly goal contribution by ₹3,203 (to ₹4,803).","This uses 4% of the ₹76,881 surplus that is currently not invested, so no spending cut is strictly required.",Keep the current contribution and extend the timeline to 70 months (5 yr 10 mo).,0.0,0.8892,,Yes
CUST0312,44,Retirement,Card,5227211.0,162,68453.0,39500.0,28953.0,11500.0,29,0.423,0.577,17453.0,32266.73,11500.0,3313.73,0.3564,0.8973,455,181,False,NEEDS_ADJUSTMENT,HIGH,COMBINED,Cut expenses by ₹318 (1%) and extend the timeline to 179 months (14 yr 11 mo).,"A realistic expense cut alone does not close the ₹3,314 gap, so it is combined with a longer timeline.","Keep the 162-month timeline with a smaller target of about ₹46,90,386.",317.5,0.0014,,No
CUST0313,21,Emergency Fund,UPI,188991.0,10,29124.0,17400.0,11724.0,600.0,75,0.4026,0.5974,11124.0,18899.1,600.0,7175.1,0.0317,0.6203,315,17,False,NEEDS_ADJUSTMENT,HIGH,COMBINED,Cut expenses by ₹729 (4%) and extend the timeline to 16 months (1 yr 4 mo).,"A realistic expense cut alone does not close the ₹7,175 gap, so it is combined with a longer timeline. High impulse spending suggests discretionary spending is the place to start.","Keep the 10-month timeline with a smaller target of about ₹1,17,240.",729.42,0.0858,,No
CUST0314,24,Emergency Fund,Wallet,224181.0,7,108002.0,69200.0,38802.0,13000.0,31,0.3593,0.6407,25802.0,32025.86,13000.0,19025.86,0.4059,1.2116,18,6,True,AT_RISK,MEDIUM,INCREASE_CONTRIBUTION,"Increase the monthly goal contribution by ₹19,026 (to ₹32,026).","This uses 74% of the ₹25,802 surplus that is currently not invested, so no spending cut is strictly required.",Keep the current contribution and extend the timeline to 18 months (1 yr 6 mo).,7379.66,0.7774,,Yes
CUST0315,43,Retirement,UPI,2771822.0,135,92065.0,35600.0,56465.0,11300.0,11,0.6133,0.3867,45165.0,20532.01,11300.0,9232.01,0.5504,2.7501,246,50,True,AT_RISK,MEDIUM,INCREASE_CONTRIBUTION,"Increase the monthly goal contribution by ₹9,232 (to ₹20,532).","This uses 20% of the ₹45,165 surplus that is currently not invested, so no spending cut is strictly required.",Keep the current contribution and extend the timeline to 246 months (20 yr 6 mo).,0.0,0.2541,,No
CUST0316,49,Higher Education,UPI,185988.0,20,131171.0,68500.0,62671.0,12600.0,39,0.4778,0.5222,50071.0,9299.4,12600.0,0.0,1.3549,6.7393,15,3,True,ON_TRACK,LOW,MAINTAIN,"Maintain the current ₹12,600 monthly investment.","It already covers the ₹9,299 required (135% coverage).","Optionally reach the goal in 3 months by directing the full ₹62,671 surplus to it.",0.0,0.8414,,Yes
CUST0317,27,Retirement,Card,6436817.0,165,20339.0,11600.0,8739.0,2900.0,61,0.4297,0.5703,5839.0,39011.01,2900.0,30272.01,0.0743,0.224,2220,737,False,NEEDS_ADJUSTMENT,HIGH,EXTEND_TIMELINE,"Extend the timeline to 737 months (61 yr 5 mo) while investing the full ₹8,739 surplus.","Expenses are already at or below the dataset median ratio, so a longer timeline is the main lever.","Keep the 165-month timeline with a smaller target of about ₹14,41,935.",0.0,0.0,,No
CUST0318,57,Vehicle,Card,513489.0,39,56108.0,18300.0,37808.0,4600.0,23,0.6738,0.3262,33208.0,13166.38,4600.0,8566.38,0.3494,2.8716,112,14,True,AT_RISK,MEDIUM,INCREASE_CONTRIBUTION,"Increase the monthly goal contribution by ₹8,566 (to ₹13,166).","This uses 26% of the ₹33,208 surplus that is currently not invested, so no spending cut is strictly required.",Keep the current contribution and extend the timeline to 112 months (9 yr 4 mo).,0.0,0.8207,,Yes
CUST0319,34,Travel,Mixed,63285.0,5,44381.0,31200.0,13181.0,3700.0,16,0.297,0.703,9481.0,12657.0,3700.0,8957.0,0.2923,1.0414,18,5,True,AT_RISK,MEDIUM,INCREASE_CONTRIBUTION,"Increase the monthly goal contribution by ₹8,957 (to ₹12,657).","This uses 94% of the ₹9,481 surplus that is currently not invested, so no spending cut is strictly required.",Keep the current contribution and extend the timeline to 18 months (1 yr 6 mo).,5796.32,0.6607,,No
CUST0320,45,Home Purchase,UPI,4450853.0,44,86388.0,27200.0,59188.0,16500.0,49,0.6851,0.3149,42688.0,101155.75,16500.0,41967.75,0.1631,0.5851,270,76,False,NEEDS_ADJUSTMENT,HIGH,EXTEND_TIMELINE,"Extend the timeline to 76 months (6 yr 4 mo) while investing the full ₹59,188 surplus.","Expenses are already at or below the dataset median ratio, so a longer timeline is the main lever.","Keep the 44-month timeline with a smaller target of about ₹26,04,272.",0.0,0.0208,,No
CUST0321,56,Higher Education,UPI,585363.0,24,53529.0,32000.0,21529.0,5200.0,37,0.4022,0.5978,16329.0,24390.12,5200.0,2861.12,0.2132,0.8827,113,28,False,NEEDS_ADJUSTMENT,HIGH,COMBINED,"Cut expenses by ₹1,360 (4%) and extend the timeline to 26 months (2 yr 2 mo).","A realistic expense cut alone does not close the ₹2,861 gap, so it is combined with a longer timeline.","Keep the 24-month timeline with a smaller target of about ₹5,16,696.",1360.0,0.2809,,No
CUST0322,34,Vehicle,UPI,1007342.0,14,107057.0,81400.0,25657.0,18600.0,60,0.2397,0.7603,7057.0,71953.0,18600.0,46296.0,0.2585,0.3566,55,40,False,NEEDS_ADJUSTMENT,HIGH,COMBINED,"Cut expenses by ₹20,121 (25%) and extend the timeline to 23 months (1 yr 11 mo).","A realistic expense cut alone does not close the ₹46,296 gap, so it is combined with a longer timeline. High impulse spending suggests discretionary spending is the place to start.","Keep the 14-month timeline with a smaller target of about ₹3,59,198.",20120.57,0.2931,,No
CUST0323,24,Vehicle,UPI,612362.0,12,164073.0,115700.0,48373.0,7600.0,42,0.2948,0.7052,40773.0,51030.17,7600.0,2657.17,0.1489,0.9479,81,13,False,NEEDS_ADJUSTMENT,HIGH,REDUCE_EXPENSES,"Cut monthly expenses by ₹2,657 (2.3% of spending) and invest the full surplus.","That exactly closes the shortfall within the original 12 months. It is well within a realistic cut: bringing the expense ratio down to the dataset median of 57.2% would free up to ₹21,785 a month.","Keep the 12-month timeline with a smaller target of about ₹5,80,476.",21784.61,0.8674,"Note: similar profiles achieved this kind of goal 85% of the time per the ML model, but the plan still needs adjustment on current numbers.",Yes
CUST0324,56,Emergency Fund,UPI,292264.0,17,27182.0,15400.0,11782.0,1100.0,18,0.4334,0.5666,10682.0,17192.0,1100.0,5410.0,0.064,0.6853,266,25,False,NEEDS_ADJUSTMENT,HIGH,EXTEND_TIMELINE,"Extend the timeline to 25 months (2 yr 1 mo) while investing the full ₹11,782 surplus.","Expenses are already at or below the dataset median ratio, so a longer timeline is the main lever.","Keep the 17-month timeline with a smaller target of about ₹2,00,294.",0.0,0.4096,,Yes
CUST0325,60,Vehicle,Card,388308.0,21,53552.0,23400.0,30152.0,3700.0,42,0.563,0.437,26452.0,18490.86,3700.0,14790.86,0.2001,1.6306,105,13,True,AT_RISK,MEDIUM,INCREASE_CONTRIBUTION,"Increase the monthly goal contribution by ₹14,791 (to ₹18,491).","This uses 56% of the ₹26,452 surplus that is currently not invested, so no spending cut is strictly required.",Keep the current contribution and extend the timeline to 105 months (8 yr 9 mo).,0.0,0.5833,,No
CUST0326,44,Emergency Fund,UPI,240661.0,6,96803.0,60100.0,36703.0,1500.0,43,0.3792,0.6208,35203.0,40110.17,1500.0,3407.17,0.0374,0.9151,161,7,False,NEEDS_ADJUSTMENT,HIGH,REDUCE_EXPENSES,"Cut monthly expenses by ₹3,407 (5.7% of spending) and invest the full surplus.","That exactly closes the shortfall within the original 6 months. It is well within a realistic cut: bringing the expense ratio down to the dataset median of 57.2% would free up to ₹4,690 a month.","Keep the 6-month timeline with a smaller target of about ₹2,20,218.",4689.96,0.4632,,Yes
CUST0327,46,Emergency Fund,Wallet,71703.0,9,126924.0,64300.0,62624.0,20700.0,38,0.4934,0.5066,41924.0,7967.0,20700.0,0.0,2.5982,7.8604,4,2,True,ON_TRACK,LOW,MAINTAIN,"Maintain the current ₹20,700 monthly investment.","It already covers the ₹7,967 required (260% coverage).","Optionally reach the goal in 2 months by directing the full ₹62,624 surplus to it.",0.0,0.9313,,Yes
CUST0328,25,Emergency Fund,UPI,191921.0,19,133480.0,65100.0,68380.0,18300.0,80,0.5123,0.4877,50080.0,10101.11,18300.0,0.0,1.8117,6.7696,11,3,True,ON_TRACK,LOW,MAINTAIN,"Maintain the current ₹18,300 monthly investment.","It already covers the ₹10,101 required (181% coverage).","Optionally reach the goal in 3 months by directing the full ₹68,380 surplus to it.",0.0,0.7177,,Yes
CUST0329,52,Emergency Fund,Card,112082.0,15,59911.0,31500.0,28411.0,1800.0,26,0.4742,0.5258,26611.0,7472.13,1800.0,5672.13,0.2409,3.8023,63,4,True,AT_RISK,MEDIUM,INCREASE_CONTRIBUTION,"Increase the monthly goal contribution by ₹5,672 (to ₹7,472).","This uses 21% of the ₹26,611 surplus that is currently not invested, so no spending cut is strictly required.",Keep the current contribution and extend the timeline to 63 months (5 yr 3 mo).,0.0,0.7926,,Yes
CUST0330,33,Emergency Fund,UPI,212635.0,24,77518.0,40300.0,37218.0,10700.0,36,0.4801,0.5199,26518.0,8859.79,10700.0,0.0,1.2077,4.2008,20,6,True,ON_TRACK,LOW,MAINTAIN,"Maintain the current ₹10,700 monthly investment.","It already covers the ₹8,860 required (121% coverage).","Optionally reach the goal in 6 months by directing the full ₹37,218 surplus to it.",0.0,0.6474,,No
CUST0331,52,Emergency Fund,Wallet,144160.0,13,42091.0,20900.0,21191.0,7900.0,22,0.5035,0.4965,13291.0,11089.23,7900.0,3189.23,0.7124,1.911,19,7,True,AT_RISK,MEDIUM,INCREASE_CONTRIBUTION,"Increase the monthly goal contribution by ₹3,189 (to ₹11,089).","This uses 24% of the ₹13,291 surplus that is currently not invested, so no spending cut is strictly required.",Keep the current contribution and extend the timeline to 19 months (1 yr 7 mo).,0.0,0.6106,,Yes
CUST0332,45,Home Purchase,Mixed,2756506.0,110,167740.0,70000.0,97740.0,5100.0,53,0.5827,0.4173,92640.0,25059.15,5100.0,19959.15,0.2035,3.9004,541,29,True,AT_RISK,MEDIUM,INCREASE_CONTRIBUTION,"Increase the monthly goal contribution by ₹19,959 (to ₹25,059).","This uses 22% of the ₹92,640 surplus that is currently not invested, so no spending cut is strictly required.",Keep the current contribution and extend the timeline to 541 months (45 yr 1 mo).,0.0,0.1771,"Caution: although the gap is closable on paper, the ML model estimates only 19% likelihood of achievement for similar profiles in the dataset.",No
CUST0333,57,Home Purchase,Card,2733434.0,68,27790.0,16700.0,11090.0,5400.0,7,0.3991,0.6009,5690.0,40197.56,5400.0,29107.56,0.1343,0.2759,507,247,False,NEEDS_ADJUSTMENT,HIGH,COMBINED,Cut expenses by ₹793 (5%) and extend the timeline to 231 months (19 yr 3 mo).,"A realistic expense cut alone does not close the ₹29,108 gap, so it is combined with a longer timeline.","Keep the 68-month timeline with a smaller target of about ₹7,54,120.",793.0,0.0313,,No
CUST0334,33,Higher Education,Card,470207.0,37,66137.0,37000.0,29137.0,4200.0,57,0.4406,0.5594,24937.0,12708.3,4200.0,8508.3,0.3305,2.2928,112,17,True,AT_RISK,MEDIUM,INCREASE_CONTRIBUTION,"Increase the monthly goal contribution by ₹8,508 (to ₹12,708).","This uses 34% of the ₹24,937 surplus that is currently not invested, so no spending cut is strictly required.",Keep the current contribution and extend the timeline to 112 months (9 yr 4 mo).,0.0,0.298,,No
CUST0335,45,Home Purchase,Card,4009662.0,43,30245.0,21000.0,9245.0,5800.0,53,0.3057,0.6943,3445.0,93247.95,5800.0,84002.95,0.0622,0.0991,692,434,False,NEEDS_ADJUSTMENT,HIGH,COMBINED,"Cut expenses by ₹3,688 (18%) and extend the timeline to 311 months (25 yr 11 mo).","A realistic expense cut alone does not close the ₹84,003 gap, so it is combined with a longer timeline. High impulse spending suggests discretionary spending is the place to start.","Keep the 43-month timeline with a smaller target of about ₹3,97,535.",3687.76,0.0009,,No
CUST0336,34,Emergency Fund,Card,287241.0,22,58746.0,47100.0,11646.0,700.0,54,0.1982,0.8018,10946.0,13056.41,700.0,1410.41,0.0536,0.892,411,25,False,NEEDS_ADJUSTMENT,HIGH,REDUCE_EXPENSES,"Cut monthly expenses by ₹1,410 (3.0% of spending) and invest the full surplus.","That exactly closes the shortfall within the original 22 months. It is well within a realistic cut: bringing the expense ratio down to the dataset median of 57.2% would free up to ₹13,474 a month. High impulse spending suggests discretionary spending is the place to start.","Keep the 22-month timeline with a smaller target of about ₹2,56,212.",13473.79,0.1158,,No
CUST0337,27,Home Purchase,Card,1204177.0,108,170350.0,127400.0,42950.0,19800.0,51,0.2521,0.7479,23150.0,11149.79,19800.0,0.0,1.7758,3.8521,61,29,True,ON_TRACK,LOW,MAINTAIN,"Maintain the current ₹19,800 monthly investment.","It already covers the ₹11,150 required (178% coverage).","Optionally reach the goal in 29 months (2 yr 5 mo) by directing the full ₹42,950 surplus to it.",29891.66,0.46,,Yes
CUST0338,39,Emergency Fund,Mixed,264399.0,14,152195.0,114800.0,37395.0,26400.0,6,0.2457,0.7543,10995.0,18885.64,26400.0,0.0,1.3979,1.9801,11,8,True,ON_TRACK,LOW,MAINTAIN,"Maintain the current ₹26,400 monthly investment.","It already covers the ₹18,886 required (140% coverage).","Optionally reach the goal in 8 months by directing the full ₹37,395 surplus to it.",27683.58,0.9719,,Yes
CUST0339,39,Vehicle,UPI,1031890.0,30,93043.0,62400.0,30643.0,6400.0,71,0.3293,0.6707,24243.0,34396.33,6400.0,3753.33,0.1861,0.8909,162,34,False,NEEDS_ADJUSTMENT,HIGH,REDUCE_EXPENSES,"Cut monthly expenses by ₹3,753 (6.0% of spending) and invest the full surplus.","That exactly closes the shortfall within the original 30 months. It is well within a realistic cut: bringing the expense ratio down to the dataset median of 57.2% would free up to ₹9,142 a month. High impulse spending suggests discretionary spending is the place to start.","Keep the 30-month timeline with a smaller target of about ₹9,19,290.",9142.19,0.1235,,No
CUST0340,25,Higher Education,Wallet,513779.0,47,137871.0,86000.0,51871.0,16400.0,49,0.3762,0.6238,35471.0,10931.47,16400.0,0.0,1.5003,4.7451,32,10,True,ON_TRACK,LOW,MAINTAIN,"Maintain the current ₹16,400 monthly investment.","It already covers the ₹10,931 required (150% coverage).","Optionally reach the goal in 10 months by directing the full ₹51,871 surplus to it.",7082.64,0.7672,,No
CUST0341,51,Emergency Fund,UPI,90982.0,9,37310.0,19400.0,17910.0,800.0,23,0.48,0.52,17110.0,10109.11,800.0,9309.11,0.0791,1.7717,114,6,True,AT_RISK,MEDIUM,INCREASE_CONTRIBUTION,"Increase the monthly goal contribution by ₹9,309 (to ₹10,109).","This uses 54% of the ₹17,110 surplus that is currently not invested, so no spending cut is strictly required.",Keep the current contribution and extend the timeline to 114 months (9 yr 6 mo).,0.0,0.5186,,Yes
CUST0342,26,Emergency Fund,UPI,202648.0,15,198113.0,112600.0,85513.0,11000.0,30,0.4316,0.5684,74513.0,13509.87,11000.0,2509.87,0.8142,6.3297,19,3,True,AT_RISK,MEDIUM,INCREASE_CONTRIBUTION,"Increase the monthly goal contribution by ₹2,510 (to ₹13,510).","This uses 3% of the ₹74,513 surplus that is currently not invested, so no spending cut is strictly required.",Keep the current contribution and extend the timeline to 19 months (1 yr 7 mo).,0.0,0.9809,,Yes
CUST0343,56,Travel,UPI,129137.0,16,125384.0,48100.0,77284.0,9900.0,33,0.6164,0.3836,67384.0,8071.06,9900.0,0.0,1.2266,9.5754,14,2,True,ON_TRACK,LOW,MAINTAIN,"Maintain the current ₹9,900 monthly investment.","It already covers the ₹8,071 required (123% coverage).","Optionally reach the goal in 2 months by directing the full ₹77,284 surplus to it.",0.0,0.9725,,Yes
CUST0344,50,Retirement,UPI,6190162.0,42,194446.0,93000.0,101446.0,5500.0,39,0.5217,0.4783,95946.0,147384.81,5500.0,45938.81,0.0373,0.6883,1126,62,False,NEEDS_ADJUSTMENT,HIGH,EXTEND_TIMELINE,"Extend the timeline to 62 months (5 yr 2 mo) while investing the full ₹1,01,446 surplus.","Expenses are already at or below the dataset median ratio, so a longer timeline is the main lever.","Keep the 42-month timeline with a smaller target of about ₹42,60,732.",0.0,0.0113,,No
CUST0345,40,Emergency Fund,Mixed,269965.0,24,174165.0,137700.0,36465.0,34200.0,60,0.2094,0.7906,2265.0,11248.54,34200.0,0.0,3.0404,3.2418,8,8,True,ON_TRACK,LOW,MAINTAIN,"Maintain the current ₹34,200 monthly investment.","It already covers the ₹11,249 required (304% coverage).","Optionally reach the goal in 8 months by directing the full ₹36,465 surplus to it.",38007.95,0.7352,,Yes
CUST0346,59,Emergency Fund,Card,110930.0,18,171511.0,118100.0,53411.0,14300.0,45,0.3114,0.6886,39111.0,6162.78,14300.0,0.0,2.3204,8.6667,8,3,True,ON_TRACK,LOW,MAINTAIN,"Maintain the current ₹14,300 monthly investment.","It already covers the ₹6,163 required (232% coverage).","Optionally reach the goal in 3 months by directing the full ₹53,411 surplus to it.",19927.1,0.8856,,Yes
CUST0347,45,Emergency Fund,UPI,287975.0,24,180523.0,109200.0,71323.0,15700.0,23,0.3951,0.6049,55623.0,11998.96,15700.0,0.0,1.3084,5.9441,19,5,True,ON_TRACK,LOW,MAINTAIN,"Maintain the current ₹15,700 monthly investment.","It already covers the ₹11,999 required (131% coverage).","Optionally reach the goal in 5 months by directing the full ₹71,323 surplus to it.",5868.63,0.9613,,Yes
CUST0348,56,Emergency Fund,Card,102552.0,21,117937.0,71700.0,46237.0,9400.0,33,0.392,0.608,36837.0,4883.43,9400.0,0.0,1.9249,9.4681,11,3,True,ON_TRACK,LOW,MAINTAIN,"Maintain the current ₹9,400 monthly investment.","It already covers the ₹4,883 required (192% coverage).","Optionally reach the goal in 3 months by directing the full ₹46,237 surplus to it.",4192.86,0.9035,,Yes
CUST0349,43,Vehicle,UPI,562872.0,49,107523.0,49600.0,57923.0,17700.0,18,0.5387,0.4613,40223.0,11487.18,17700.0,0.0,1.5408,5.0424,32,10,True,ON_TRACK,LOW,MAINTAIN,"Maintain the current ₹17,700 monthly investment.","It already covers the ₹11,487 required (154% coverage).","Optionally reach the goal in 10 months by directing the full ₹57,923 surplus to it.",0.0,0.927,,Yes
CUST0350,33,Vehicle,UPI,761704.0,53,118021.0,82800.0,35221.0,19300.0,48,0.2984,0.7016,15921.0,14371.77,19300.0,0.0,1.3429,2.4507,40,22,True,ON_TRACK,LOW,MAINTAIN,"Maintain the current ₹19,300 monthly investment.","It already covers the ₹14,372 required (134% coverage).","Optionally reach the goal in 22 months (1 yr 10 mo) by directing the full ₹35,221 surplus to it.",15244.78,0.5567,,No
CUST0351,32,Travel,UPI,151621.0,8,155184.0,103100.0,52084.0,27900.0,6,0.3356,0.6644,24184.0,18952.62,27900.0,0.0,1.4721,2.7481,6,3,True,ON_TRACK,LOW,MAINTAIN,"Maintain the current ₹27,900 monthly investment.","It already covers the ₹18,953 required (147% coverage).","Optionally reach the goal in 3 months by directing the full ₹52,084 surplus to it.",14272.68,0.9897,,Yes
CUST0352,54,Emergency Fund,Mixed,263707.0,23,160408.0,93700.0,66708.0,10600.0,24,0.4159,0.5841,56108.0,11465.52,10600.0,865.52,0.9245,5.8181,25,4,True,AT_RISK,MEDIUM,INCREASE_CONTRIBUTION,"Increase the monthly goal contribution by ₹866 (to ₹11,466).","This uses 2% of the ₹56,108 surplus that is currently not invested, so no spending cut is strictly required.",Keep the current contribution and extend the timeline to 25 months (2 yr 1 mo).,1882.46,0.9413,,Yes
CUST0353,31,Higher Education,UPI,288779.0,19,57900.0,24200.0,33700.0,5500.0,62,0.582,0.418,28200.0,15198.89,5500.0,9698.89,0.3619,2.2173,53,9,True,AT_RISK,MEDIUM,INCREASE_CONTRIBUTION,"Increase the monthly goal contribution by ₹9,699 (to ₹15,199).","This uses 34% of the ₹28,200 surplus that is currently not invested, so no spending cut is strictly required.",Keep the current contribution and extend the timeline to 53 months (4 yr 5 mo).,0.0,0.4024,,No
CUST0354,36,Vehicle,Card,767439.0,55,66934.0,37800.0,29134.0,5400.0,74,0.4353,0.5647,23734.0,13953.44,5400.0,8553.44,0.387,2.0879,143,27,True,AT_RISK,MEDIUM,INCREASE_CONTRIBUTION,"Increase the monthly goal contribution by ₹8,553 (to ₹13,953).","This uses 36% of the ₹23,734 surplus that is currently not invested, so no spending cut is strictly required.",Keep the current contribution and extend the timeline to 143 months (11 yr 11 mo).,0.0,0.1401,"Caution: although the gap is closable on paper, the ML model estimates only 15% likelihood of achievement for similar profiles in the dataset.",No
CUST0355,45,Vehicle,UPI,342822.0,59,139701.0,110700.0,29001.0,25700.0,42,0.2076,0.7924,3301.0,5810.54,25700.0,0.0,4.423,4.9911,14,12,True,ON_TRACK,LOW,MAINTAIN,"Maintain the current ₹25,700 monthly investment.","It already covers the ₹5,811 required (442% coverage).","Optionally reach the goal in 12 months (1 yr) by directing the full ₹29,001 surplus to it.",30735.15,0.8416,,Yes
CUST0356,51,Emergency Fund,UPI,196118.0,18,98253.0,62900.0,35353.0,12300.0,47,0.3598,0.6402,23053.0,10895.44,12300.0,0.0,1.1289,3.2448,16,6,True,ON_TRACK,LOW,MAINTAIN,"Maintain the current ₹12,300 monthly investment.","It already covers the ₹10,895 required (113% coverage).","Optionally reach the goal in 6 months by directing the full ₹35,353 surplus to it.",6659.98,0.6854,,Yes
CUST0357,30,Emergency Fund,Wallet,219393.0,8,161261.0,105100.0,56161.0,12000.0,36,0.3483,0.6517,44161.0,27424.12,12000.0,15424.12,0.4376,2.0479,19,4,True,AT_RISK,MEDIUM,INCREASE_CONTRIBUTION,"Increase the monthly goal contribution by ₹15,424 (to ₹27,424).","This uses 35% of the ₹44,161 surplus that is currently not invested, so no spending cut is strictly required.",Keep the current contribution and extend the timeline to 19 months (1 yr 7 mo).,12794.2,0.8873,,Yes
CUST0358,24,Emergency Fund,UPI,289424.0,8,119259.0,76100.0,43159.0,4000.0,17,0.3619,0.6381,39159.0,36178.0,4000.0,32178.0,0.1106,1.193,73,7,True,AT_RISK,MEDIUM,INCREASE_CONTRIBUTION,"Increase the monthly goal contribution by ₹32,178 (to ₹36,178).","This uses 82% of the ₹39,159 surplus that is currently not invested, so no spending cut is strictly required.",Keep the current contribution and extend the timeline to 73 months (6 yr 1 mo).,7836.15,0.8547,,Yes
CUST0359,27,Vehicle,UPI,199235.0,30,28059.0,10500.0,17559.0,3000.0,16,0.6258,0.3742,14559.0,6641.17,3000.0,3641.17,0.4517,2.644,67,12,True,AT_RISK,MEDIUM,INCREASE_CONTRIBUTION,"Increase the monthly goal contribution by ₹3,641 (to ₹6,641).","This uses 25% of the ₹14,559 surplus that is currently not invested, so no spending cut is strictly required.",Keep the current contribution and extend the timeline to 67 months (5 yr 7 mo).,0.0,0.8449,,Yes
CUST0360,29,Higher Education,Mixed,108290.0,14,77510.0,36600.0,40910.0,3200.0,65,0.5278,0.4722,37710.0,7735.0,3200.0,4535.0,0.4137,5.2889,34,3,True,AT_RISK,MEDIUM,INCREASE_CONTRIBUTION,"Increase the monthly goal contribution by ₹4,535 (to ₹7,735).","This uses 12% of the ₹37,710 surplus that is currently not invested, so no spending cut is strictly required.",Keep the current contribution and extend the timeline to 34 months (2 yr 10 mo).,0.0,0.6197,,No
CUST0361,47,Retirement,Card,5570804.0,87,183895.0,111500.0,72395.0,10300.0,46,0.3937,0.6063,62095.0,64032.23,10300.0,53732.23,0.1609,1.1306,541,77,True,AT_RISK,MEDIUM,INCREASE_CONTRIBUTION,"Increase the monthly goal contribution by ₹53,732 (to ₹64,032).","This uses 87% of the ₹62,095 surplus that is currently not invested, so no spending cut is strictly required.",Keep the current contribution and extend the timeline to 541 months (45 yr 1 mo).,6238.5,0.0062,"Caution: although the gap is closable on paper, the ML model estimates only 1% likelihood of achievement for similar profiles in the dataset.",No
CUST0362,21,Vehicle,UPI,764197.0,27,140783.0,93800.0,46983.0,1600.0,46,0.3337,0.6663,45383.0,28303.59,1600.0,26703.59,0.0565,1.66,478,17,True,AT_RISK,MEDIUM,INCREASE_CONTRIBUTION,"Increase the monthly goal contribution by ₹26,704 (to ₹28,304).","This uses 59% of the ₹45,383 surplus that is currently not invested, so no spending cut is strictly required.",Keep the current contribution and extend the timeline to 478 months (39 yr 10 mo).,13215.81,0.6895,,Yes
CUST0363,59,Emergency Fund,Card,147744.0,9,35628.0,19600.0,16028.0,4400.0,48,0.4499,0.5501,11628.0,16416.0,4400.0,388.0,0.268,0.9764,34,10,False,NEEDS_ADJUSTMENT,HIGH,EXTEND_TIMELINE,"Extend the timeline to 10 months while investing the full ₹16,028 surplus.","Expenses are already at or below the dataset median ratio, so a longer timeline is the main lever.","Keep the 9-month timeline with a smaller target of about ₹1,44,252.",0.0,0.1879,,No
CUST0364,55,Travel,Wallet,77879.0,16,147429.0,102400.0,45029.0,18900.0,18,0.3054,0.6946,26129.0,4867.44,18900.0,0.0,3.8829,9.2511,5,2,True,ON_TRACK,LOW,MAINTAIN,"Maintain the current ₹18,900 monthly investment.","It already covers the ₹4,867 required (388% coverage).","Optionally reach the goal in 2 months by directing the full ₹45,029 surplus to it.",18011.64,0.944,,Yes
CUST0365,25,Emergency Fund,UPI,283178.0,22,99113.0,70700.0,28413.0,8400.0,35,0.2867,0.7133,20013.0,12871.73,8400.0,4471.73,0.6526,2.2074,34,10,True,AT_RISK,MEDIUM,INCREASE_CONTRIBUTION,"Increase the monthly goal contribution by ₹4,472 (to ₹12,872).","This uses 22% of the ₹20,013 surplus that is currently not invested, so no spending cut is strictly required.",Keep the current contribution and extend the timeline to 34 months (2 yr 10 mo).,13967.72,0.6759,,Yes
CUST0366,37,Retirement,Card,5901601.0,54,37583.0,18600.0,18983.0,5400.0,16,0.5051,0.4949,13583.0,109288.91,5400.0,90305.91,0.0494,0.1737,1093,311,False,NEEDS_ADJUSTMENT,HIGH,EXTEND_TIMELINE,"Extend the timeline to 311 months (25 yr 11 mo) while investing the full ₹18,983 surplus.","Expenses are already at or below the dataset median ratio, so a longer timeline is the main lever.","Keep the 54-month timeline with a smaller target of about ₹10,25,082.",0.0,0.0013,,No
CUST0367,55,Emergency Fund,Mixed,133375.0,22,27250.0,17200.0,10050.0,4400.0,24,0.3688,0.6312,5650.0,6062.5,4400.0,1662.5,0.7258,1.6577,31,14,True,AT_RISK,MEDIUM,INCREASE_CONTRIBUTION,"Increase the monthly goal contribution by ₹1,662 (to ₹6,062).","This uses 29% of the ₹5,650 surplus that is currently not invested, so no spending cut is strictly required.",Keep the current contribution and extend the timeline to 31 months (2 yr 7 mo).,1602.1,0.3246,,Yes
CUST0368,41,Emergency Fund,Card,292879.0,23,37608.0,10700.0,26908.0,4000.0,57,0.7155,0.2845,22908.0,12733.87,4000.0,8733.87,0.3141,2.1131,74,11,True,AT_RISK,MEDIUM,INCREASE_CONTRIBUTION,"Increase the monthly goal contribution by ₹8,734 (to ₹12,734).","This uses 38% of the ₹22,908 surplus that is currently not invested, so no spending cut is strictly required.",Keep the current contribution and extend the timeline to 74 months (6 yr 2 mo).,0.0,0.5788,,No
CUST0369,42,Vehicle,Card,219718.0,39,183522.0,112100.0,71422.0,19000.0,55,0.3892,0.6108,52422.0,5633.79,19000.0,0.0,3.3725,12.6774,12,4,True,ON_TRACK,LOW,MAINTAIN,"Maintain the current ₹19,000 monthly investment.","It already covers the ₹5,634 required (337% coverage).","Optionally reach the goal in 4 months by directing the full ₹71,422 surplus to it.",7052.01,0.9454,,Yes
CUST0370,21,Home Purchase,UPI,3024677.0,24,93758.0,53000.0,40758.0,3000.0,74,0.4347,0.5653,37758.0,126028.21,3000.0,85270.21,0.0238,0.3234,1009,75,False,NEEDS_ADJUSTMENT,HIGH,EXTEND_TIMELINE,"Extend the timeline to 75 months (6 yr 3 mo) while investing the full ₹40,758 surplus.","Expenses are already at or below the dataset median ratio, so a longer timeline is the main lever.","Keep the 24-month timeline with a smaller target of about ₹9,78,192.",0.0,0.0213,,No
CUST0371,33,Home Purchase,Mixed,1637813.0,108,78688.0,40200.0,38488.0,12200.0,55,0.4891,0.5109,26288.0,15164.94,12200.0,2964.94,0.8045,2.538,135,43,True,AT_RISK,MEDIUM,INCREASE_CONTRIBUTION,"Increase the monthly goal contribution by ₹2,965 (to ₹15,165).","This uses 11% of the ₹26,288 surplus that is currently not invested, so no spending cut is strictly required.",Keep the current contribution and extend the timeline to 135 months (11 yr 3 mo).,0.0,0.0935,"Caution: although the gap is closable on paper, the ML model estimates only 11% likelihood of achievement for similar profiles in the dataset.",No
CUST0372,28,Emergency Fund,UPI,292364.0,7,23831.0,11400.0,12431.0,4100.0,57,0.5216,0.4784,8331.0,41766.29,4100.0,29335.29,0.0982,0.2976,72,24,False,NEEDS_ADJUSTMENT,HIGH,EXTEND_TIMELINE,"Extend the timeline to 24 months (2 yr) while investing the full ₹12,431 surplus.","Expenses are already at or below the dataset median ratio, so a longer timeline is the main lever.","Keep the 7-month timeline with a smaller target of about ₹87,017.",0.0,0.1594,,Yes
CUST0373,42,Emergency Fund,UPI,124617.0,14,49827.0,29100.0,20727.0,2900.0,39,0.416,0.584,17827.0,8901.21,2900.0,6001.21,0.3258,2.3286,43,7,True,AT_RISK,MEDIUM,INCREASE_CONTRIBUTION,"Increase the monthly goal contribution by ₹6,001 (to ₹8,901).","This uses 34% of the ₹17,827 surplus that is currently not invested, so no spending cut is strictly required.",Keep the current contribution and extend the timeline to 43 months (3 yr 7 mo).,579.03,0.5146,,No
CUST0374,24,Home Purchase,UPI,2460450.0,80,199772.0,98500.0,101272.0,11900.0,37,0.5069,0.4931,89372.0,30755.62,11900.0,18855.62,0.3869,3.2928,207,25,True,AT_RISK,MEDIUM,INCREASE_CONTRIBUTION,"Increase the monthly goal contribution by ₹18,856 (to ₹30,756).","This uses 21% of the ₹89,372 surplus that is currently not invested, so no spending cut is strictly required.",Keep the current contribution and extend the timeline to 207 months (17 yr 3 mo).,0.0,0.6519,,Yes
CUST0375,33,Retirement,UPI,4413468.0,155,89207.0,47300.0,41907.0,9300.0,37,0.4698,0.5302,32607.0,28473.99,9300.0,19173.99,0.3266,1.4718,475,106,True,AT_RISK,MEDIUM,INCREASE_CONTRIBUTION,"Increase the monthly goal contribution by ₹19,174 (to ₹28,474).","This uses 59% of the ₹32,607 surplus that is currently not invested, so no spending cut is strictly required.",Keep the current contribution and extend the timeline to 475 months (39 yr 7 mo).,0.0,0.0047,"Caution: although the gap is closable on paper, the ML model estimates only 1% likelihood of achievement for similar profiles in the dataset.",No
CUST0376,38,Vehicle,Card,667754.0,41,118475.0,48000.0,70475.0,16800.0,36,0.5949,0.4051,53675.0,16286.68,16800.0,0.0,1.0315,4.3272,40,10,True,ON_TRACK,LOW,MAINTAIN,"Maintain the current ₹16,800 monthly investment.","It already covers the ₹16,287 required (103% coverage).","Optionally reach the goal in 10 months by directing the full ₹70,475 surplus to it.",0.0,0.9007,,Yes
CUST0377,58,Retirement,Card,3527421.0,177,159654.0,101700.0,57954.0,9100.0,53,0.363,0.637,48854.0,19928.93,9100.0,10828.93,0.4566,2.908,388,61,True,AT_RISK,MEDIUM,INCREASE_CONTRIBUTION,"Increase the monthly goal contribution by ₹10,829 (to ₹19,929).","This uses 22% of the ₹48,854 surplus that is currently not invested, so no spending cut is strictly required.",Keep the current contribution and extend the timeline to 388 months (32 yr 4 mo).,10314.05,0.0303,"Caution: although the gap is closable on paper, the ML model estimates only 3% likelihood of achievement for similar profiles in the dataset.",No
CUST0378,25,Retirement,UPI,3857845.0,74,84397.0,30900.0,53497.0,2000.0,19,0.6339,0.3661,51497.0,52133.04,2000.0,50133.04,0.0384,1.0262,1929,73,True,AT_RISK,MEDIUM,INCREASE_CONTRIBUTION,"Increase the monthly goal contribution by ₹50,133 (to ₹52,133).","This uses 97% of the ₹51,497 surplus that is currently not invested, so no spending cut is strictly required.",Keep the current contribution and extend the timeline to 1929 months (160 yr 9 mo).,0.0,0.0418,"Caution: although the gap is closable on paper, the ML model estimates only 6% likelihood of achievement for similar profiles in the dataset.",No
CUST0379,60,Retirement,UPI,4019800.0,38,138274.0,53100.0,85174.0,15100.0,29,0.616,0.384,70074.0,105784.21,15100.0,20610.21,0.1427,0.8052,267,48,False,NEEDS_ADJUSTMENT,HIGH,EXTEND_TIMELINE,"Extend the timeline to 48 months (4 yr) while investing the full ₹85,174 surplus.","Expenses are already at or below the dataset median ratio, so a longer timeline is the main lever.","Keep the 38-month timeline with a smaller target of about ₹32,36,612.",0.0,0.1243,,No
CUST0380,30,Vehicle,UPI,908917.0,52,79550.0,65600.0,13950.0,4200.0,27,0.1754,0.8246,9750.0,17479.17,4200.0,3529.17,0.2403,0.7981,217,66,False,NEEDS_ADJUSTMENT,HIGH,REDUCE_EXPENSES,"Cut monthly expenses by ₹3,529 (5.4% of spending) and invest the full surplus.","That exactly closes the shortfall within the original 52 months. It is well within a realistic cut: bringing the expense ratio down to the dataset median of 57.2% would free up to ₹20,066 a month.","Keep the 52-month timeline with a smaller target of about ₹7,25,400.",20065.58,0.2807,,Yes
CUST0381,39,Emergency Fund,Mixed,167403.0,6,54472.0,35300.0,19172.0,6600.0,25,0.352,0.648,12572.0,27900.5,6600.0,8728.5,0.2366,0.6872,26,9,False,NEEDS_ADJUSTMENT,HIGH,COMBINED,"Cut expenses by ₹4,120 (12%) and extend the timeline to 8 months.","A realistic expense cut alone does not close the ₹8,728 gap, so it is combined with a longer timeline.","Keep the 6-month timeline with a smaller target of about ₹1,15,032.",4120.23,0.5518,"Note: similar profiles achieved this kind of goal 63% of the time per the ML model, but the plan still needs adjustment on current numbers.",Yes
CUST0382,31,Home Purchase,UPI,1433158.0,58,158891.0,122500.0,36391.0,19900.0,54,0.229,0.771,16491.0,24709.62,19900.0,4809.62,0.8054,1.4727,73,40,True,AT_RISK,MEDIUM,INCREASE_CONTRIBUTION,"Increase the monthly goal contribution by ₹4,810 (to ₹24,710).","This uses 29% of the ₹16,491 surplus that is currently not invested, so no spending cut is strictly required.",Keep the current contribution and extend the timeline to 73 months (6 yr 1 mo).,31550.79,0.244,"Caution: although the gap is closable on paper, the ML model estimates only 29% likelihood of achievement for similar profiles in the dataset.",Yes
CUST0383,24,Home Purchase,Mixed,1120831.0,31,91705.0,47100.0,44605.0,8400.0,5,0.4864,0.5136,36205.0,36155.84,8400.0,27755.84,0.2323,1.2337,134,26,True,AT_RISK,MEDIUM,INCREASE_CONTRIBUTION,"Increase the monthly goal contribution by ₹27,756 (to ₹36,156).","This uses 77% of the ₹36,205 surplus that is currently not invested, so no spending cut is strictly required.",Keep the current contribution and extend the timeline to 134 months (11 yr 2 mo).,0.0,0.782,,Yes
CUST0384,41,Emergency Fund,Card,206044.0,11,102557.0,45600.0,56957.0,9400.0,18,0.5554,0.4446,47557.0,18731.27,9400.0,9331.27,0.5018,3.0407,22,4,True,AT_RISK,MEDIUM,INCREASE_CONTRIBUTION,"Increase the monthly goal contribution by ₹9,331 (to ₹18,731).","This uses 20% of the ₹47,557 surplus that is currently not invested, so no spending cut is strictly required.",Keep the current contribution and extend the timeline to 22 months (1 yr 10 mo).,0.0,0.9428,,Yes
CUST0385,28,Emergency Fund,UPI,272269.0,14,192685.0,123400.0,69285.0,11300.0,34,0.3596,0.6404,57985.0,19447.79,11300.0,8147.79,0.581,3.5626,25,4,True,AT_RISK,MEDIUM,INCREASE_CONTRIBUTION,"Increase the monthly goal contribution by ₹8,148 (to ₹19,448).","This uses 14% of the ₹57,985 surplus that is currently not invested, so no spending cut is strictly required.",Keep the current contribution and extend the timeline to 25 months (2 yr 1 mo).,13107.11,0.9628,,Yes
CUST0386,53,Travel,Mixed,155653.0,11,22337.0,19100.0,3237.0,3700.0,47,0.1449,0.8551,0.0,14150.27,3237.0,10913.27,0.2288,0.2288,49,49,False,NEEDS_ADJUSTMENT,HIGH,COMBINED,"Cut expenses by ₹6,314 (33%) and extend the timeline to 17 months (1 yr 5 mo).","A realistic expense cut alone does not close the ₹10,913 gap, so it is combined with a longer timeline.","Keep the 11-month timeline with a smaller target of about ₹35,607.",6314.3,0.0781,,No
CUST0387,58,Retirement,Card,1206503.0,150,171510.0,49300.0,122210.0,23100.0,52,0.7126,0.2874,99110.0,8043.35,23100.0,0.0,2.8719,15.1939,53,10,True,ON_TRACK,LOW,MAINTAIN,"Maintain the current ₹23,100 monthly investment.","It already covers the ₹8,043 required (287% coverage).","Optionally reach the goal in 10 months by directing the full ₹1,22,210 surplus to it.",0.0,0.8497,,Yes
CUST0388,48,Home Purchase,Wallet,2589012.0,79,62982.0,24700.0,38282.0,3000.0,46,0.6078,0.3922,35282.0,32772.3,3000.0,29772.3,0.0915,1.1681,864,68,True,AT_RISK,MEDIUM,INCREASE_CONTRIBUTION,"Increase the monthly goal contribution by ₹29,772 (to ₹32,772).","This uses 84% of the ₹35,282 surplus that is currently not invested, so no spending cut is strictly required.",Keep the current contribution and extend the timeline to 864 months (72 yr).,0.0,0.0714,"Caution: although the gap is closable on paper, the ML model estimates only 7% likelihood of achievement for similar profiles in the dataset.",No
CUST0389,58,Vehicle,UPI,536670.0,17,198885.0,58800.0,140085.0,26000.0,33,0.7044,0.2956,114085.0,31568.82,26000.0,5568.82,0.8236,4.4374,21,4,True,AT_RISK,MEDIUM,INCREASE_CONTRIBUTION,"Increase the monthly goal contribution by ₹5,569 (to ₹31,569).","This uses 5% of the ₹1,14,085 surplus that is currently not invested, so no spending cut is strictly required.",Keep the current contribution and extend the timeline to 21 months (1 yr 9 mo).,0.0,0.9929,,Yes
CUST0390,48,Emergency Fund,UPI,78635.0,6,123463.0,48500.0,74963.0,4400.0,42,0.6072,0.3928,70563.0,13105.83,4400.0,8705.83,0.3357,5.7198,18,2,True,AT_RISK,MEDIUM,INCREASE_CONTRIBUTION,"Increase the monthly goal contribution by ₹8,706 (to ₹13,106).","This uses 12% of the ₹70,563 surplus that is currently not invested, so no spending cut is strictly required.",Keep the current contribution and extend the timeline to 18 months (1 yr 6 mo).,0.0,0.8868,,Yes
CUST0391,38,Emergency Fund,Mixed,165797.0,23,64647.0,35600.0,29047.0,2600.0,56,0.4493,0.5507,26447.0,7208.57,2600.0,4608.57,0.3607,4.0295,64,6,True,AT_RISK,MEDIUM,INCREASE_CONTRIBUTION,"Increase the monthly goal contribution by ₹4,609 (to ₹7,209).","This uses 17% of the ₹26,447 surplus that is currently not invested, so no spending cut is strictly required.",Keep the current contribution and extend the timeline to 64 months (5 yr 4 mo).,0.0,0.4875,,No
CUST0392,21,Home Purchase,UPI,2811709.0,88,102297.0,72700.0,29597.0,12800.0,30,0.2893,0.7107,16797.0,31951.24,12800.0,2354.24,0.4006,0.9263,220,95,False,NEEDS_ADJUSTMENT,HIGH,REDUCE_EXPENSES,"Cut monthly expenses by ₹2,354 (3.2% of spending) and invest the full surplus.","That exactly closes the shortfall within the original 88 months. It is well within a realistic cut: bringing the expense ratio down to the dataset median of 57.2% would free up to ₹14,145 a month.","Keep the 88-month timeline with a smaller target of about ₹26,04,536.",14145.2,0.0623,,No
CUST0393,22,Vehicle,Card,228153.0,38,126746.0,85000.0,41746.0,24400.0,48,0.3294,0.6706,17346.0,6004.03,24400.0,0.0,4.0639,6.953,10,6,True,ON_TRACK,LOW,MAINTAIN,"Maintain the current ₹24,400 monthly investment.","It already covers the ₹6,004 required (406% coverage).","Optionally reach the goal in 6 months by directing the full ₹41,746 surplus to it.",12450.59,0.8267,,Yes
CUST0394,47,Emergency Fund,UPI,234176.0,14,133721.0,74900.0,58821.0,24400.0,38,0.4399,0.5601,34421.0,16726.86,24400.0,0.0,1.4587,3.5166,10,4,True,ON_TRACK,LOW,MAINTAIN,"Maintain the current ₹24,400 monthly investment.","It already covers the ₹16,727 required (146% coverage).","Optionally reach the goal in 4 months by directing the full ₹58,821 surplus to it.",0.0,0.9023,,Yes
CUST0395,38,Vehicle,Wallet,797467.0,47,126495.0,65400.0,61095.0,14700.0,38,0.483,0.517,46395.0,16967.38,14700.0,2267.38,0.8664,3.6007,55,14,True,AT_RISK,MEDIUM,INCREASE_CONTRIBUTION,"Increase the monthly goal contribution by ₹2,267 (to ₹16,967).","This uses 5% of the ₹46,395 surplus that is currently not invested, so no spending cut is strictly required.",Keep the current contribution and extend the timeline to 55 months (4 yr 7 mo).,0.0,0.8281,,Yes
CUST0396,36,Retirement,UPI,3758647.0,151,180871.0,104800.0,76071.0,2500.0,53,0.4206,0.5794,73571.0,24891.7,2500.0,22391.7,0.1004,3.0561,1504,50,True,AT_RISK,MEDIUM,INCREASE_CONTRIBUTION,"Increase the monthly goal contribution by ₹22,392 (to ₹24,892).","This uses 30% of the ₹73,571 surplus that is currently not invested, so no spending cut is strictly required.",Keep the current contribution and extend the timeline to 1504 months (125 yr 4 mo).,1269.44,0.0373,"Caution: although the gap is closable on paper, the ML model estimates only 6% likelihood of achievement for similar profiles in the dataset.",No
CUST0397,30,Retirement,UPI,1429042.0,112,101748.0,28200.0,73548.0,2700.0,55,0.7228,0.2772,70848.0,12759.3,2700.0,10059.3,0.2116,5.7643,530,20,True,AT_RISK,MEDIUM,INCREASE_CONTRIBUTION,"Increase the monthly goal contribution by ₹10,059 (to ₹12,759).","This uses 14% of the ₹70,848 surplus that is currently not invested, so no spending cut is strictly required.",Keep the current contribution and extend the timeline to 530 months (44 yr 2 mo).,0.0,0.2786,,Yes
CUST0398,44,Travel,Mixed,247596.0,5,19133.0,11200.0,7933.0,2400.0,21,0.4146,0.5854,5533.0,49519.2,2400.0,41586.2,0.0485,0.1602,104,32,False,NEEDS_ADJUSTMENT,HIGH,COMBINED,Cut expenses by ₹248 (2%) and extend the timeline to 31 months (2 yr 7 mo).,"A realistic expense cut alone does not close the ₹41,586 gap, so it is combined with a longer timeline.","Keep the 5-month timeline with a smaller target of about ₹39,665.",248.27,0.5063,,Yes
CUST0399,53,Home Purchase,UPI,4841066.0,114,88769.0,38300.0,50469.0,12600.0,68,0.5685,0.4315,37869.0,42465.49,12600.0,29865.49,0.2967,1.1885,385,96,True,AT_RISK,MEDIUM,INCREASE_CONTRIBUTION,"Increase the monthly goal contribution by ₹29,865 (to ₹42,465).","This uses 79% of the ₹37,869 surplus that is currently not invested, so no spending cut is strictly required.",Keep the current contribution and extend the timeline to 385 months (32 yr 1 mo).,0.0,0.0011,"Caution: although the gap is closable on paper, the ML model estimates only 0% likelihood of achievement for similar profiles in the dataset.",No
CUST0400,30,Emergency Fund,UPI,286511.0,8,43286.0,20100.0,23186.0,3600.0,37,0.5356,0.4644,19586.0,35813.88,3600.0,12627.88,0.1005,0.6474,80,13,False,NEEDS_ADJUSTMENT,HIGH,EXTEND_TIMELINE,"Extend the timeline to 13 months (1 yr 1 mo) while investing the full ₹23,186 surplus.","Expenses are already at or below the dataset median ratio, so a longer timeline is the main lever.","Keep the 8-month timeline with a smaller target of about ₹1,85,488.",0.0,0.4468,,No
CUST0401,54,Vehicle,Wallet,1099560.0,37,116553.0,75000.0,41553.0,16200.0,50,0.3565,0.6435,25353.0,29717.84,16200.0,13517.84,0.5451,1.3983,68,27,True,AT_RISK,MEDIUM,INCREASE_CONTRIBUTION,"Increase the monthly goal contribution by ₹13,518 (to ₹29,718).","This uses 53% of the ₹25,353 surplus that is currently not invested, so no spending cut is strictly required.",Keep the current contribution and extend the timeline to 68 months (5 yr 8 mo).,8285.06,0.3802,,Yes
CUST0402,32,Vehicle,UPI,805924.0,48,56539.0,38500.0,18039.0,8200.0,31,0.3191,0.6809,9839.0,16790.08,8200.0,8590.08,0.4884,1.0744,99,45,True,AT_RISK,MEDIUM,INCREASE_CONTRIBUTION,"Increase the monthly goal contribution by ₹8,590 (to ₹16,790).","This uses 87% of the ₹9,839 surplus that is currently not invested, so no spending cut is strictly required.",Keep the current contribution and extend the timeline to 99 months (8 yr 3 mo).,6137.08,0.4066,,No
CUST0403,51,Home Purchase,UPI,2388652.0,60,98754.0,64100.0,34654.0,10700.0,25,0.3509,0.6491,23954.0,39810.87,10700.0,5156.87,0.2688,0.8705,224,69,False,NEEDS_ADJUSTMENT,HIGH,REDUCE_EXPENSES,"Cut monthly expenses by ₹5,157 (8.0% of spending) and invest the full surplus.","That exactly closes the shortfall within the original 60 months. It is well within a realistic cut: bringing the expense ratio down to the dataset median of 57.2% would free up to ₹7,573 a month.","Keep the 60-month timeline with a smaller target of about ₹20,79,240.",7573.21,0.1506,,No
CUST0404,48,Retirement,UPI,3370968.0,163,193598.0,101700.0,91898.0,21900.0,41,0.4747,0.5253,69998.0,20680.79,21900.0,0.0,1.059,4.4436,154,37,True,ON_TRACK,LOW,MAINTAIN,"Maintain the current ₹21,900 monthly investment.","It already covers the ₹20,681 required (106% coverage).","Optionally reach the goal in 37 months (3 yr 1 mo) by directing the full ₹91,898 surplus to it.",0.0,0.3887,"Caution: the ML model estimates only 32% likelihood of achievement for similar profiles, despite the arithmetic being on track.",No
CUST0405,48,Home Purchase,UPI,2233541.0,64,52830.0,27700.0,25130.0,7700.0,15,0.4757,0.5243,17430.0,34899.08,7700.0,9769.08,0.2206,0.7201,291,89,False,NEEDS_ADJUSTMENT,HIGH,EXTEND_TIMELINE,"Extend the timeline to 89 months (7 yr 5 mo) while investing the full ₹25,130 surplus.","Expenses are already at or below the dataset median ratio, so a longer timeline is the main lever.","Keep the 64-month timeline with a smaller target of about ₹16,08,320.",0.0,0.2074,,No
CUST0406,59,Home Purchase,UPI,1285534.0,68,165992.0,104800.0,61192.0,11200.0,37,0.3686,0.6314,49992.0,18904.91,11200.0,7704.91,0.5924,3.2368,115,22,True,AT_RISK,MEDIUM,INCREASE_CONTRIBUTION,"Increase the monthly goal contribution by ₹7,705 (to ₹18,905).","This uses 15% of the ₹49,992 surplus that is currently not invested, so no spending cut is strictly required.",Keep the current contribution and extend the timeline to 115 months (9 yr 7 mo).,9786.18,0.6009,,Yes
CUST0407,55,Home Purchase,UPI,3860833.0,92,116154.0,62400.0,53754.0,16800.0,28,0.4628,0.5372,36954.0,41965.58,16800.0,25165.58,0.4003,1.2809,230,72,True,AT_RISK,MEDIUM,INCREASE_CONTRIBUTION,"Increase the monthly goal contribution by ₹25,166 (to ₹41,966).","This uses 68% of the ₹36,954 surplus that is currently not invested, so no spending cut is strictly required.",Keep the current contribution and extend the timeline to 230 months (19 yr 2 mo).,0.0,0.0496,"Caution: although the gap is closable on paper, the ML model estimates only 5% likelihood of achievement for similar profiles in the dataset.",No
CUST0408,24,Vehicle,Wallet,812219.0,50,36852.0,14600.0,22252.0,800.0,25,0.6038,0.3962,21452.0,16244.38,800.0,15444.38,0.0492,1.3698,1016,37,True,AT_RISK,MEDIUM,INCREASE_CONTRIBUTION,"Increase the monthly goal contribution by ₹15,444 (to ₹16,244).","This uses 72% of the ₹21,452 surplus that is currently not invested, so no spending cut is strictly required.",Keep the current contribution and extend the timeline to 1016 months (84 yr 8 mo).,0.0,0.5253,,Yes
CUST0409,58,Retirement,Mixed,5349889.0,153,30998.0,22800.0,8198.0,1100.0,37,0.2645,0.7355,7098.0,34966.59,1100.0,26768.59,0.0315,0.2345,4864,653,False,NEEDS_ADJUSTMENT,HIGH,COMBINED,"Cut expenses by ₹5,057 (22%) and extend the timeline to 404 months (33 yr 8 mo).","A realistic expense cut alone does not close the ₹26,769 gap, so it is combined with a longer timeline.","Keep the 153-month timeline with a smaller target of about ₹12,54,294.",5056.74,0.0002,,No
CUST0410,29,Vehicle,UPI,695428.0,35,117300.0,59200.0,58100.0,16500.0,26,0.4953,0.5047,41600.0,19869.37,16500.0,3369.37,0.8304,2.9241,43,12,True,AT_RISK,MEDIUM,INCREASE_CONTRIBUTION,"Increase the monthly goal contribution by ₹3,369 (to ₹19,869).","This uses 8% of the ₹41,600 surplus that is currently not invested, so no spending cut is strictly required.",Keep the current contribution and extend the timeline to 43 months (3 yr 7 mo).,0.0,0.899,,Yes
CUST0411,55,Emergency Fund,Wallet,142559.0,7,54531.0,18700.0,35831.0,5200.0,33,0.6571,0.3429,30631.0,20365.57,5200.0,15165.57,0.2553,1.7594,28,4,True,AT_RISK,MEDIUM,INCREASE_CONTRIBUTION,"Increase the monthly goal contribution by ₹15,166 (to ₹20,366).","This uses 50% of the ₹30,631 surplus that is currently not invested, so no spending cut is strictly required.",Keep the current contribution and extend the timeline to 28 months (2 yr 4 mo).,0.0,0.77,,Yes
CUST0412,43,Vehicle,Card,446950.0,21,58856.0,20300.0,38556.0,7100.0,42,0.6551,0.3449,31456.0,21283.33,7100.0,14183.33,0.3336,1.8116,63,12,True,AT_RISK,MEDIUM,INCREASE_CONTRIBUTION,"Increase the monthly goal contribution by ₹14,183 (to ₹21,283).","This uses 45% of the ₹31,456 surplus that is currently not invested, so no spending cut is strictly required.",Keep the current contribution and extend the timeline to 63 months (5 yr 3 mo).,0.0,0.7163,,No
CUST0413,53,Retirement,Mixed,7142984.0,152,91399.0,48800.0,42599.0,4700.0,61,0.4661,0.5339,37899.0,46993.32,4700.0,4394.32,0.1,0.9065,1520,168,False,NEEDS_ADJUSTMENT,HIGH,EXTEND_TIMELINE,"Extend the timeline to 168 months (14 yr) while investing the full ₹42,599 surplus.","Expenses are already at or below the dataset median ratio, so a longer timeline is the main lever.","Keep the 152-month timeline with a smaller target of about ₹64,75,048.",0.0,0.0001,,No
CUST0414,41,Travel,UPI,246605.0,11,110458.0,81200.0,29258.0,7900.0,19,0.2649,0.7351,21358.0,22418.64,7900.0,14518.64,0.3524,1.3051,32,9,True,AT_RISK,MEDIUM,INCREASE_CONTRIBUTION,"Increase the monthly goal contribution by ₹14,519 (to ₹22,419).","This uses 68% of the ₹21,358 surplus that is currently not invested, so no spending cut is strictly required.",Keep the current contribution and extend the timeline to 32 months (2 yr 8 mo).,17973.84,0.8678,,No
CUST0415,31,Vehicle,UPI,362152.0,18,52427.0,39300.0,13127.0,4800.0,41,0.2504,0.7496,8327.0,20119.56,4800.0,6992.56,0.2386,0.6524,76,28,False,NEEDS_ADJUSTMENT,HIGH,REDUCE_EXPENSES,"Cut monthly expenses by ₹6,993 (17.8% of spending) and invest the full surplus.","That exactly closes the shortfall within the original 18 months. It is well within a realistic cut: bringing the expense ratio down to the dataset median of 57.2% would free up to ₹9,291 a month.","Keep the 18-month timeline with a smaller target of about ₹2,36,286.",9290.79,0.3123,,No
CUST0416,26,Vehicle,UPI,719027.0,42,105679.0,69400.0,36279.0,3600.0,93,0.3433,0.6567,32679.0,17119.69,3600.0,13519.69,0.2103,2.1191,200,20,True,AT_RISK,MEDIUM,INCREASE_CONTRIBUTION,"Increase the monthly goal contribution by ₹13,520 (to ₹17,120).","This uses 41% of the ₹32,679 surplus that is currently not invested, so no spending cut is strictly required.",Keep the current contribution and extend the timeline to 200 months (16 yr 8 mo).,8909.34,0.134,"Caution: although the gap is closable on paper, the ML model estimates only 13% likelihood of achievement for similar profiles in the dataset.",No
CUST0417,43,Home Purchase,UPI,3706017.0,84,98943.0,39500.0,59443.0,9500.0,54,0.6008,0.3992,49943.0,44119.25,9500.0,34619.25,0.2153,1.3473,391,63,True,AT_RISK,MEDIUM,INCREASE_CONTRIBUTION,"Increase the monthly goal contribution by ₹34,619 (to ₹44,119).","This uses 69% of the ₹49,943 surplus that is currently not invested, so no spending cut is strictly required.",Keep the current contribution and extend the timeline to 391 months (32 yr 7 mo).,0.0,0.0426,"Caution: although the gap is closable on paper, the ML model estimates only 3% likelihood of achievement for similar profiles in the dataset.",No
CUST0418,51,Higher Education,Card,856030.0,30,157296.0,92000.0,65296.0,22500.0,37,0.4151,0.5849,42796.0,28534.33,22500.0,6034.33,0.7885,2.2883,39,14,True,AT_RISK,MEDIUM,INCREASE_CONTRIBUTION,"Increase the monthly goal contribution by ₹6,034 (to ₹28,534).","This uses 14% of the ₹42,796 surplus that is currently not invested, so no spending cut is strictly required.",Keep the current contribution and extend the timeline to 39 months (3 yr 3 mo).,1963.77,0.8146,,Yes
CUST0419,58,Vehicle,UPI,486692.0,28,37492.0,28100.0,9392.0,1900.0,16,0.2505,0.7495,7492.0,17381.86,1900.0,7989.86,0.1093,0.5403,257,52,False,NEEDS_ADJUSTMENT,HIGH,COMBINED,"Cut expenses by ₹6,640 (24%) and extend the timeline to 31 months (2 yr 7 mo).","A realistic expense cut alone does not close the ₹7,990 gap, so it is combined with a longer timeline.","Keep the 28-month timeline with a smaller target of about ₹2,62,976.",6639.58,0.2427,,No
CUST0420,35,Vehicle,UPI,513260.0,38,113686.0,46200.0,67486.0,12300.0,39,0.5936,0.4064,55186.0,13506.84,12300.0,1206.84,0.9106,4.9964,42,8,True,AT_RISK,MEDIUM,INCREASE_CONTRIBUTION,"Increase the monthly goal contribution by ₹1,207 (to ₹13,507).","This uses 2% of the ₹55,186 surplus that is currently not invested, so no spending cut is strictly required.",Keep the current contribution and extend the timeline to 42 months (3 yr 6 mo).,0.0,0.9137,,Yes
CUST0421,60,Vehicle,Card,988289.0,58,56663.0,29800.0,26863.0,3000.0,32,0.4741,0.5259,23863.0,17039.47,3000.0,14039.47,0.1761,1.5765,330,37,True,AT_RISK,MEDIUM,INCREASE_CONTRIBUTION,"Increase the monthly goal contribution by ₹14,039 (to ₹17,039).","This uses 59% of the ₹23,863 surplus that is currently not invested, so no spending cut is strictly required.",Keep the current contribution and extend the timeline to 330 months (27 yr 6 mo).,0.0,0.3957,,Yes
CUST0422,36,Emergency Fund,UPI,72839.0,7,90280.0,44900.0,45380.0,13500.0,57,0.5027,0.4973,31880.0,10405.57,13500.0,0.0,1.2974,4.3611,6,2,True,ON_TRACK,LOW,MAINTAIN,"Maintain the current ₹13,500 monthly investment.","It already covers the ₹10,406 required (130% coverage).","Optionally reach the goal in 2 months by directing the full ₹45,380 surplus to it.",0.0,0.6491,,No
CUST0423,54,Higher Education,UPI,793677.0,13,67752.0,59500.0,8252.0,1900.0,81,0.1218,0.8782,6352.0,61052.08,1900.0,52800.08,0.0311,0.1352,418,97,False,NEEDS_ADJUSTMENT,HIGH,COMBINED,"Cut expenses by ₹20,719 (35%) and extend the timeline to 28 months (2 yr 4 mo).","A realistic expense cut alone does not close the ₹52,800 gap, so it is combined with a longer timeline. High impulse spending suggests discretionary spending is the place to start.","Keep the 13-month timeline with a smaller target of about ₹1,07,276.",20718.76,0.013,,No
CUST0424,56,Emergency Fund,Card,78724.0,22,79881.0,59400.0,20481.0,1700.0,43,0.2564,0.7436,18781.0,3578.36,1700.0,1878.36,0.4751,5.7236,47,4,True,AT_RISK,MEDIUM,INCREASE_CONTRIBUTION,"Increase the monthly goal contribution by ₹1,878 (to ₹3,578).","This uses 10% of the ₹18,781 surplus that is currently not invested, so no spending cut is strictly required.",Keep the current contribution and extend the timeline to 47 months (3 yr 11 mo).,13676.12,0.3867,,No
CUST0425,29,Travel,UPI,81613.0,9,116282.0,77400.0,38882.0,4900.0,26,0.3344,0.6656,33982.0,9068.11,4900.0,4168.11,0.5404,4.2878,17,3,True,AT_RISK,MEDIUM,INCREASE_CONTRIBUTION,"Increase the monthly goal contribution by ₹4,168 (to ₹9,068).","This uses 12% of the ₹33,982 surplus that is currently not invested, so no spending cut is strictly required.",Keep the current contribution and extend the timeline to 17 months (1 yr 5 mo).,10840.18,0.915,,Yes
CUST0426,48,Emergency Fund,UPI,243670.0,6,62456.0,52500.0,9956.0,9000.0,29,0.1594,0.8406,956.0,40611.67,9000.0,30655.67,0.2216,0.2452,28,25,False,NEEDS_ADJUSTMENT,HIGH,COMBINED,"Cut expenses by ₹16,750 (32%) and extend the timeline to 10 months.","A realistic expense cut alone does not close the ₹30,656 gap, so it is combined with a longer timeline.","Keep the 6-month timeline with a smaller target of about ₹59,736.",16750.19,0.2804,,No
CUST0427,25,Retirement,UPI,5196414.0,87,25360.0,15700.0,9660.0,3000.0,39,0.3809,0.6191,6660.0,59728.9,3000.0,50068.9,0.0502,0.1617,1733,538,False,NEEDS_ADJUSTMENT,HIGH,COMBINED,"Cut expenses by ₹1,184 (8%) and extend the timeline to 480 months (40 yr).","A realistic expense cut alone does not close the ₹50,069 gap, so it is combined with a longer timeline.","Keep the 87-month timeline with a smaller target of about ₹8,40,420.",1183.94,0.0002,,No
CUST0428,53,Travel,UPI,279021.0,17,31101.0,18800.0,12301.0,4700.0,33,0.3955,0.6045,7601.0,16413.0,4700.0,4112.0,0.2864,0.7495,60,23,False,NEEDS_ADJUSTMENT,HIGH,COMBINED,Cut expenses by ₹998 (5%) and extend the timeline to 21 months (1 yr 9 mo).,"A realistic expense cut alone does not close the ₹4,112 gap, so it is combined with a longer timeline.","Keep the 17-month timeline with a smaller target of about ₹2,09,117.",997.79,0.3617,,No
CUST0429,36,Vehicle,Card,324327.0,29,65726.0,53600.0,12126.0,3300.0,59,0.1845,0.8155,8826.0,11183.69,3300.0,7883.69,0.2951,1.0843,99,27,True,AT_RISK,MEDIUM,INCREASE_CONTRIBUTION,"Increase the monthly goal contribution by ₹7,884 (to ₹11,184).","This uses 89% of the ₹8,826 surplus that is currently not invested, so no spending cut is strictly required.",Keep the current contribution and extend the timeline to 99 months (8 yr 3 mo).,15978.44,0.1389,"Caution: although the gap is closable on paper, the ML model estimates only 13% likelihood of achievement for similar profiles in the dataset.",No
CUST0430,50,Emergency Fund,Mixed,61714.0,11,161369.0,89600.0,71769.0,17100.0,55,0.4448,0.5552,54669.0,5610.36,17100.0,0.0,3.0479,12.7922,4,1,True,ON_TRACK,LOW,MAINTAIN,"Maintain the current ₹17,100 monthly investment.","It already covers the ₹5,610 required (305% coverage).","Optionally reach the goal in 1 months by directing the full ₹71,769 surplus to it.",0.0,0.8833,,Yes
CUST0431,35,Travel,UPI,151211.0,18,50227.0,19000.0,31227.0,4800.0,29,0.6217,0.3783,26427.0,8400.61,4800.0,3600.61,0.5714,3.7172,32,5,True,AT_RISK,MEDIUM,INCREASE_CONTRIBUTION,"Increase the monthly goal contribution by ₹3,601 (to ₹8,401).","This uses 14% of the ₹26,427 surplus that is currently not invested, so no spending cut is strictly required.",Keep the current contribution and extend the timeline to 32 months (2 yr 8 mo).,0.0,0.8486,,Yes
CUST0432,24,Vehicle,UPI,494201.0,25,34628.0,25700.0,8928.0,2200.0,49,0.2578,0.7422,6728.0,19768.04,2200.0,10840.04,0.1113,0.4516,225,56,False,NEEDS_ADJUSTMENT,HIGH,COMBINED,"Cut expenses by ₹5,879 (23%) and extend the timeline to 34 months (2 yr 10 mo).","A realistic expense cut alone does not close the ₹10,840 gap, so it is combined with a longer timeline.","Keep the 25-month timeline with a smaller target of about ₹2,23,200.",5878.93,0.1112,,No
CUST0433,58,Emergency Fund,Wallet,144343.0,10,88302.0,45900.0,42402.0,9000.0,83,0.4802,0.5198,33402.0,14434.3,9000.0,5434.3,0.6235,2.9376,17,4,True,AT_RISK,MEDIUM,INCREASE_CONTRIBUTION,"Increase the monthly goal contribution by ₹5,434 (to ₹14,434).","This uses 16% of the ₹33,402 surplus that is currently not invested, so no spending cut is strictly required.",Keep the current contribution and extend the timeline to 17 months (1 yr 5 mo).,0.0,0.2486,"Caution: although the gap is closable on paper, the ML model estimates only 23% likelihood of achievement for similar profiles in the dataset.",No
CUST0434,37,Higher Education,UPI,418680.0,17,49529.0,39000.0,10529.0,6200.0,47,0.2126,0.7874,4329.0,24628.24,6200.0,14099.24,0.2517,0.4275,68,40,False,NEEDS_ADJUSTMENT,HIGH,COMBINED,"Cut expenses by ₹10,650 (27%) and extend the timeline to 20 months (1 yr 8 mo).","A realistic expense cut alone does not close the ₹14,099 gap, so it is combined with a longer timeline.","Keep the 17-month timeline with a smaller target of about ₹1,78,993.",10649.6,0.1583,,No
CUST0435,43,Retirement,Wallet,7903457.0,170,21799.0,5600.0,16199.0,800.0,35,0.7431,0.2569,15399.0,46490.92,800.0,30291.92,0.0172,0.3484,9880,488,False,NEEDS_ADJUSTMENT,HIGH,EXTEND_TIMELINE,"Extend the timeline to 488 months (40 yr 8 mo) while investing the full ₹16,199 surplus.","Expenses are already at or below the dataset median ratio, so a longer timeline is the main lever.","Keep the 170-month timeline with a smaller target of about ₹27,53,830.",0.0,0.0,,No
CUST0436,38,Vehicle,Mixed,1190208.0,27,146376.0,107700.0,38676.0,16100.0,33,0.2642,0.7358,22576.0,44081.78,16100.0,5405.78,0.3652,0.8774,74,31,False,NEEDS_ADJUSTMENT,HIGH,REDUCE_EXPENSES,"Cut monthly expenses by ₹5,406 (5.0% of spending) and invest the full surplus.","That exactly closes the shortfall within the original 27 months. It is well within a realistic cut: bringing the expense ratio down to the dataset median of 57.2% would free up to ₹23,914 a month.","Keep the 27-month timeline with a smaller target of about ₹10,44,252.",23914.38,0.5809,,No
CUST0437,44,Travel,UPI,195037.0,6,133962.0,84300.0,49662.0,6700.0,10,0.3707,0.6293,42962.0,32506.17,6700.0,25806.17,0.2061,1.5278,30,4,True,AT_RISK,MEDIUM,INCREASE_CONTRIBUTION,"Increase the monthly goal contribution by ₹25,806 (to ₹32,506).","This uses 60% of the ₹42,962 surplus that is currently not invested, so no spending cut is strictly required.",Keep the current contribution and extend the timeline to 30 months (2 yr 6 mo).,7620.15,0.9693,,Yes
CUST0438,56,Home Purchase,UPI,2240111.0,107,192125.0,97800.0,94325.0,32400.0,46,0.491,0.509,61925.0,20935.62,32400.0,0.0,1.5476,4.5055,70,24,True,ON_TRACK,LOW,MAINTAIN,"Maintain the current ₹32,400 monthly investment.","It already covers the ₹20,936 required (155% coverage).","Optionally reach the goal in 24 months (2 yr) by directing the full ₹94,325 surplus to it.",0.0,0.5867,,Yes
CUST0439,30,Home Purchase,UPI,3950051.0,55,51468.0,27400.0,24068.0,9400.0,21,0.4676,0.5324,14668.0,71819.11,9400.0,47751.11,0.1309,0.3351,421,165,False,NEEDS_ADJUSTMENT,HIGH,EXTEND_TIMELINE,"Extend the timeline to 165 months (13 yr 9 mo) while investing the full ₹24,068 surplus.","Expenses are already at or below the dataset median ratio, so a longer timeline is the main lever.","Keep the 55-month timeline with a smaller target of about ₹13,23,740.",0.0,0.0144,,No
CUST0440,52,Higher Education,Wallet,804287.0,29,68320.0,44800.0,23520.0,10100.0,51,0.3443,0.6557,13420.0,27734.03,10100.0,4214.03,0.3642,0.8481,80,35,False,NEEDS_ADJUSTMENT,HIGH,REDUCE_EXPENSES,"Cut monthly expenses by ₹4,214 (9.4% of spending) and invest the full surplus.","That exactly closes the shortfall within the original 29 months. It is well within a realistic cut: bringing the expense ratio down to the dataset median of 57.2% would free up to ₹5,694 a month. High impulse spending suggests discretionary spending is the place to start.","Keep the 29-month timeline with a smaller target of about ₹6,82,080.",5693.63,0.1278,,Yes
CUST0441,57,Vehicle,Wallet,668842.0,37,82664.0,46300.0,36364.0,2600.0,58,0.4399,0.5601,33764.0,18076.81,2600.0,15476.81,0.1438,2.0116,258,19,True,AT_RISK,MEDIUM,INCREASE_CONTRIBUTION,"Increase the monthly goal contribution by ₹15,477 (to ₹18,077).","This uses 46% of the ₹33,764 surplus that is currently not invested, so no spending cut is strictly required.",Keep the current contribution and extend the timeline to 258 months (21 yr 6 mo).,0.0,0.2719,"Caution: although the gap is closable on paper, the ML model estimates only 29% likelihood of achievement for similar profiles in the dataset.",Yes
CUST0442,30,Retirement,UPI,3091323.0,44,47371.0,29200.0,18171.0,6900.0,81,0.3836,0.6164,11271.0,70257.34,6900.0,52086.34,0.0982,0.2586,449,171,False,NEEDS_ADJUSTMENT,HIGH,COMBINED,"Cut expenses by ₹2,085 (7%) and extend the timeline to 153 months (12 yr 9 mo).","A realistic expense cut alone does not close the ₹52,086 gap, so it is combined with a longer timeline. High impulse spending suggests discretionary spending is the place to start.","Keep the 44-month timeline with a smaller target of about ₹7,99,524.",2084.84,0.0019,,No
CUST0443,22,Home Purchase,UPI,2376901.0,89,185881.0,104000.0,81881.0,19300.0,58,0.4405,0.5595,62581.0,26706.75,19300.0,7406.75,0.7227,3.0659,124,30,True,AT_RISK,MEDIUM,INCREASE_CONTRIBUTION,"Increase the monthly goal contribution by ₹7,407 (to ₹26,707).","This uses 12% of the ₹62,581 surplus that is currently not invested, so no spending cut is strictly required.",Keep the current contribution and extend the timeline to 124 months (10 yr 4 mo).,0.0,0.4489,,No
CUST0444,39,Emergency Fund,UPI,298567.0,18,57285.0,33900.0,23385.0,9300.0,37,0.4082,0.5918,14085.0,16587.06,9300.0,7287.06,0.5607,1.4098,33,13,True,AT_RISK,MEDIUM,INCREASE_CONTRIBUTION,"Increase the monthly goal contribution by ₹7,287 (to ₹16,587).","This uses 52% of the ₹14,085 surplus that is currently not invested, so no spending cut is strictly required.",Keep the current contribution and extend the timeline to 33 months (2 yr 9 mo).,1110.07,0.4143,,No
CUST0445,29,Retirement,UPI,4906119.0,166,84391.0,56800.0,27591.0,11300.0,5,0.3269,0.6731,16291.0,29554.93,11300.0,1963.93,0.3823,0.9335,435,178,False,NEEDS_ADJUSTMENT,HIGH,REDUCE_EXPENSES,"Cut monthly expenses by ₹1,964 (3.5% of spending) and invest the full surplus.","That exactly closes the shortfall within the original 166 months. It is well within a realistic cut: bringing the expense ratio down to the dataset median of 57.2% would free up to ₹8,495 a month.","Keep the 166-month timeline with a smaller target of about ₹45,80,106.",8494.59,0.0172,,No
CUST0446,35,Home Purchase,UPI,4238515.0,58,169649.0,57900.0,111749.0,33300.0,34,0.6587,0.3413,78449.0,73077.84,33300.0,39777.84,0.4557,1.5292,128,38,True,AT_RISK,MEDIUM,INCREASE_CONTRIBUTION,"Increase the monthly goal contribution by ₹39,778 (to ₹73,078).","This uses 51% of the ₹78,449 surplus that is currently not invested, so no spending cut is strictly required.",Keep the current contribution and extend the timeline to 128 months (10 yr 8 mo).,0.0,0.2713,"Caution: although the gap is closable on paper, the ML model estimates only 28% likelihood of achievement for similar profiles in the dataset.",No
CUST0447,46,Vehicle,Card,708244.0,48,78039.0,42500.0,35539.0,13800.0,41,0.4554,0.5446,21739.0,14755.08,13800.0,955.08,0.9353,2.4086,52,20,True,AT_RISK,MEDIUM,INCREASE_CONTRIBUTION,"Increase the monthly goal contribution by ₹955 (to ₹14,755).","This uses 4% of the ₹21,739 surplus that is currently not invested, so no spending cut is strictly required.",Keep the current contribution and extend the timeline to 52 months (4 yr 4 mo).,0.0,0.5847,,Yes
CUST0448,32,Retirement,Card,4066672.0,102,187165.0,115700.0,71465.0,34100.0,36,0.3818,0.6182,37365.0,39869.33,34100.0,5769.33,0.8553,1.7925,120,57,True,AT_RISK,MEDIUM,INCREASE_CONTRIBUTION,"Increase the monthly goal contribution by ₹5,769 (to ₹39,869).","This uses 15% of the ₹37,365 surplus that is currently not invested, so no spending cut is strictly required.",Keep the current contribution and extend the timeline to 120 months (10 yr).,8566.75,0.1367,"Caution: although the gap is closable on paper, the ML model estimates only 18% likelihood of achievement for similar profiles in the dataset.",No
CUST0449,53,Retirement,Mixed,6059132.0,96,120639.0,58700.0,61939.0,15000.0,49,0.5134,0.4866,46939.0,63115.96,15000.0,1176.96,0.2377,0.9814,404,98,False,NEEDS_ADJUSTMENT,HIGH,EXTEND_TIMELINE,"Extend the timeline to 98 months (8 yr 2 mo) while investing the full ₹61,939 surplus.","Expenses are already at or below the dataset median ratio, so a longer timeline is the main lever.","Keep the 96-month timeline with a smaller target of about ₹59,46,144.",0.0,0.0011,,No
CUST0450,23,Higher Education,UPI,948545.0,30,168550.0,138700.0,29850.0,17600.0,35,0.1771,0.8229,12250.0,31618.17,17600.0,1768.17,0.5566,0.9441,54,32,False,NEEDS_ADJUSTMENT,HIGH,REDUCE_EXPENSES,"Cut monthly expenses by ₹1,768 (1.3% of spending) and invest the full surplus.","That exactly closes the shortfall within the original 30 months. It is well within a realistic cut: bringing the expense ratio down to the dataset median of 57.2% would free up to ₹42,222 a month.","Keep the 30-month timeline with a smaller target of about ₹8,95,500.",42221.98,0.6292,"Note: similar profiles achieved this kind of goal 64% of the time per the ML model, but the plan still needs adjustment on current numbers.",Yes
CUST0451,33,Home Purchase,UPI,1202817.0,119,103110.0,46700.0,56410.0,18700.0,32,0.5471,0.4529,37710.0,10107.71,18700.0,0.0,1.8501,5.5809,65,22,True,ON_TRACK,LOW,MAINTAIN,"Maintain the current ₹18,700 monthly investment.","It already covers the ₹10,108 required (185% coverage).","Optionally reach the goal in 22 months (1 yr 10 mo) by directing the full ₹56,410 surplus to it.",0.0,0.672,,Yes
CUST0452,27,Travel,UPI,56544.0,15,59633.0,31400.0,28233.0,5600.0,28,0.4734,0.5266,22633.0,3769.6,5600.0,0.0,1.4856,7.4897,11,3,True,ON_TRACK,LOW,MAINTAIN,"Maintain the current ₹5,600 monthly investment.","It already covers the ₹3,770 required (149% coverage).","Optionally reach the goal in 3 months by directing the full ₹28,233 surplus to it.",0.0,0.8632,,Yes
CUST0453,59,Home Purchase,Card,2971329.0,110,106909.0,50500.0,56409.0,10400.0,35,0.5276,0.4724,46009.0,27012.08,10400.0,16612.08,0.385,2.0883,286,53,True,AT_RISK,MEDIUM,INCREASE_CONTRIBUTION,"Increase the monthly goal contribution by ₹16,612 (to ₹27,012).","This uses 36% of the ₹46,009 surplus that is currently not invested, so no spending cut is strictly required.",Keep the current contribution and extend the timeline to 286 months (23 yr 10 mo).,0.0,0.1392,"Caution: although the gap is closable on paper, the ML model estimates only 13% likelihood of achievement for similar profiles in the dataset.",No
CUST0454,47,Emergency Fund,UPI,140907.0,14,111302.0,76700.0,34602.0,19700.0,16,0.3109,0.6891,14902.0,10064.79,19700.0,0.0,1.9573,3.4379,8,5,True,ON_TRACK,LOW,MAINTAIN,"Maintain the current ₹19,700 monthly investment.","It already covers the ₹10,065 required (196% coverage).","Optionally reach the goal in 5 months by directing the full ₹34,602 surplus to it.",12990.74,0.9309,,Yes
CUST0455,38,Higher Education,UPI,190140.0,35,26232.0,16300.0,9932.0,2600.0,50,0.3786,0.6214,7332.0,5432.57,2600.0,2832.57,0.4786,1.8282,74,20,True,AT_RISK,MEDIUM,INCREASE_CONTRIBUTION,"Increase the monthly goal contribution by ₹2,833 (to ₹5,433).","This uses 39% of the ₹7,332 surplus that is currently not invested, so no spending cut is strictly required.",Keep the current contribution and extend the timeline to 74 months (6 yr 2 mo).,1284.8,0.2447,"Caution: although the gap is closable on paper, the ML model estimates only 23% likelihood of achievement for similar profiles in the dataset.",Yes
CUST0456,31,Home Purchase,Mixed,1704884.0,41,186954.0,157300.0,29654.0,12500.0,29,0.1586,0.8414,17154.0,41582.54,12500.0,11928.54,0.3006,0.7131,137,58,False,NEEDS_ADJUSTMENT,HIGH,REDUCE_EXPENSES,"Cut monthly expenses by ₹11,929 (7.6% of spending) and invest the full surplus.","That exactly closes the shortfall within the original 41 months. It is well within a realistic cut: bringing the expense ratio down to the dataset median of 57.2% would free up to ₹50,288 a month.","Keep the 41-month timeline with a smaller target of about ₹12,15,814.",50287.53,0.5503,,No
CUST0457,45,Home Purchase,Mixed,4397086.0,50,83394.0,38600.0,44794.0,6700.0,40,0.5371,0.4629,38094.0,87941.72,6700.0,43147.72,0.0762,0.5094,657,99,False,NEEDS_ADJUSTMENT,HIGH,EXTEND_TIMELINE,"Extend the timeline to 99 months (8 yr 3 mo) while investing the full ₹44,794 surplus.","Expenses are already at or below the dataset median ratio, so a longer timeline is the main lever.","Keep the 50-month timeline with a smaller target of about ₹22,39,700.",0.0,0.0075,,No
CUST0458,38,Vehicle,UPI,492628.0,58,56279.0,23900.0,32379.0,6300.0,57,0.5753,0.4247,26079.0,8493.59,6300.0,2193.59,0.7417,3.8122,79,16,True,AT_RISK,MEDIUM,INCREASE_CONTRIBUTION,"Increase the monthly goal contribution by ₹2,194 (to ₹8,494).","This uses 8% of the ₹26,079 surplus that is currently not invested, so no spending cut is strictly required.",Keep the current contribution and extend the timeline to 79 months (6 yr 7 mo).,0.0,0.4553,,Yes
CUST0459,48,Emergency Fund,Card,50152.0,7,129959.0,73000.0,56959.0,2400.0,27,0.4383,0.5617,54559.0,7164.57,2400.0,4764.57,0.335,7.9501,21,1,True,AT_RISK,MEDIUM,INCREASE_CONTRIBUTION,"Increase the monthly goal contribution by ₹4,765 (to ₹7,165).","This uses 9% of the ₹54,559 surplus that is currently not invested, so no spending cut is strictly required.",Keep the current contribution and extend the timeline to 21 months (1 yr 9 mo).,0.0,0.8378,,Yes
CUST0460,22,Emergency Fund,UPI,269984.0,22,194249.0,117700.0,76549.0,19300.0,8,0.3941,0.6059,57249.0,12272.0,19300.0,0.0,1.5727,6.2377,14,4,True,ON_TRACK,LOW,MAINTAIN,"Maintain the current ₹19,300 monthly investment.","It already covers the ₹12,272 required (157% coverage).","Optionally reach the goal in 4 months by directing the full ₹76,549 surplus to it.",6511.87,0.9879,,Yes
CUST0461,22,Retirement,UPI,3024612.0,160,25471.0,18100.0,7371.0,4700.0,38,0.2894,0.7106,2671.0,18903.83,4700.0,11532.83,0.2486,0.3899,644,411,False,NEEDS_ADJUSTMENT,HIGH,COMBINED,"Cut expenses by ₹3,520 (19%) and extend the timeline to 278 months (23 yr 2 mo).","A realistic expense cut alone does not close the ₹11,533 gap, so it is combined with a longer timeline.","Keep the 160-month timeline with a smaller target of about ₹11,79,360.",3520.4,0.0041,,No
CUST0462,26,Retirement,UPI,2444823.0,139,144758.0,98400.0,46358.0,21200.0,36,0.3202,0.6798,25158.0,17588.65,21200.0,0.0,1.2053,2.6357,116,53,True,ON_TRACK,LOW,MAINTAIN,"Maintain the current ₹21,200 monthly investment.","It already covers the ₹17,589 required (121% coverage).","Optionally reach the goal in 53 months (4 yr 5 mo) by directing the full ₹46,358 surplus to it.",15540.52,0.254,"Caution: the ML model estimates only 24% likelihood of achievement for similar profiles, despite the arithmetic being on track.",No
CUST0463,34,Higher Education,UPI,395617.0,34,156150.0,76600.0,79550.0,21000.0,44,0.5094,0.4906,58550.0,11635.79,21000.0,0.0,1.8048,6.8367,19,5,True,ON_TRACK,LOW,MAINTAIN,"Maintain the current ₹21,000 monthly investment.","It already covers the ₹11,636 required (180% coverage).","Optionally reach the goal in 5 months by directing the full ₹79,550 surplus to it.",0.0,0.9405,,Yes
CUST0464,48,Home Purchase,UPI,4462196.0,37,180235.0,98200.0,82035.0,8700.0,42,0.4552,0.5448,73335.0,120599.89,8700.0,38564.89,0.0721,0.6802,513,55,False,NEEDS_ADJUSTMENT,HIGH,EXTEND_TIMELINE,"Extend the timeline to 55 months (4 yr 7 mo) while investing the full ₹82,035 surplus.","Expenses are already at or below the dataset median ratio, so a longer timeline is the main lever.","Keep the 37-month timeline with a smaller target of about ₹30,35,295.",0.0,0.0624,,No
CUST0465,43,Higher Education,Mixed,559682.0,41,191487.0,96700.0,94787.0,15600.0,37,0.495,0.505,79187.0,13650.78,15600.0,0.0,1.1428,6.9437,36,6,True,ON_TRACK,LOW,MAINTAIN,"Maintain the current ₹15,600 monthly investment.","It already covers the ₹13,651 required (114% coverage).","Optionally reach the goal in 6 months by directing the full ₹94,787 surplus to it.",0.0,0.9533,,Yes
CUST0466,59,Vehicle,Mixed,504121.0,24,155105.0,121400.0,33705.0,25300.0,37,0.2173,0.7827,8405.0,21005.04,25300.0,0.0,1.2045,1.6046,20,15,True,ON_TRACK,LOW,MAINTAIN,"Maintain the current ₹25,300 monthly investment.","It already covers the ₹21,005 required (120% coverage).","Optionally reach the goal in 15 months (1 yr 3 mo) by directing the full ₹33,705 surplus to it.",32617.9,0.8362,,Yes
CUST0467,45,Vehicle,Card,422361.0,20,179596.0,71400.0,108196.0,4200.0,12,0.6024,0.3976,103996.0,21118.05,4200.0,16918.05,0.1989,5.1234,101,4,True,AT_RISK,MEDIUM,INCREASE_CONTRIBUTION,"Increase the monthly goal contribution by ₹16,918 (to ₹21,118).","This uses 16% of the ₹1,03,996 surplus that is currently not invested, so no spending cut is strictly required.",Keep the current contribution and extend the timeline to 101 months (8 yr 5 mo).,0.0,0.9911,,Yes
CUST0468,29,Travel,Mixed,261804.0,16,177857.0,134500.0,43357.0,16700.0,67,0.2438,0.7562,26657.0,16362.75,16700.0,0.0,1.0206,2.6497,16,7,True,ON_TRACK,LOW,MAINTAIN,"Maintain the current ₹16,700 monthly investment.","It already covers the ₹16,363 required (102% coverage).","Optionally reach the goal in 7 months by directing the full ₹43,357 surplus to it.",32694.65,0.8488,,Yes
CUST0469,28,Emergency Fund,Mixed,297283.0,21,192908.0,93500.0,99408.0,36400.0,22,0.5153,0.4847,63008.0,14156.33,36400.0,0.0,2.5713,7.0222,9,3,True,ON_TRACK,LOW,MAINTAIN,"Maintain the current ₹36,400 monthly investment.","It already covers the ₹14,156 required (257% coverage).","Optionally reach the goal in 3 months by directing the full ₹99,408 surplus to it.",0.0,0.9917,,Yes
CUST0470,23,Home Purchase,Card,3239349.0,32,150231.0,95100.0,55131.0,17800.0,11,0.367,0.633,37331.0,101229.66,17800.0,46098.66,0.1758,0.5446,182,59,False,NEEDS_ADJUSTMENT,HIGH,COMBINED,"Cut expenses by ₹9,108 (10%) and extend the timeline to 51 months (4 yr 3 mo).","A realistic expense cut alone does not close the ₹46,099 gap, so it is combined with a longer timeline.","Keep the 32-month timeline with a smaller target of about ₹17,64,192.",9107.78,0.4097,,No
CUST0471,48,Emergency Fund,UPI,61401.0,11,61404.0,35400.0,26004.0,7800.0,50,0.4235,0.5765,18204.0,5581.91,7800.0,0.0,1.3974,4.6586,8,3,True,ON_TRACK,LOW,MAINTAIN,"Maintain the current ₹7,800 monthly investment.","It already covers the ₹5,582 required (140% coverage).","Optionally reach the goal in 3 months by directing the full ₹26,004 surplus to it.",252.35,0.433,,No
CUST0472,59,Retirement,UPI,6695015.0,114,122678.0,68900.0,53778.0,5000.0,35,0.4384,0.5616,48778.0,58728.2,5000.0,4950.2,0.0851,0.9157,1340,125,False,NEEDS_ADJUSTMENT,HIGH,EXTEND_TIMELINE,"Extend the timeline to 125 months (10 yr 5 mo) while investing the full ₹53,778 surplus.","Expenses are already at or below the dataset median ratio, so a longer timeline is the main lever.","Keep the 114-month timeline with a smaller target of about ₹61,30,692.",0.0,0.0013,,No
CUST0473,44,Travel,UPI,232594.0,12,88680.0,24200.0,64480.0,1700.0,43,0.7271,0.2729,62780.0,19382.83,1700.0,17682.83,0.0877,3.3267,137,4,True,AT_RISK,MEDIUM,INCREASE_CONTRIBUTION,"Increase the monthly goal contribution by ₹17,683 (to ₹19,383).","This uses 28% of the ₹62,780 surplus that is currently not invested, so no spending cut is strictly required.",Keep the current contribution and extend the timeline to 137 months (11 yr 5 mo).,0.0,0.8842,,Yes
CUST0474,21,Travel,UPI,262790.0,15,133556.0,58300.0,75256.0,23200.0,37,0.5635,0.4365,52056.0,17519.33,23200.0,0.0,1.3243,4.2956,12,4,True,ON_TRACK,LOW,MAINTAIN,"Maintain the current ₹23,200 monthly investment.","It already covers the ₹17,519 required (132% coverage).","Optionally reach the goal in 4 months by directing the full ₹75,256 surplus to it.",0.0,0.9678,,Yes
CUST0475,56,Emergency Fund,UPI,85847.0,9,39323.0,26500.0,12823.0,6500.0,41,0.3261,0.6739,6323.0,9538.56,6500.0,3038.56,0.6814,1.3443,14,7,True,AT_RISK,MEDIUM,INCREASE_CONTRIBUTION,"Increase the monthly goal contribution by ₹3,039 (to ₹9,539).","This uses 48% of the ₹6,323 surplus that is currently not invested, so no spending cut is strictly required.",Keep the current contribution and extend the timeline to 14 months (1 yr 2 mo).,3991.51,0.2446,"Caution: although the gap is closable on paper, the ML model estimates only 22% likelihood of achievement for similar profiles in the dataset.",No
CUST0476,28,Retirement,UPI,7471761.0,97,199519.0,56100.0,143419.0,12400.0,44,0.7188,0.2812,131019.0,77028.46,12400.0,64628.46,0.161,1.8619,603,53,True,AT_RISK,MEDIUM,INCREASE_CONTRIBUTION,"Increase the monthly goal contribution by ₹64,628 (to ₹77,028).","This uses 49% of the ₹1,31,019 surplus that is currently not invested, so no spending cut is strictly required.",Keep the current contribution and extend the timeline to 603 months (50 yr 3 mo).,0.0,0.0094,"Caution: although the gap is closable on paper, the ML model estimates only 1% likelihood of achievement for similar profiles in the dataset.",No
CUST0477,43,Home Purchase,UPI,3522652.0,30,40597.0,32900.0,7697.0,6300.0,60,0.1896,0.8104,1397.0,117421.73,6300.0,109724.73,0.0537,0.0656,560,458,False,NEEDS_ADJUSTMENT,HIGH,COMBINED,"Cut expenses by ₹9,662 (29%) and extend the timeline to 203 months (16 yr 11 mo).","A realistic expense cut alone does not close the ₹1,09,725 gap, so it is combined with a longer timeline. High impulse spending suggests discretionary spending is the place to start.","Keep the 30-month timeline with a smaller target of about ₹2,30,910.",9662.28,0.0009,,No
CUST0478,31,Higher Education,UPI,334060.0,38,102430.0,73600.0,28830.0,7700.0,59,0.2815,0.7185,21130.0,8791.05,7700.0,1091.05,0.8759,3.2795,44,12,True,AT_RISK,MEDIUM,INCREASE_CONTRIBUTION,"Increase the monthly goal contribution by ₹1,091 (to ₹8,791).","This uses 5% of the ₹21,130 surplus that is currently not invested, so no spending cut is strictly required.",Keep the current contribution and extend the timeline to 44 months (3 yr 8 mo).,14969.07,0.2898,"Caution: although the gap is closable on paper, the ML model estimates only 29% likelihood of achievement for similar profiles in the dataset.",No
CUST0479,27,Home Purchase,UPI,1728553.0,62,119808.0,56100.0,63708.0,14500.0,35,0.5318,0.4682,49208.0,27879.89,14500.0,13379.89,0.5201,2.2851,120,28,True,AT_RISK,MEDIUM,INCREASE_CONTRIBUTION,"Increase the monthly goal contribution by ₹13,380 (to ₹27,880).","This uses 27% of the ₹49,208 surplus that is currently not invested, so no spending cut is strictly required.",Keep the current contribution and extend the timeline to 120 months (10 yr).,0.0,0.5297,,No
CUST0480,26,Emergency Fund,UPI,262126.0,22,132530.0,99500.0,33030.0,9300.0,5,0.2492,0.7508,23730.0,11914.82,9300.0,2614.82,0.7805,2.7722,29,8,True,AT_RISK,MEDIUM,INCREASE_CONTRIBUTION,"Increase the monthly goal contribution by ₹2,615 (to ₹11,915).","This uses 11% of the ₹23,730 surplus that is currently not invested, so no spending cut is strictly required.",Keep the current contribution and extend the timeline to 29 months (2 yr 5 mo).,23639.83,0.9308,,No
CUST0481,40,Travel,Wallet,188756.0,4,98433.0,52800.0,45633.0,2900.0,17,0.4636,0.5364,42733.0,47189.0,2900.0,1556.0,0.0615,0.967,66,5,False,NEEDS_ADJUSTMENT,HIGH,EXTEND_TIMELINE,"Extend the timeline to 5 months while investing the full ₹45,633 surplus.","Expenses are already at or below the dataset median ratio, so a longer timeline is the main lever.","Keep the 4-month timeline with a smaller target of about ₹1,82,532.",0.0,0.9174,"Note: similar profiles achieved this kind of goal 93% of the time per the ML model, but the plan still needs adjustment on current numbers.",Yes
CUST0482,38,Emergency Fund,Mixed,127919.0,23,112797.0,54100.0,58697.0,21700.0,24,0.5204,0.4796,36997.0,5561.7,21700.0,0.0,3.9017,10.5538,6,3,True,ON_TRACK,LOW,MAINTAIN,"Maintain the current ₹21,700 monthly investment.","It already covers the ₹5,562 required (390% coverage).","Optionally reach the goal in 3 months by directing the full ₹58,697 surplus to it.",0.0,0.9284,,Yes
CUST0483,41,Vehicle,UPI,180085.0,58,192992.0,159700.0,33292.0,4800.0,38,0.1725,0.8275,28492.0,3104.91,4800.0,0.0,1.5459,10.7224,38,6,True,ON_TRACK,LOW,MAINTAIN,"Maintain the current ₹4,800 monthly investment.","It already covers the ₹3,105 required (155% coverage).","Optionally reach the goal in 6 months by directing the full ₹33,292 surplus to it.",49231.38,0.8845,,Yes
CUST0484,23,Home Purchase,UPI,2035181.0,64,134142.0,100600.0,33542.0,20500.0,54,0.25,0.75,13042.0,31799.7,20500.0,11299.7,0.6447,1.0548,100,61,True,AT_RISK,MEDIUM,INCREASE_CONTRIBUTION,"Increase the monthly goal contribution by ₹11,300 (to ₹31,800).","This uses 87% of the ₹13,042 surplus that is currently not invested, so no spending cut is strictly required.",Keep the current contribution and extend the timeline to 100 months (8 yr 4 mo).,23817.12,0.1816,"Caution: although the gap is closable on paper, the ML model estimates only 19% likelihood of achievement for similar profiles in the dataset.",No
CUST0485,23,Higher Education,Wallet,377355.0,33,163154.0,78500.0,84654.0,31400.0,42,0.5189,0.4811,53254.0,11435.0,31400.0,0.0,2.746,7.4031,13,5,True,ON_TRACK,LOW,MAINTAIN,"Maintain the current ₹31,400 monthly investment.","It already covers the ₹11,435 required (275% coverage).","Optionally reach the goal in 5 months by directing the full ₹84,654 surplus to it.",0.0,0.9785,,Yes
CUST0486,49,Vehicle,Mixed,716510.0,23,171952.0,97900.0,74052.0,17300.0,29,0.4307,0.5693,56752.0,31152.61,17300.0,13852.61,0.5553,2.3771,42,10,True,AT_RISK,MEDIUM,INCREASE_CONTRIBUTION,"Increase the monthly goal contribution by ₹13,853 (to ₹31,153).","This uses 24% of the ₹56,752 surplus that is currently not invested, so no spending cut is strictly required.",Keep the current contribution and extend the timeline to 42 months (3 yr 6 mo).,0.0,0.9489,,Yes
CUST0487,24,Home Purchase,UPI,4155373.0,102,92455.0,66400.0,26055.0,17900.0,36,0.2818,0.7182,8155.0,40738.95,17900.0,14683.95,0.4394,0.6396,233,160,False,NEEDS_ADJUSTMENT,HIGH,COMBINED,"Cut expenses by ₹13,479 (20%) and extend the timeline to 106 months (8 yr 10 mo).","A realistic expense cut alone does not close the ₹14,684 gap, so it is combined with a longer timeline.","Keep the 102-month timeline with a smaller target of about ₹26,57,610.",13478.76,0.0047,,No
CUST0488,30,Retirement,UPI,5136319.0,75,47243.0,27500.0,19743.0,4000.0,35,0.4179,0.5821,15743.0,68484.25,4000.0,48741.25,0.0584,0.2883,1285,261,False,NEEDS_ADJUSTMENT,HIGH,COMBINED,Cut expenses by ₹458 (2%) and extend the timeline to 255 months (21 yr 3 mo).,"A realistic expense cut alone does not close the ₹48,741 gap, so it is combined with a longer timeline.","Keep the 75-month timeline with a smaller target of about ₹14,80,725.",458.11,0.0011,,No
CUST0489,33,Emergency Fund,UPI,176939.0,9,180891.0,101600.0,79291.0,6100.0,40,0.4383,0.5617,73191.0,19659.89,6100.0,13559.89,0.3103,4.0331,30,3,True,AT_RISK,MEDIUM,INCREASE_CONTRIBUTION,"Increase the monthly goal contribution by ₹13,560 (to ₹19,660).","This uses 19% of the ₹73,191 surplus that is currently not invested, so no spending cut is strictly required.",Keep the current contribution and extend the timeline to 30 months (2 yr 6 mo).,0.0,0.9537,,Yes
CUST0490,55,Travel,Wallet,35052.0,17,41396.0,17700.0,23696.0,1700.0,23,0.5724,0.4276,21996.0,2061.88,1700.0,361.88,0.8245,11.4924,21,2,True,AT_RISK,MEDIUM,INCREASE_CONTRIBUTION,"Increase the monthly goal contribution by ₹362 (to ₹2,062).","This uses 2% of the ₹21,996 surplus that is currently not invested, so no spending cut is strictly required.",Keep the current contribution and extend the timeline to 21 months (1 yr 9 mo).,0.0,0.8296,,Yes
CUST0491,34,Retirement,Card,5846882.0,115,46555.0,26800.0,19755.0,5700.0,38,0.4243,0.5757,14055.0,50842.45,5700.0,31087.45,0.1121,0.3886,1026,296,False,NEEDS_ADJUSTMENT,HIGH,COMBINED,Cut expenses by ₹152 (1%) and extend the timeline to 294 months (24 yr 6 mo).,"A realistic expense cut alone does not close the ₹31,087 gap, so it is combined with a longer timeline.","Keep the 115-month timeline with a smaller target of about ₹22,71,825.",151.92,0.0002,,No
CUST0492,42,Vehicle,Mixed,470415.0,22,164692.0,127900.0,36792.0,22500.0,26,0.2234,0.7766,14292.0,21382.5,22500.0,0.0,1.0523,1.7207,21,13,True,ON_TRACK,LOW,MAINTAIN,"Maintain the current ₹22,500 monthly investment.","It already covers the ₹21,382 required (105% coverage).","Optionally reach the goal in 13 months (1 yr 1 mo) by directing the full ₹36,792 surplus to it.",33630.3,0.8993,,Yes
CUST0493,53,Retirement,UPI,3903591.0,170,22884.0,13100.0,9784.0,4000.0,54,0.4275,0.5725,5784.0,22962.3,4000.0,13178.3,0.1742,0.4261,976,399,False,NEEDS_ADJUSTMENT,HIGH,COMBINED,Cut expenses by ₹1 (0%) and extend the timeline to 399 months (33 yr 3 mo).,"A realistic expense cut alone does not close the ₹13,178 gap, so it is combined with a longer timeline. High impulse spending suggests discretionary spending is the place to start.","Keep the 170-month timeline with a smaller target of about ₹16,63,280.",1.2,0.002,,No
CUST0494,54,Emergency Fund,Wallet,182651.0,6,34766.0,20000.0,14766.0,1400.0,56,0.4247,0.5753,13366.0,30441.83,1400.0,15675.83,0.046,0.4851,131,13,False,NEEDS_ADJUSTMENT,HIGH,COMBINED,Cut expenses by ₹100 (0%) and extend the timeline to 13 months (1 yr 1 mo).,"A realistic expense cut alone does not close the ₹15,676 gap, so it is combined with a longer timeline. High impulse spending suggests discretionary spending is the place to start.","Keep the 6-month timeline with a smaller target of about ₹88,596.",99.94,0.1183,,No
CUST0495,54,Home Purchase,UPI,3957892.0,47,97487.0,59000.0,38487.0,3500.0,73,0.3948,0.6052,34987.0,84210.47,3500.0,45723.47,0.0416,0.457,1131,103,False,NEEDS_ADJUSTMENT,HIGH,COMBINED,"Cut expenses by ₹3,198 (5%) and extend the timeline to 95 months (7 yr 11 mo).","A realistic expense cut alone does not close the ₹45,723 gap, so it is combined with a longer timeline. High impulse spending suggests discretionary spending is the place to start.","Keep the 47-month timeline with a smaller target of about ₹18,08,889.",3198.44,0.0021,,No
CUST0496,37,Travel,Mixed,131738.0,12,135824.0,77200.0,58624.0,6700.0,34,0.4316,0.5684,51924.0,10978.17,6700.0,4278.17,0.6103,5.3401,20,3,True,AT_RISK,MEDIUM,INCREASE_CONTRIBUTION,"Increase the monthly goal contribution by ₹4,278 (to ₹10,978).","This uses 8% of the ₹51,924 surplus that is currently not invested, so no spending cut is strictly required.",Keep the current contribution and extend the timeline to 20 months (1 yr 8 mo).,0.0,0.9487,,Yes
CUST0497,43,Home Purchase,UPI,2127481.0,116,188131.0,128800.0,59331.0,9700.0,14,0.3154,0.6846,49631.0,18340.35,9700.0,8640.35,0.5289,3.235,220,36,True,AT_RISK,MEDIUM,INCREASE_CONTRIBUTION,"Increase the monthly goal contribution by ₹8,640 (to ₹18,340).","This uses 17% of the ₹49,631 surplus that is currently not invested, so no spending cut is strictly required.",Keep the current contribution and extend the timeline to 220 months (18 yr 4 mo).,21113.82,0.5907,,Yes
CUST0498,42,Retirement,Mixed,5021815.0,75,47742.0,29600.0,18142.0,4200.0,60,0.38,0.62,13942.0,66957.53,4200.0,48815.53,0.0627,0.2709,1196,277,False,NEEDS_ADJUSTMENT,HIGH,COMBINED,"Cut expenses by ₹2,272 (8%) and extend the timeline to 246 months (20 yr 6 mo).","A realistic expense cut alone does not close the ₹48,816 gap, so it is combined with a longer timeline. High impulse spending suggests discretionary spending is the place to start.","Keep the 75-month timeline with a smaller target of about ₹13,60,650.",2272.48,0.0004,,No
CUST0499,49,Vehicle,Card,616517.0,58,83422.0,44900.0,38522.0,4300.0,38,0.4618,0.5382,34222.0,10629.6,4300.0,6329.6,0.4045,3.624,144,17,True,AT_RISK,MEDIUM,INCREASE_CONTRIBUTION,"Increase the monthly goal contribution by ₹6,330 (to ₹10,630).","This uses 18% of the ₹34,222 surplus that is currently not invested, so no spending cut is strictly required.",Keep the current contribution and extend the timeline to 144 months (12 yr).,0.0,0.563,,Yes
CUST0500,51,Travel,UPI,279577.0,4,86255.0,29000.0,57255.0,11900.0,49,0.6638,0.3362,45355.0,69894.25,11900.0,12639.25,0.1703,0.8192,24,5,False,NEEDS_ADJUSTMENT,HIGH,EXTEND_TIMELINE,"Extend the timeline to 5 months while investing the full ₹57,255 surplus.","Expenses are already at or below the dataset median ratio, so a longer timeline is the main lever.","Keep the 4-month timeline with a smaller target of about ₹2,29,020.",0.0,0.8285,"Note: similar profiles achieved this kind of goal 85% of the time per the ML model, but the plan still needs adjustment on current numbers.",Yes
CUST0501,37,Home Purchase,Card,2910637.0,81,198779.0,166100.0,32679.0,17500.0,15,0.1644,0.8356,15179.0,35933.79,17500.0,3254.79,0.487,0.9094,167,90,False,NEEDS_ADJUSTMENT,HIGH,REDUCE_EXPENSES,"Cut monthly expenses by ₹3,255 (2.0% of spending) and invest the full surplus.","That exactly closes the shortfall within the original 81 months. It is well within a realistic cut: bringing the expense ratio down to the dataset median of 57.2% would free up to ₹52,319 a month.","Keep the 81-month timeline with a smaller target of about ₹26,46,999.",52318.9,0.4138,,Yes
CUST0502,52,Emergency Fund,UPI,148927.0,11,122414.0,62600.0,59814.0,20200.0,49,0.4886,0.5114,39614.0,13538.82,20200.0,0.0,1.492,4.418,8,3,True,ON_TRACK,LOW,MAINTAIN,"Maintain the current ₹20,200 monthly investment.","It already covers the ₹13,539 required (149% coverage).","Optionally reach the goal in 3 months by directing the full ₹59,814 surplus to it.",0.0,0.9136,,Yes
CUST0503,33,Vehicle,UPI,356520.0,45,182758.0,111800.0,70958.0,28100.0,53,0.3883,0.6117,42858.0,7922.67,28100.0,0.0,3.5468,8.9563,13,6,True,ON_TRACK,LOW,MAINTAIN,"Maintain the current ₹28,100 monthly investment.","It already covers the ₹7,923 required (355% coverage).","Optionally reach the goal in 6 months by directing the full ₹70,958 surplus to it.",7189.32,0.9519,,No
CUST0504,32,Travel,Wallet,46947.0,8,136107.0,79700.0,56407.0,4700.0,46,0.4144,0.5856,51707.0,5868.38,4700.0,1168.38,0.8009,9.612,10,1,True,AT_RISK,MEDIUM,INCREASE_CONTRIBUTION,"Increase the monthly goal contribution by ₹1,168 (to ₹5,868).","This uses 2% of the ₹51,707 surplus that is currently not invested, so no spending cut is strictly required.",Keep the current contribution and extend the timeline to 10 months.,1792.35,0.9291,,Yes
CUST0505,42,Vehicle,UPI,1183698.0,33,106883.0,60700.0,46183.0,4900.0,56,0.4321,0.5679,41283.0,35869.64,4900.0,30969.64,0.1366,1.2875,242,26,True,AT_RISK,MEDIUM,INCREASE_CONTRIBUTION,"Increase the monthly goal contribution by ₹30,970 (to ₹35,870).","This uses 75% of the ₹41,283 surplus that is currently not invested, so no spending cut is strictly required.",Keep the current contribution and extend the timeline to 242 months (20 yr 2 mo).,0.0,0.3352,,No
CUST0506,25,Vehicle,Card,976215.0,39,113971.0,89200.0,24771.0,15400.0,21,0.2173,0.7827,9371.0,25031.15,15400.0,260.15,0.6152,0.9896,64,40,False,NEEDS_ADJUSTMENT,HIGH,REDUCE_EXPENSES,Cut monthly expenses by ₹260 (0.3% of spending) and invest the full surplus.,"That exactly closes the shortfall within the original 39 months. It is well within a realistic cut: bringing the expense ratio down to the dataset median of 57.2% would free up to ₹23,963 a month.","Keep the 39-month timeline with a smaller target of about ₹9,66,069.",23963.0,0.5736,,Yes
CUST0507,25,Home Purchase,UPI,3700972.0,42,195956.0,62900.0,133056.0,10400.0,64,0.679,0.321,122656.0,88118.38,10400.0,77718.38,0.118,1.51,356,28,True,AT_RISK,MEDIUM,INCREASE_CONTRIBUTION,"Increase the monthly goal contribution by ₹77,718 (to ₹88,118).","This uses 63% of the ₹1,22,656 surplus that is currently not invested, so no spending cut is strictly required.",Keep the current contribution and extend the timeline to 356 months (29 yr 8 mo).,0.0,0.1388,"Caution: although the gap is closable on paper, the ML model estimates only 19% likelihood of achievement for similar profiles in the dataset.",Yes
CUST0508,39,Home Purchase,Card,3228900.0,35,98082.0,60600.0,37482.0,6900.0,52,0.3821,0.6179,30582.0,92254.29,6900.0,54772.29,0.0748,0.4063,468,87,False,NEEDS_ADJUSTMENT,HIGH,COMBINED,"Cut expenses by ₹4,458 (7%) and extend the timeline to 77 months (6 yr 5 mo).","A realistic expense cut alone does not close the ₹54,772 gap, so it is combined with a longer timeline. High impulse spending suggests discretionary spending is the place to start.","Keep the 35-month timeline with a smaller target of about ₹13,11,870.",4457.86,0.0132,,No
CUST0509,45,Retirement,Mixed,6099673.0,157,117222.0,60000.0,57222.0,20200.0,46,0.4882,0.5118,37022.0,38851.42,20200.0,18651.42,0.5199,1.4728,302,107,True,AT_RISK,MEDIUM,INCREASE_CONTRIBUTION,"Increase the monthly goal contribution by ₹18,651 (to ₹38,851).","This uses 50% of the ₹37,022 surplus that is currently not invested, so no spending cut is strictly required.",Keep the current contribution and extend the timeline to 302 months (25 yr 2 mo).,0.0,0.0013,"Caution: although the gap is closable on paper, the ML model estimates only 0% likelihood of achievement for similar profiles in the dataset.",No
CUST0510,44,Emergency Fund,Mixed,207445.0,20,64398.0,34300.0,30098.0,5700.0,40,0.4674,0.5326,24398.0,10372.25,5700.0,4672.25,0.5495,2.9018,37,7,True,AT_RISK,MEDIUM,INCREASE_CONTRIBUTION,"Increase the monthly goal contribution by ₹4,672 (to ₹10,372).","This uses 19% of the ₹24,398 surplus that is currently not invested, so no spending cut is strictly required.",Keep the current contribution and extend the timeline to 37 months (3 yr 1 mo).,0.0,0.6328,,No
CUST0511,35,Higher Education,UPI,844055.0,19,39537.0,16100.0,23437.0,1500.0,23,0.5928,0.4072,21937.0,44423.95,1500.0,20986.95,0.0338,0.5276,563,37,False,NEEDS_ADJUSTMENT,HIGH,EXTEND_TIMELINE,"Extend the timeline to 37 months (3 yr 1 mo) while investing the full ₹23,437 surplus.","Expenses are already at or below the dataset median ratio, so a longer timeline is the main lever.","Keep the 19-month timeline with a smaller target of about ₹4,45,303.",0.0,0.6202,,No
CUST0512,25,Vehicle,Mixed,673930.0,29,110450.0,67100.0,43350.0,21200.0,31,0.3925,0.6075,22150.0,23238.97,21200.0,2038.97,0.9123,1.8654,32,16,True,AT_RISK,MEDIUM,INCREASE_CONTRIBUTION,"Increase the monthly goal contribution by ₹2,039 (to ₹23,239).","This uses 9% of the ₹22,150 surplus that is currently not invested, so no spending cut is strictly required.",Keep the current contribution and extend the timeline to 32 months (2 yr 8 mo).,3878.42,0.7761,,Yes
CUST0513,56,Retirement,Wallet,5613360.0,36,102786.0,66600.0,36186.0,5600.0,19,0.3521,0.6479,30586.0,155926.67,5600.0,119740.67,0.0359,0.2321,1003,156,False,NEEDS_ADJUSTMENT,HIGH,COMBINED,"Cut expenses by ₹7,765 (12%) and extend the timeline to 128 months (10 yr 8 mo).","A realistic expense cut alone does not close the ₹1,19,741 gap, so it is combined with a longer timeline.","Keep the 36-month timeline with a smaller target of about ₹13,02,696.",7765.29,0.0033,,No
CUST0514,48,Vehicle,UPI,192841.0,51,83700.0,36100.0,47600.0,7300.0,46,0.5687,0.4313,40300.0,3781.2,7300.0,0.0,1.9306,12.5886,27,5,True,ON_TRACK,LOW,MAINTAIN,"Maintain the current ₹7,300 monthly investment.","It already covers the ₹3,781 required (193% coverage).","Optionally reach the goal in 5 months by directing the full ₹47,600 surplus to it.",0.0,0.794,,Yes
CUST0515,29,Emergency Fund,Mixed,273712.0,6,182122.0,124300.0,57822.0,28200.0,42,0.3175,0.6825,29622.0,45618.67,28200.0,17418.67,0.6182,1.2675,10,5,True,AT_RISK,MEDIUM,INCREASE_CONTRIBUTION,"Increase the monthly goal contribution by ₹17,419 (to ₹45,619).","This uses 59% of the ₹29,622 surplus that is currently not invested, so no spending cut is strictly required.",Keep the current contribution and extend the timeline to 10 months.,20053.37,0.9342,,Yes
CUST0516,57,Emergency Fund,UPI,72067.0,18,185976.0,106900.0,79076.0,12100.0,35,0.4252,0.5748,66976.0,4003.72,12100.0,0.0,3.0222,19.7506,6,1,True,ON_TRACK,LOW,MAINTAIN,"Maintain the current ₹12,100 monthly investment.","It already covers the ₹4,004 required (302% coverage).","Optionally reach the goal in 1 months by directing the full ₹79,076 surplus to it.",447.34,0.9739,,No
CUST0517,36,Emergency Fund,UPI,192108.0,20,76981.0,44200.0,32781.0,3900.0,16,0.4258,0.5742,28881.0,9605.4,3900.0,5705.4,0.406,3.4128,50,6,True,AT_RISK,MEDIUM,INCREASE_CONTRIBUTION,"Increase the monthly goal contribution by ₹5,705 (to ₹9,605).","This uses 20% of the ₹28,881 surplus that is currently not invested, so no spending cut is strictly required.",Keep the current contribution and extend the timeline to 50 months (4 yr 2 mo).,136.08,0.7794,,Yes
CUST0518,38,Emergency Fund,Card,215646.0,20,31619.0,16500.0,15119.0,3200.0,31,0.4782,0.5218,11919.0,10782.3,3200.0,7582.3,0.2968,1.4022,68,15,True,AT_RISK,MEDIUM,INCREASE_CONTRIBUTION,"Increase the monthly goal contribution by ₹7,582 (to ₹10,782).","This uses 64% of the ₹11,919 surplus that is currently not invested, so no spending cut is strictly required.",Keep the current contribution and extend the timeline to 68 months (5 yr 8 mo).,0.0,0.3953,,No
CUST0519,23,Emergency Fund,Card,288750.0,10,159775.0,64900.0,94875.0,24500.0,43,0.5938,0.4062,70375.0,28875.0,24500.0,4375.0,0.8485,3.2857,12,4,True,AT_RISK,MEDIUM,INCREASE_CONTRIBUTION,"Increase the monthly goal contribution by ₹4,375 (to ₹28,875).","This uses 6% of the ₹70,375 surplus that is currently not invested, so no spending cut is strictly required.",Keep the current contribution and extend the timeline to 12 months (1 yr).,0.0,0.9701,,Yes
CUST0520,54,Emergency Fund,UPI,235826.0,15,66579.0,61300.0,5279.0,11000.0,48,0.0793,0.9207,0.0,15721.73,5279.0,10442.73,0.3358,0.3358,45,45,False,NEEDS_ADJUSTMENT,HIGH,REDUCE_EXPENSES,"Cut monthly expenses by ₹10,443 (17.0% of spending) and invest the full surplus.","That exactly closes the shortfall within the original 15 months. It is well within a realistic cut: bringing the expense ratio down to the dataset median of 57.2% would free up to ₹23,190 a month.","Keep the 15-month timeline with a smaller target of about ₹79,185.",23190.18,0.1342,,No
CUST0521,49,Vehicle,UPI,1166176.0,42,80874.0,68100.0,12774.0,13300.0,5,0.1579,0.8421,0.0,27766.1,12774.0,14992.1,0.4601,0.4601,92,92,False,NEEDS_ADJUSTMENT,HIGH,REDUCE_EXPENSES,"Cut monthly expenses by ₹14,992 (22.0% of spending) and invest the full surplus.","That exactly closes the shortfall within the original 42 months. It is well within a realistic cut: bringing the expense ratio down to the dataset median of 57.2% would free up to ₹21,808 a month.","Keep the 42-month timeline with a smaller target of about ₹5,36,508.",21807.72,0.4575,,Yes
CUST0522,58,Home Purchase,UPI,2815063.0,35,69321.0,32600.0,36721.0,1700.0,35,0.5297,0.4703,35021.0,80430.37,1700.0,43709.37,0.0211,0.4566,1656,77,False,NEEDS_ADJUSTMENT,HIGH,EXTEND_TIMELINE,"Extend the timeline to 77 months (6 yr 5 mo) while investing the full ₹36,721 surplus.","Expenses are already at or below the dataset median ratio, so a longer timeline is the main lever.","Keep the 35-month timeline with a smaller target of about ₹12,85,235.",0.0,0.0412,,No
CUST0523,31,Retirement,UPI,6572249.0,164,45538.0,11800.0,33738.0,2600.0,47,0.7409,0.2591,31138.0,40074.69,2600.0,6336.69,0.0649,0.8419,2528,195,False,NEEDS_ADJUSTMENT,HIGH,EXTEND_TIMELINE,"Extend the timeline to 195 months (16 yr 3 mo) while investing the full ₹33,738 surplus.","Expenses are already at or below the dataset median ratio, so a longer timeline is the main lever.","Keep the 164-month timeline with a smaller target of about ₹55,33,032.",0.0,0.0003,,No
CUST0524,30,Retirement,UPI,3518987.0,146,141108.0,110700.0,30408.0,15400.0,36,0.2155,0.7845,15008.0,24102.65,15400.0,8702.65,0.6389,1.2616,229,116,True,AT_RISK,MEDIUM,INCREASE_CONTRIBUTION,"Increase the monthly goal contribution by ₹8,703 (to ₹24,103).","This uses 58% of the ₹15,008 surplus that is currently not invested, so no spending cut is strictly required.",Keep the current contribution and extend the timeline to 229 months (19 yr 1 mo).,29929.78,0.0335,"Caution: although the gap is closable on paper, the ML model estimates only 3% likelihood of achievement for similar profiles in the dataset.",No
CUST0525,58,Travel,Card,205921.0,16,161788.0,104000.0,57788.0,24000.0,32,0.3572,0.6428,33788.0,12870.06,24000.0,0.0,1.8648,4.4901,9,4,True,ON_TRACK,LOW,MAINTAIN,"Maintain the current ₹24,000 monthly investment.","It already covers the ₹12,870 required (186% coverage).","Optionally reach the goal in 4 months by directing the full ₹57,788 surplus to it.",11392.55,0.9299,,Yes
CUST0526,59,Home Purchase,UPI,4736993.0,83,158213.0,66600.0,91613.0,23400.0,53,0.579,0.421,68213.0,57072.2,23400.0,33672.2,0.41,1.6052,203,52,True,AT_RISK,MEDIUM,INCREASE_CONTRIBUTION,"Increase the monthly goal contribution by ₹33,672 (to ₹57,072).","This uses 49% of the ₹68,213 surplus that is currently not invested, so no spending cut is strictly required.",Keep the current contribution and extend the timeline to 203 months (16 yr 11 mo).,0.0,0.0425,"Caution: although the gap is closable on paper, the ML model estimates only 3% likelihood of achievement for similar profiles in the dataset.",No
CUST0527,50,Higher Education,UPI,547919.0,33,27967.0,14900.0,13067.0,3600.0,21,0.4672,0.5328,9467.0,16603.61,3600.0,3536.61,0.2168,0.787,153,42,False,NEEDS_ADJUSTMENT,HIGH,EXTEND_TIMELINE,"Extend the timeline to 42 months (3 yr 6 mo) while investing the full ₹13,067 surplus.","Expenses are already at or below the dataset median ratio, so a longer timeline is the main lever.","Keep the 33-month timeline with a smaller target of about ₹4,31,211.",0.0,0.4202,,No
CUST0528,37,Home Purchase,UPI,1335394.0,47,98255.0,50200.0,48055.0,8300.0,57,0.4891,0.5109,39755.0,28412.64,8300.0,20112.64,0.2921,1.6913,161,28,True,AT_RISK,MEDIUM,INCREASE_CONTRIBUTION,"Increase the monthly goal contribution by ₹20,113 (to ₹28,413).","This uses 51% of the ₹39,755 surplus that is currently not invested, so no spending cut is strictly required.",Keep the current contribution and extend the timeline to 161 months (13 yr 5 mo).,0.0,0.3078,,Yes
CUST0529,54,Emergency Fund,UPI,283782.0,24,92350.0,58800.0,33550.0,9500.0,82,0.3633,0.6367,24050.0,11824.25,9500.0,2324.25,0.8034,2.8374,30,9,True,AT_RISK,MEDIUM,INCREASE_CONTRIBUTION,"Increase the monthly goal contribution by ₹2,324 (to ₹11,824).","This uses 10% of the ₹24,050 surplus that is currently not invested, so no spending cut is strictly required.",Keep the current contribution and extend the timeline to 30 months (2 yr 6 mo).,5938.86,0.2178,"Caution: although the gap is closable on paper, the ML model estimates only 19% likelihood of achievement for similar profiles in the dataset.",No
CUST0530,47,Retirement,Mixed,7228265.0,143,135270.0,81400.0,53870.0,19600.0,22,0.3982,0.6018,34270.0,50547.31,19600.0,30947.31,0.3878,1.0657,369,135,True,AT_RISK,MEDIUM,INCREASE_CONTRIBUTION,"Increase the monthly goal contribution by ₹30,947 (to ₹50,547).","This uses 90% of the ₹34,270 surplus that is currently not invested, so no spending cut is strictly required.",Keep the current contribution and extend the timeline to 369 months (30 yr 9 mo).,3971.45,0.0007,"Caution: although the gap is closable on paper, the ML model estimates only 0% likelihood of achievement for similar profiles in the dataset.",No
CUST0531,59,Home Purchase,UPI,3816603.0,114,177381.0,65100.0,112281.0,33700.0,30,0.633,0.367,78581.0,33478.97,33700.0,0.0,1.0066,3.3538,114,34,True,ON_TRACK,LOW,MAINTAIN,"Maintain the current ₹33,700 monthly investment.","It already covers the ₹33,479 required (101% coverage).","Optionally reach the goal in 34 months (2 yr 10 mo) by directing the full ₹1,12,281 surplus to it.",0.0,0.372,"Caution: the ML model estimates only 33% likelihood of achievement for similar profiles, despite the arithmetic being on track.",No
CUST0532,43,Retirement,Card,6524023.0,133,60628.0,34700.0,25928.0,9700.0,47,0.4277,0.5723,16228.0,49052.8,9700.0,23124.8,0.1977,0.5286,673,252,False,NEEDS_ADJUSTMENT,HIGH,EXTEND_TIMELINE,"Extend the timeline to 252 months (21 yr) while investing the full ₹25,928 surplus.","Expenses are already at or below the dataset median ratio, so a longer timeline is the main lever.","Keep the 133-month timeline with a smaller target of about ₹34,48,424.",0.0,0.0001,,No
CUST0533,39,Vehicle,UPI,213403.0,30,44059.0,17200.0,26859.0,2600.0,48,0.6096,0.3904,24259.0,7113.43,2600.0,4513.43,0.3655,3.7758,83,8,True,AT_RISK,MEDIUM,INCREASE_CONTRIBUTION,"Increase the monthly goal contribution by ₹4,513 (to ₹7,113).","This uses 19% of the ₹24,259 surplus that is currently not invested, so no spending cut is strictly required.",Keep the current contribution and extend the timeline to 83 months (6 yr 11 mo).,0.0,0.5703,,Yes
CUST0534,46,Vehicle,Card,884852.0,41,134835.0,83800.0,51035.0,12200.0,46,0.3785,0.6215,38835.0,21581.76,12200.0,9381.76,0.5653,2.3647,73,18,True,AT_RISK,MEDIUM,INCREASE_CONTRIBUTION,"Increase the monthly goal contribution by ₹9,382 (to ₹21,582).","This uses 24% of the ₹38,835 surplus that is currently not invested, so no spending cut is strictly required.",Keep the current contribution and extend the timeline to 73 months (6 yr 1 mo).,6620.45,0.7134,,No
CUST0535,56,Higher Education,Card,406859.0,38,68782.0,38500.0,30282.0,6700.0,52,0.4403,0.5597,23582.0,10706.82,6700.0,4006.82,0.6258,2.8283,61,14,True,AT_RISK,MEDIUM,INCREASE_CONTRIBUTION,"Increase the monthly goal contribution by ₹4,007 (to ₹10,707).","This uses 17% of the ₹23,582 surplus that is currently not invested, so no spending cut is strictly required.",Keep the current contribution and extend the timeline to 61 months (5 yr 1 mo).,0.0,0.3612,,No
CUST0536,50,Retirement,UPI,2932492.0,44,152917.0,76400.0,76517.0,8500.0,45,0.5004,0.4996,68017.0,66647.55,8500.0,58147.55,0.1275,1.1481,345,39,True,AT_RISK,MEDIUM,INCREASE_CONTRIBUTION,"Increase the monthly goal contribution by ₹58,148 (to ₹66,648).","This uses 85% of the ₹68,017 surplus that is currently not invested, so no spending cut is strictly required.",Keep the current contribution and extend the timeline to 345 months (28 yr 9 mo).,0.0,0.1471,"Caution: although the gap is closable on paper, the ML model estimates only 16% likelihood of achievement for similar profiles in the dataset.",No
CUST0537,45,Vehicle,Mixed,1057854.0,26,143060.0,81600.0,61460.0,2900.0,11,0.4296,0.5704,58560.0,40686.69,2900.0,37786.69,0.0713,1.5106,365,18,True,AT_RISK,MEDIUM,INCREASE_CONTRIBUTION,"Increase the monthly goal contribution by ₹37,787 (to ₹40,687).","This uses 65% of the ₹58,560 surplus that is currently not invested, so no spending cut is strictly required.",Keep the current contribution and extend the timeline to 365 months (30 yr 5 mo).,0.0,0.8828,,Yes
CUST0538,33,Travel,UPI,37095.0,15,41296.0,21500.0,19796.0,1000.0,17,0.4794,0.5206,18796.0,2473.0,1000.0,1473.0,0.4044,8.0049,38,2,True,AT_RISK,MEDIUM,INCREASE_CONTRIBUTION,"Increase the monthly goal contribution by ₹1,473 (to ₹2,473).","This uses 8% of the ₹18,796 surplus that is currently not invested, so no spending cut is strictly required.",Keep the current contribution and extend the timeline to 38 months (3 yr 2 mo).,0.0,0.8546,,Yes
CUST0539,32,Retirement,Card,5958192.0,74,88115.0,45600.0,42515.0,6600.0,32,0.4825,0.5175,35915.0,80516.11,6600.0,38001.11,0.082,0.528,903,141,False,NEEDS_ADJUSTMENT,HIGH,EXTEND_TIMELINE,"Extend the timeline to 141 months (11 yr 9 mo) while investing the full ₹42,515 surplus.","Expenses are already at or below the dataset median ratio, so a longer timeline is the main lever.","Keep the 74-month timeline with a smaller target of about ₹31,46,110.",0.0,0.0021,,No
CUST0540,42,Retirement,Card,2343453.0,66,57783.0,37000.0,20783.0,3700.0,37,0.3597,0.6403,17083.0,35506.86,3700.0,14723.86,0.1042,0.5853,634,113,False,NEEDS_ADJUSTMENT,HIGH,COMBINED,"Cut expenses by ₹3,925 (11%) and extend the timeline to 95 months (7 yr 11 mo).","A realistic expense cut alone does not close the ₹14,724 gap, so it is combined with a longer timeline.","Keep the 66-month timeline with a smaller target of about ₹13,71,678.",3925.01,0.0316,,Yes
CUST0541,29,Travel,UPI,295660.0,4,85955.0,52000.0,33955.0,4600.0,20,0.395,0.605,29355.0,73915.0,4600.0,39960.0,0.0622,0.4594,65,9,False,NEEDS_ADJUSTMENT,HIGH,COMBINED,"Cut expenses by ₹2,799 (5%) and extend the timeline to 9 months.","A realistic expense cut alone does not close the ₹39,960 gap, so it is combined with a longer timeline.","Keep the 4-month timeline with a smaller target of about ₹1,35,820.",2799.36,0.8453,"Note: similar profiles achieved this kind of goal 86% of the time per the ML model, but the plan still needs adjustment on current numbers.",Yes
CUST0542,41,Vehicle,UPI,382428.0,24,49603.0,33200.0,16403.0,9200.0,71,0.3307,0.6693,7203.0,15934.5,9200.0,6734.5,0.5774,1.0294,42,24,True,AT_RISK,MEDIUM,INCREASE_CONTRIBUTION,"Increase the monthly goal contribution by ₹6,734 (to ₹15,934).","This uses 93% of the ₹7,203 surplus that is currently not invested, so no spending cut is strictly required.",Keep the current contribution and extend the timeline to 42 months (3 yr 6 mo).,4807.24,0.1013,"Caution: although the gap is closable on paper, the ML model estimates only 10% likelihood of achievement for similar profiles in the dataset.",No
CUST0543,46,Vehicle,UPI,1181924.0,46,42364.0,33100.0,9264.0,7500.0,36,0.2187,0.7813,1764.0,25694.0,7500.0,16430.0,0.2919,0.3606,158,128,False,NEEDS_ADJUSTMENT,HIGH,COMBINED,"Cut expenses by ₹8,851 (27%) and extend the timeline to 66 months (5 yr 6 mo).","A realistic expense cut alone does not close the ₹16,430 gap, so it is combined with a longer timeline.","Keep the 46-month timeline with a smaller target of about ₹4,26,144.",8850.85,0.0767,,No
CUST0544,54,Emergency Fund,Mixed,288529.0,20,197819.0,117800.0,80019.0,5000.0,34,0.4045,0.5955,75019.0,14426.45,5000.0,9426.45,0.3466,5.5467,58,4,True,AT_RISK,MEDIUM,INCREASE_CONTRIBUTION,"Increase the monthly goal contribution by ₹9,426 (to ₹14,426).","This uses 13% of the ₹75,019 surplus that is currently not invested, so no spending cut is strictly required.",Keep the current contribution and extend the timeline to 58 months (4 yr 10 mo).,4568.4,0.9626,,Yes
CUST0545,30,Home Purchase,Mixed,1920485.0,115,165178.0,68000.0,97178.0,6800.0,27,0.5883,0.4117,90378.0,16699.87,6800.0,9899.87,0.4072,5.8191,283,20,True,AT_RISK,MEDIUM,INCREASE_CONTRIBUTION,"Increase the monthly goal contribution by ₹9,900 (to ₹16,700).","This uses 11% of the ₹90,378 surplus that is currently not invested, so no spending cut is strictly required.",Keep the current contribution and extend the timeline to 283 months (23 yr 7 mo).,0.0,0.7877,,Yes
CUST0546,22,Home Purchase,Card,1867641.0,63,82687.0,54500.0,28187.0,3900.0,66,0.3409,0.6591,24287.0,29645.1,3900.0,1458.1,0.1316,0.9508,479,67,False,NEEDS_ADJUSTMENT,HIGH,REDUCE_EXPENSES,"Cut monthly expenses by ₹1,458 (2.7% of spending) and invest the full surplus.","That exactly closes the shortfall within the original 63 months. It is well within a realistic cut: bringing the expense ratio down to the dataset median of 57.2% would free up to ₹7,170 a month. High impulse spending suggests discretionary spending is the place to start.","Keep the 63-month timeline with a smaller target of about ₹17,75,781.",7169.96,0.0523,,No
CUST0547,45,Higher Education,UPI,160959.0,47,173237.0,136300.0,36937.0,9900.0,19,0.2132,0.7868,27037.0,3424.66,9900.0,0.0,2.8908,10.7856,17,5,True,ON_TRACK,LOW,MAINTAIN,"Maintain the current ₹9,900 monthly investment.","It already covers the ₹3,425 required (289% coverage).","Optionally reach the goal in 5 months by directing the full ₹36,937 surplus to it.",37139.14,0.9152,,Yes
CUST0548,57,Emergency Fund,UPI,92817.0,11,116737.0,74300.0,42437.0,3000.0,42,0.3635,0.6365,39437.0,8437.91,3000.0,5437.91,0.3555,5.0293,31,3,True,AT_RISK,MEDIUM,INCREASE_CONTRIBUTION,"Increase the monthly goal contribution by ₹5,438 (to ₹8,438).","This uses 14% of the ₹39,437 surplus that is currently not invested, so no spending cut is strictly required.",Keep the current contribution and extend the timeline to 31 months (2 yr 7 mo).,7479.74,0.7233,,No
CUST0549,37,Emergency Fund,Mixed,191657.0,13,69595.0,27900.0,41695.0,4900.0,54,0.5991,0.4009,36795.0,14742.85,4900.0,9842.85,0.3324,2.8282,40,5,True,AT_RISK,MEDIUM,INCREASE_CONTRIBUTION,"Increase the monthly goal contribution by ₹9,843 (to ₹14,743).","This uses 27% of the ₹36,795 surplus that is currently not invested, so no spending cut is strictly required.",Keep the current contribution and extend the timeline to 40 months (3 yr 4 mo).,0.0,0.5437,,Yes
CUST0550,60,Vehicle,Card,1017455.0,34,26725.0,15700.0,11025.0,800.0,45,0.4125,0.5875,10225.0,29925.15,800.0,18900.15,0.0267,0.3684,1272,93,False,NEEDS_ADJUSTMENT,HIGH,COMBINED,Cut expenses by ₹403 (3%) and extend the timeline to 90 months (7 yr 6 mo).,"A realistic expense cut alone does not close the ₹18,900 gap, so it is combined with a longer timeline.","Keep the 34-month timeline with a smaller target of about ₹3,74,850.",402.61,0.1026,,No
CUST0551,54,Home Purchase,UPI,1486952.0,118,45024.0,23400.0,21624.0,4400.0,30,0.4803,0.5197,17224.0,12601.29,4400.0,8201.29,0.3492,1.716,338,69,True,AT_RISK,MEDIUM,INCREASE_CONTRIBUTION,"Increase the monthly goal contribution by ₹8,201 (to ₹12,601).","This uses 48% of the ₹17,224 surplus that is currently not invested, so no spending cut is strictly required.",Keep the current contribution and extend the timeline to 338 months (28 yr 2 mo).,0.0,0.1737,"Caution: although the gap is closable on paper, the ML model estimates only 18% likelihood of achievement for similar profiles in the dataset.",No
CUST0552,56,Travel,UPI,206742.0,14,21224.0,11300.0,9924.0,600.0,39,0.4676,0.5324,9324.0,14767.29,600.0,4843.29,0.0406,0.672,345,21,False,NEEDS_ADJUSTMENT,HIGH,EXTEND_TIMELINE,"Extend the timeline to 21 months (1 yr 9 mo) while investing the full ₹9,924 surplus.","Expenses are already at or below the dataset median ratio, so a longer timeline is the main lever.","Keep the 14-month timeline with a smaller target of about ₹1,38,936.",0.0,0.2719,,No
CUST0553,21,Home Purchase,Mixed,3118238.0,55,77115.0,45600.0,31515.0,12800.0,52,0.4087,0.5913,18715.0,56695.24,12800.0,25180.24,0.2258,0.5559,244,99,False,NEEDS_ADJUSTMENT,HIGH,COMBINED,"Cut expenses by ₹1,459 (3%) and extend the timeline to 95 months (7 yr 11 mo).","A realistic expense cut alone does not close the ₹25,180 gap, so it is combined with a longer timeline. High impulse spending suggests discretionary spending is the place to start.","Keep the 55-month timeline with a smaller target of about ₹17,33,325.",1459.37,0.0253,,Yes
CUST0554,38,Vehicle,Mixed,195162.0,55,179448.0,98700.0,80748.0,7500.0,28,0.45,0.55,73248.0,3548.4,7500.0,0.0,2.1136,22.7562,27,3,True,ON_TRACK,LOW,MAINTAIN,"Maintain the current ₹7,500 monthly investment.","It already covers the ₹3,548 required (211% coverage).","Optionally reach the goal in 3 months by directing the full ₹80,748 surplus to it.",0.0,0.9834,,Yes
CUST0555,43,Travel,Mixed,298575.0,4,66544.0,37000.0,29544.0,6300.0,30,0.444,0.556,23244.0,74643.75,6300.0,45099.75,0.0844,0.3958,48,11,False,NEEDS_ADJUSTMENT,HIGH,EXTEND_TIMELINE,"Extend the timeline to 11 months while investing the full ₹29,544 surplus.","Expenses are already at or below the dataset median ratio, so a longer timeline is the main lever.","Keep the 4-month timeline with a smaller target of about ₹1,18,176.",0.0,0.7759,"Note: similar profiles achieved this kind of goal 78% of the time per the ML model, but the plan still needs adjustment on current numbers.",Yes
CUST0556,33,Emergency Fund,UPI,106594.0,18,74327.0,30500.0,43827.0,1700.0,60,0.5897,0.4103,42127.0,5921.89,1700.0,4221.89,0.2871,7.4008,63,3,True,AT_RISK,MEDIUM,INCREASE_CONTRIBUTION,"Increase the monthly goal contribution by ₹4,222 (to ₹5,922).","This uses 10% of the ₹42,127 surplus that is currently not invested, so no spending cut is strictly required.",Keep the current contribution and extend the timeline to 63 months (5 yr 3 mo).,0.0,0.665,,Yes
CUST0557,34,Higher Education,Wallet,374501.0,38,155178.0,114100.0,41078.0,22500.0,21,0.2647,0.7353,18578.0,9855.29,22500.0,0.0,2.283,4.1681,17,10,True,ON_TRACK,LOW,MAINTAIN,"Maintain the current ₹22,500 monthly investment.","It already covers the ₹9,855 required (228% coverage).","Optionally reach the goal in 10 months by directing the full ₹41,078 surplus to it.",25276.11,0.9405,,Yes
CUST0558,34,Home Purchase,UPI,4051812.0,102,167130.0,77200.0,89930.0,8200.0,68,0.5381,0.4619,81730.0,39723.65,8200.0,31523.65,0.2064,2.2639,495,46,True,AT_RISK,MEDIUM,INCREASE_CONTRIBUTION,"Increase the monthly goal contribution by ₹31,524 (to ₹39,724).","This uses 39% of the ₹81,730 surplus that is currently not invested, so no spending cut is strictly required.",Keep the current contribution and extend the timeline to 495 months (41 yr 3 mo).,0.0,0.0382,"Caution: although the gap is closable on paper, the ML model estimates only 3% likelihood of achievement for similar profiles in the dataset.",No
CUST0559,39,Travel,UPI,231064.0,18,50614.0,35800.0,14814.0,8300.0,16,0.2927,0.7073,6514.0,12836.89,8300.0,4536.89,0.6466,1.154,28,16,True,AT_RISK,MEDIUM,INCREASE_CONTRIBUTION,"Increase the monthly goal contribution by ₹4,537 (to ₹12,837).","This uses 70% of the ₹6,514 surplus that is currently not invested, so no spending cut is strictly required.",Keep the current contribution and extend the timeline to 28 months (2 yr 4 mo).,6828.55,0.6677,,Yes
CUST0560,42,Emergency Fund,UPI,269279.0,15,30291.0,17900.0,12391.0,2200.0,43,0.4091,0.5909,10191.0,17951.93,2200.0,5560.93,0.1225,0.6902,123,22,False,NEEDS_ADJUSTMENT,HIGH,COMBINED,Cut expenses by ₹561 (3%) and extend the timeline to 21 months (1 yr 9 mo).,"A realistic expense cut alone does not close the ₹5,561 gap, so it is combined with a longer timeline.","Keep the 15-month timeline with a smaller target of about ₹1,85,865.",561.43,0.1953,,Yes
CUST0561,37,Travel,UPI,214698.0,3,27508.0,18800.0,8708.0,3500.0,37,0.3166,0.6834,5208.0,71566.0,3500.0,62858.0,0.0489,0.1217,62,25,False,NEEDS_ADJUSTMENT,HIGH,COMBINED,"Cut expenses by ₹3,054 (16%) and extend the timeline to 19 months (1 yr 7 mo).","A realistic expense cut alone does not close the ₹62,858 gap, so it is combined with a longer timeline.","Keep the 3-month timeline with a smaller target of about ₹26,124.",3054.42,0.3192,,Yes
CUST0562,23,Vehicle,Mixed,541190.0,12,128168.0,52400.0,75768.0,16900.0,37,0.5912,0.4088,58868.0,45099.17,16900.0,28199.17,0.3747,1.68,33,8,True,AT_RISK,MEDIUM,INCREASE_CONTRIBUTION,"Increase the monthly goal contribution by ₹28,199 (to ₹45,099).","This uses 48% of the ₹58,868 surplus that is currently not invested, so no spending cut is strictly required.",Keep the current contribution and extend the timeline to 33 months (2 yr 9 mo).,0.0,0.9417,,Yes
CUST0563,36,Home Purchase,UPI,1439900.0,64,177738.0,85600.0,92138.0,25800.0,15,0.5184,0.4816,66338.0,22498.44,25800.0,0.0,1.1467,4.0953,56,16,True,ON_TRACK,LOW,MAINTAIN,"Maintain the current ₹25,800 monthly investment.","It already covers the ₹22,498 required (115% coverage).","Optionally reach the goal in 16 months (1 yr 4 mo) by directing the full ₹92,138 surplus to it.",0.0,0.941,,Yes
CUST0564,52,Retirement,UPI,7444723.0,105,103202.0,57200.0,46002.0,14200.0,50,0.4457,0.5543,31802.0,70902.12,14200.0,24900.12,0.2003,0.6488,525,162,False,NEEDS_ADJUSTMENT,HIGH,EXTEND_TIMELINE,"Extend the timeline to 162 months (13 yr 6 mo) while investing the full ₹46,002 surplus.","Expenses are already at or below the dataset median ratio, so a longer timeline is the main lever.","Keep the 105-month timeline with a smaller target of about ₹48,30,210.",0.0,0.0001,,No
CUST0565,36,Emergency Fund,UPI,277683.0,22,37772.0,18500.0,19272.0,3600.0,65,0.5102,0.4898,15672.0,12621.95,3600.0,9021.95,0.2852,1.5269,78,15,True,AT_RISK,MEDIUM,INCREASE_CONTRIBUTION,"Increase the monthly goal contribution by ₹9,022 (to ₹12,622).","This uses 58% of the ₹15,672 surplus that is currently not invested, so no spending cut is strictly required.",Keep the current contribution and extend the timeline to 78 months (6 yr 6 mo).,0.0,0.1556,"Caution: although the gap is closable on paper, the ML model estimates only 20% likelihood of achievement for similar profiles in the dataset.",No
CUST0566,35,Emergency Fund,UPI,86543.0,17,39702.0,21300.0,18402.0,3800.0,34,0.4635,0.5365,14602.0,5090.76,3800.0,1290.76,0.7464,3.6148,23,5,True,AT_RISK,MEDIUM,INCREASE_CONTRIBUTION,"Increase the monthly goal contribution by ₹1,291 (to ₹5,091).","This uses 9% of the ₹14,602 surplus that is currently not invested, so no spending cut is strictly required.",Keep the current contribution and extend the timeline to 23 months (1 yr 11 mo).,0.0,0.4519,,No
CUST0567,59,Travel,UPI,210520.0,9,64121.0,27600.0,36521.0,9700.0,48,0.5696,0.4304,26821.0,23391.11,9700.0,13691.11,0.4147,1.5613,22,6,True,AT_RISK,MEDIUM,INCREASE_CONTRIBUTION,"Increase the monthly goal contribution by ₹13,691 (to ₹23,391).","This uses 51% of the ₹26,821 surplus that is currently not invested, so no spending cut is strictly required.",Keep the current contribution and extend the timeline to 22 months (1 yr 10 mo).,0.0,0.7268,,No
CUST0568,39,Higher Education,UPI,511860.0,16,61126.0,34500.0,26626.0,1600.0,29,0.4356,0.5644,25026.0,31991.25,1600.0,5365.25,0.05,0.8323,320,20,False,NEEDS_ADJUSTMENT,HIGH,EXTEND_TIMELINE,"Extend the timeline to 20 months (1 yr 8 mo) while investing the full ₹26,626 surplus.","Expenses are already at or below the dataset median ratio, so a longer timeline is the main lever.","Keep the 16-month timeline with a smaller target of about ₹4,26,016.",0.0,0.5687,,No
CUST0569,26,Vehicle,UPI,464821.0,15,77496.0,42200.0,35296.0,5100.0,23,0.4555,0.5445,30196.0,30988.07,5100.0,25888.07,0.1646,1.139,92,14,True,AT_RISK,MEDIUM,INCREASE_CONTRIBUTION,"Increase the monthly goal contribution by ₹25,888 (to ₹30,988).","This uses 86% of the ₹30,196 surplus that is currently not invested, so no spending cut is strictly required.",Keep the current contribution and extend the timeline to 92 months (7 yr 8 mo).,0.0,0.813,,Yes
CUST0570,37,Retirement,UPI,4752855.0,72,151134.0,81900.0,69234.0,11500.0,32,0.4581,0.5419,57734.0,66011.88,11500.0,54511.88,0.1742,1.0488,414,69,True,AT_RISK,MEDIUM,INCREASE_CONTRIBUTION,"Increase the monthly goal contribution by ₹54,512 (to ₹66,012).","This uses 94% of the ₹57,734 surplus that is currently not invested, so no spending cut is strictly required.",Keep the current contribution and extend the timeline to 414 months (34 yr 6 mo).,0.0,0.0355,"Caution: although the gap is closable on paper, the ML model estimates only 3% likelihood of achievement for similar profiles in the dataset.",No
CUST0571,24,Vehicle,Card,1191570.0,44,37896.0,18500.0,19396.0,700.0,42,0.5118,0.4882,18696.0,27081.14,700.0,7685.14,0.0258,0.7162,1703,62,False,NEEDS_ADJUSTMENT,HIGH,EXTEND_TIMELINE,"Extend the timeline to 62 months (5 yr 2 mo) while investing the full ₹19,396 surplus.","Expenses are already at or below the dataset median ratio, so a longer timeline is the main lever.","Keep the 44-month timeline with a smaller target of about ₹8,53,424.",0.0,0.2856,,Yes
CUST0572,59,Home Purchase,UPI,3371507.0,62,192471.0,119500.0,72971.0,7200.0,31,0.3791,0.6209,65771.0,54379.15,7200.0,47179.15,0.1324,1.3419,469,47,True,AT_RISK,MEDIUM,INCREASE_CONTRIBUTION,"Increase the monthly goal contribution by ₹47,179 (to ₹54,379).","This uses 72% of the ₹65,771 surplus that is currently not invested, so no spending cut is strictly required.",Keep the current contribution and extend the timeline to 469 months (39 yr 1 mo).,9329.6,0.1355,"Caution: although the gap is closable on paper, the ML model estimates only 16% likelihood of achievement for similar profiles in the dataset.",No
CUST0573,21,Emergency Fund,Card,173875.0,17,194365.0,123800.0,70565.0,31200.0,15,0.3631,0.6369,39365.0,10227.94,31200.0,0.0,3.0505,6.8992,6,3,True,ON_TRACK,LOW,MAINTAIN,"Maintain the current ₹31,200 monthly investment.","It already covers the ₹10,228 required (305% coverage).","Optionally reach the goal in 3 months by directing the full ₹70,565 surplus to it.",12545.47,0.9915,,Yes
CUST0574,54,Retirement,Mixed,2650802.0,89,94768.0,42200.0,52568.0,2000.0,20,0.5547,0.4453,50568.0,29784.29,2000.0,27784.29,0.0671,1.765,1326,51,True,AT_RISK,MEDIUM,INCREASE_CONTRIBUTION,"Increase the monthly goal contribution by ₹27,784 (to ₹29,784).","This uses 55% of the ₹50,568 surplus that is currently not invested, so no spending cut is strictly required.",Keep the current contribution and extend the timeline to 1326 months (110 yr 6 mo).,0.0,0.1284,"Caution: although the gap is closable on paper, the ML model estimates only 16% likelihood of achievement for similar profiles in the dataset.",Yes
CUST0575,47,Vehicle,UPI,178458.0,45,21138.0,14800.0,6338.0,3500.0,30,0.2998,0.7002,2838.0,3965.73,3500.0,465.73,0.8826,1.5982,51,29,True,AT_RISK,MEDIUM,INCREASE_CONTRIBUTION,"Increase the monthly goal contribution by ₹466 (to ₹3,966).","This uses 16% of the ₹2,838 surplus that is currently not invested, so no spending cut is strictly required.",Keep the current contribution and extend the timeline to 51 months (4 yr 3 mo).,2700.61,0.3188,,Yes
CUST0576,35,Home Purchase,Mixed,2733581.0,65,139353.0,66000.0,73353.0,20800.0,54,0.5264,0.4736,52553.0,42055.09,20800.0,21255.09,0.4946,1.7442,132,38,True,AT_RISK,MEDIUM,INCREASE_CONTRIBUTION,"Increase the monthly goal contribution by ₹21,255 (to ₹42,055).","This uses 40% of the ₹52,553 surplus that is currently not invested, so no spending cut is strictly required.",Keep the current contribution and extend the timeline to 132 months (11 yr).,0.0,0.1977,"Caution: although the gap is closable on paper, the ML model estimates only 17% likelihood of achievement for similar profiles in the dataset.",No
CUST0577,32,Higher Education,UPI,195551.0,40,173957.0,75500.0,98457.0,24300.0,42,0.566,0.434,74157.0,4888.77,24300.0,0.0,4.9706,20.1394,9,2,True,ON_TRACK,LOW,MAINTAIN,"Maintain the current ₹24,300 monthly investment.","It already covers the ₹4,889 required (497% coverage).","Optionally reach the goal in 2 months by directing the full ₹98,457 surplus to it.",0.0,0.9804,,Yes
CUST0578,47,Emergency Fund,Card,109896.0,7,160811.0,91100.0,69711.0,15400.0,27,0.4335,0.5665,54311.0,15699.43,15400.0,299.43,0.9809,4.4404,8,2,True,AT_RISK,MEDIUM,INCREASE_CONTRIBUTION,"Increase the monthly goal contribution by ₹299 (to ₹15,699).","This uses 1% of the ₹54,311 surplus that is currently not invested, so no spending cut is strictly required.",Keep the current contribution and extend the timeline to 8 months.,0.0,0.9484,,Yes
CUST0579,51,Vehicle,Mixed,596891.0,43,37826.0,20200.0,17626.0,2400.0,46,0.466,0.534,15226.0,13881.19,2400.0,11481.19,0.1729,1.2698,249,34,True,AT_RISK,MEDIUM,INCREASE_CONTRIBUTION,"Increase the monthly goal contribution by ₹11,481 (to ₹13,881).","This uses 75% of the ₹15,226 surplus that is currently not invested, so no spending cut is strictly required.",Keep the current contribution and extend the timeline to 249 months (20 yr 9 mo).,0.0,0.3223,"Caution: although the gap is closable on paper, the ML model estimates only 30% likelihood of achievement for similar profiles in the dataset.",No
CUST0580,21,Retirement,UPI,5083143.0,137,180676.0,138700.0,41976.0,13200.0,28,0.2323,0.7677,28776.0,37103.23,13200.0,23903.23,0.3558,1.1313,386,122,True,AT_RISK,MEDIUM,INCREASE_CONTRIBUTION,"Increase the monthly goal contribution by ₹23,903 (to ₹37,103).","This uses 83% of the ₹28,776 surplus that is currently not invested, so no spending cut is strictly required.",Keep the current contribution and extend the timeline to 386 months (32 yr 2 mo).,35281.06,0.0116,"Caution: although the gap is closable on paper, the ML model estimates only 2% likelihood of achievement for similar profiles in the dataset.",No
CUST0581,37,Vehicle,Card,570835.0,54,156422.0,60500.0,95922.0,8400.0,34,0.6132,0.3868,87522.0,10571.02,8400.0,2171.02,0.7946,9.0741,68,6,True,AT_RISK,MEDIUM,INCREASE_CONTRIBUTION,"Increase the monthly goal contribution by ₹2,171 (to ₹10,571).","This uses 2% of the ₹87,522 surplus that is currently not invested, so no spending cut is strictly required.",Keep the current contribution and extend the timeline to 68 months (5 yr 8 mo).,0.0,0.9641,,Yes
CUST0582,59,Home Purchase,Mixed,1021246.0,117,92827.0,39500.0,53327.0,18200.0,88,0.5745,0.4255,35127.0,8728.6,18200.0,0.0,2.0851,6.1095,57,20,True,ON_TRACK,LOW,MAINTAIN,"Maintain the current ₹18,200 monthly investment.","It already covers the ₹8,729 required (209% coverage).","Optionally reach the goal in 20 months (1 yr 8 mo) by directing the full ₹53,327 surplus to it.",0.0,0.0997,"Caution: the ML model estimates only 12% likelihood of achievement for similar profiles, despite the arithmetic being on track.",No
CUST0583,25,Home Purchase,UPI,2956049.0,101,131780.0,69000.0,62780.0,7400.0,56,0.4764,0.5236,55380.0,29267.81,7400.0,21867.81,0.2528,2.145,400,48,True,AT_RISK,MEDIUM,INCREASE_CONTRIBUTION,"Increase the monthly goal contribution by ₹21,868 (to ₹29,268).","This uses 39% of the ₹55,380 surplus that is currently not invested, so no spending cut is strictly required.",Keep the current contribution and extend the timeline to 400 months (33 yr 4 mo).,0.0,0.0472,"Caution: although the gap is closable on paper, the ML model estimates only 6% likelihood of achievement for similar profiles in the dataset.",No
CUST0584,26,Retirement,Wallet,3186126.0,106,99687.0,53600.0,46087.0,13000.0,47,0.4623,0.5377,33087.0,30057.79,13000.0,17057.79,0.4325,1.5333,246,70,True,AT_RISK,MEDIUM,INCREASE_CONTRIBUTION,"Increase the monthly goal contribution by ₹17,058 (to ₹30,058).","This uses 52% of the ₹33,087 surplus that is currently not invested, so no spending cut is strictly required.",Keep the current contribution and extend the timeline to 246 months (20 yr 6 mo).,0.0,0.0332,"Caution: although the gap is closable on paper, the ML model estimates only 3% likelihood of achievement for similar profiles in the dataset.",No
CUST0585,42,Emergency Fund,UPI,297655.0,17,63559.0,31500.0,32059.0,4000.0,37,0.5044,0.4956,28059.0,17509.12,4000.0,13509.12,0.2285,1.831,75,10,True,AT_RISK,MEDIUM,INCREASE_CONTRIBUTION,"Increase the monthly goal contribution by ₹13,509 (to ₹17,509).","This uses 48% of the ₹28,059 surplus that is currently not invested, so no spending cut is strictly required.",Keep the current contribution and extend the timeline to 75 months (6 yr 3 mo).,0.0,0.58,,No
CUST0586,55,Retirement,UPI,3048667.0,104,27285.0,19500.0,7785.0,4400.0,29,0.2853,0.7147,3385.0,29314.11,4400.0,21529.11,0.1501,0.2656,693,392,False,NEEDS_ADJUSTMENT,HIGH,COMBINED,"Cut expenses by ₹3,882 (20%) and extend the timeline to 262 months (21 yr 10 mo).","A realistic expense cut alone does not close the ₹21,529 gap, so it is combined with a longer timeline.","Keep the 104-month timeline with a smaller target of about ₹8,09,640.",3882.07,0.003,,No
CUST0587,47,Vehicle,UPI,270830.0,36,85148.0,39300.0,45848.0,2100.0,56,0.5385,0.4615,43748.0,7523.06,2100.0,5423.06,0.2791,6.0943,129,6,True,AT_RISK,MEDIUM,INCREASE_CONTRIBUTION,"Increase the monthly goal contribution by ₹5,423 (to ₹7,523).","This uses 12% of the ₹43,748 surplus that is currently not invested, so no spending cut is strictly required.",Keep the current contribution and extend the timeline to 129 months (10 yr 9 mo).,0.0,0.617,,No
CUST0588,52,Higher Education,UPI,435794.0,32,129098.0,61200.0,67898.0,18000.0,14,0.5259,0.4741,49898.0,13618.56,18000.0,0.0,1.3217,4.9857,25,7,True,ON_TRACK,LOW,MAINTAIN,"Maintain the current ₹18,000 monthly investment.","It already covers the ₹13,619 required (132% coverage).","Optionally reach the goal in 7 months by directing the full ₹67,898 surplus to it.",0.0,0.9619,,Yes
CUST0589,57,Higher Education,UPI,191052.0,27,31523.0,12500.0,19023.0,1100.0,30,0.6035,0.3965,17923.0,7076.0,1100.0,5976.0,0.1555,2.6884,174,11,True,AT_RISK,MEDIUM,INCREASE_CONTRIBUTION,"Increase the monthly goal contribution by ₹5,976 (to ₹7,076).","This uses 33% of the ₹17,923 surplus that is currently not invested, so no spending cut is strictly required.",Keep the current contribution and extend the timeline to 174 months (14 yr 6 mo).,0.0,0.5819,,No
CUST0590,48,Retirement,Mixed,7166328.0,141,43601.0,33900.0,9701.0,8200.0,18,0.2225,0.7775,1501.0,50825.02,8200.0,41124.02,0.1613,0.1909,874,739,False,NEEDS_ADJUSTMENT,HIGH,COMBINED,"Cut expenses by ₹8,943 (26%) and extend the timeline to 385 months (32 yr 1 mo).","A realistic expense cut alone does not close the ₹41,124 gap, so it is combined with a longer timeline.","Keep the 141-month timeline with a smaller target of about ₹13,67,841.",8942.79,0.0,,No
CUST0591,60,Home Purchase,Mixed,1049382.0,46,95709.0,57300.0,38409.0,7600.0,39,0.4013,0.5987,30809.0,22812.65,7600.0,15212.65,0.3331,1.6837,139,28,True,AT_RISK,MEDIUM,INCREASE_CONTRIBUTION,"Increase the monthly goal contribution by ₹15,213 (to ₹22,813).","This uses 49% of the ₹30,809 surplus that is currently not invested, so no spending cut is strictly required.",Keep the current contribution and extend the timeline to 139 months (11 yr 7 mo).,2516.17,0.2119,"Caution: although the gap is closable on paper, the ML model estimates only 27% likelihood of achievement for similar profiles in the dataset.",No
CUST0592,46,Emergency Fund,UPI,258816.0,9,121577.0,50000.0,71577.0,10100.0,55,0.5887,0.4113,61477.0,28757.33,10100.0,18657.33,0.3512,2.489,26,4,True,AT_RISK,MEDIUM,INCREASE_CONTRIBUTION,"Increase the monthly goal contribution by ₹18,657 (to ₹28,757).","This uses 30% of the ₹61,477 surplus that is currently not invested, so no spending cut is strictly required.",Keep the current contribution and extend the timeline to 26 months (2 yr 2 mo).,0.0,0.8502,,Yes
CUST0593,30,Home Purchase,UPI,4052539.0,49,197109.0,143100.0,54009.0,5500.0,37,0.274,0.726,48509.0,82704.88,5500.0,28695.88,0.0665,0.653,737,76,False,NEEDS_ADJUSTMENT,HIGH,REDUCE_EXPENSES,"Cut monthly expenses by ₹28,696 (20.1% of spending) and invest the full surplus.","That exactly closes the shortfall within the original 49 months. It is well within a realistic cut: bringing the expense ratio down to the dataset median of 57.2% would free up to ₹30,275 a month.","Keep the 49-month timeline with a smaller target of about ₹26,46,441.",30274.81,0.0869,,No
CUST0594,41,Vehicle,UPI,439785.0,51,135972.0,101200.0,34772.0,20300.0,26,0.2557,0.7443,14472.0,8623.24,20300.0,0.0,2.3541,4.0324,22,13,True,ON_TRACK,LOW,MAINTAIN,"Maintain the current ₹20,300 monthly investment.","It already covers the ₹8,623 required (235% coverage).","Optionally reach the goal in 13 months (1 yr 1 mo) by directing the full ₹34,772 surplus to it.",23369.63,0.7978,,Yes
CUST0595,45,Emergency Fund,Mixed,258092.0,22,85948.0,51100.0,34848.0,13500.0,63,0.4055,0.5945,21348.0,11731.45,13500.0,0.0,1.1508,2.9705,20,8,True,ON_TRACK,LOW,MAINTAIN,"Maintain the current ₹13,500 monthly investment.","It already covers the ₹11,731 required (115% coverage).","Optionally reach the goal in 8 months by directing the full ₹34,848 surplus to it.",1903.36,0.4497,,Yes
CUST0596,60,Retirement,Card,5126014.0,133,154407.0,77400.0,77007.0,23800.0,20,0.4987,0.5013,53207.0,38541.46,23800.0,14741.46,0.6175,1.998,216,67,True,AT_RISK,MEDIUM,INCREASE_CONTRIBUTION,"Increase the monthly goal contribution by ₹14,741 (to ₹38,541).","This uses 28% of the ₹53,207 surplus that is currently not invested, so no spending cut is strictly required.",Keep the current contribution and extend the timeline to 216 months (18 yr).,0.0,0.027,"Caution: although the gap is closable on paper, the ML model estimates only 3% likelihood of achievement for similar profiles in the dataset.",No
CUST0597,43,Higher Education,Mixed,609491.0,36,32386.0,13100.0,19286.0,2800.0,9,0.5955,0.4045,16486.0,16930.31,2800.0,14130.31,0.1654,1.1391,218,32,True,AT_RISK,MEDIUM,INCREASE_CONTRIBUTION,"Increase the monthly goal contribution by ₹14,130 (to ₹16,930).","This uses 86% of the ₹16,486 surplus that is currently not invested, so no spending cut is strictly required.",Keep the current contribution and extend the timeline to 218 months (18 yr 2 mo).,0.0,0.7181,,Yes
CUST0598,58,Higher Education,UPI,591905.0,23,40309.0,17700.0,22609.0,400.0,38,0.5609,0.4391,22209.0,25735.0,400.0,3126.0,0.0155,0.8785,1480,27,False,NEEDS_ADJUSTMENT,HIGH,EXTEND_TIMELINE,"Extend the timeline to 27 months (2 yr 3 mo) while investing the full ₹22,609 surplus.","Expenses are already at or below the dataset median ratio, so a longer timeline is the main lever.","Keep the 23-month timeline with a smaller target of about ₹5,20,007.",0.0,0.2222,,Yes
CUST0599,37,Higher Education,UPI,331017.0,21,172398.0,72300.0,100098.0,6000.0,67,0.5806,0.4194,94098.0,15762.71,6000.0,9762.71,0.3806,6.3503,56,4,True,AT_RISK,MEDIUM,INCREASE_CONTRIBUTION,"Increase the monthly goal contribution by ₹9,763 (to ₹15,763).","This uses 10% of the ₹94,098 surplus that is currently not invested, so no spending cut is strictly required.",Keep the current contribution and extend the timeline to 56 months (4 yr 8 mo).,0.0,0.8426,,Yes
CUST0600,59,Emergency Fund,Card,76456.0,18,140544.0,75800.0,64744.0,26900.0,57,0.4607,0.5393,37844.0,4247.56,26900.0,0.0,6.3331,15.2426,3,2,True,ON_TRACK,LOW,MAINTAIN,"Maintain the current ₹26,900 monthly investment.","It already covers the ₹4,248 required (633% coverage).","Optionally reach the goal in 2 months by directing the full ₹64,744 surplus to it.",0.0,0.9061,,Yes
CUST0601,51,Higher Education,Mixed,714815.0,40,153811.0,85000.0,68811.0,16600.0,47,0.4474,0.5526,52211.0,17870.38,16600.0,1270.38,0.9289,3.8506,44,11,True,AT_RISK,MEDIUM,INCREASE_CONTRIBUTION,"Increase the monthly goal contribution by ₹1,270 (to ₹17,870).","This uses 2% of the ₹52,211 surplus that is currently not invested, so no spending cut is strictly required.",Keep the current contribution and extend the timeline to 44 months (3 yr 8 mo).,0.0,0.8564,,Yes
CUST0602,52,Higher Education,UPI,141533.0,27,105998.0,55000.0,50998.0,17500.0,54,0.4811,0.5189,33498.0,5241.96,17500.0,0.0,3.3384,9.7288,9,3,True,ON_TRACK,LOW,MAINTAIN,"Maintain the current ₹17,500 monthly investment.","It already covers the ₹5,242 required (334% coverage).","Optionally reach the goal in 3 months by directing the full ₹50,998 surplus to it.",0.0,0.7138,,Yes
CUST0603,29,Emergency Fund,Wallet,130386.0,13,191189.0,110300.0,80889.0,17500.0,42,0.4231,0.5769,63389.0,10029.69,17500.0,0.0,1.7448,8.065,8,2,True,ON_TRACK,LOW,MAINTAIN,"Maintain the current ₹17,500 monthly investment.","It already covers the ₹10,030 required (174% coverage).","Optionally reach the goal in 2 months by directing the full ₹80,889 surplus to it.",863.42,0.9522,,Yes
CUST0604,47,Vehicle,UPI,1195726.0,29,26479.0,19600.0,6879.0,4500.0,63,0.2598,0.7402,2379.0,41231.93,4500.0,34352.93,0.1091,0.1668,266,174,False,NEEDS_ADJUSTMENT,HIGH,COMBINED,"Cut expenses by ₹4,443 (23%) and extend the timeline to 106 months (8 yr 10 mo).","A realistic expense cut alone does not close the ₹34,353 gap, so it is combined with a longer timeline. High impulse spending suggests discretionary spending is the place to start.","Keep the 29-month timeline with a smaller target of about ₹1,99,491.",4443.42,0.0205,,No
CUST0605,37,Vehicle,Card,457480.0,30,139857.0,88900.0,50957.0,19700.0,51,0.3644,0.6356,31257.0,15249.33,19700.0,0.0,1.2919,3.3416,24,9,True,ON_TRACK,LOW,MAINTAIN,"Maintain the current ₹19,700 monthly investment.","It already covers the ₹15,249 required (129% coverage).","Optionally reach the goal in 9 months by directing the full ₹50,957 surplus to it.",8845.85,0.7133,,Yes
CUST0606,27,Emergency Fund,Card,268749.0,24,83495.0,20900.0,62595.0,2600.0,41,0.7497,0.2503,59995.0,11197.88,2600.0,8597.88,0.2322,5.5899,104,5,True,AT_RISK,MEDIUM,INCREASE_CONTRIBUTION,"Increase the monthly goal contribution by ₹8,598 (to ₹11,198).","This uses 14% of the ₹59,995 surplus that is currently not invested, so no spending cut is strictly required.",Keep the current contribution and extend the timeline to 104 months (8 yr 8 mo).,0.0,0.88,,Yes
CUST0607,24,Retirement,Card,5624684.0,138,132516.0,62300.0,70216.0,4100.0,54,0.5299,0.4701,66116.0,40758.58,4100.0,36658.58,0.1006,1.7227,1372,81,True,AT_RISK,MEDIUM,INCREASE_CONTRIBUTION,"Increase the monthly goal contribution by ₹36,659 (to ₹40,759).","This uses 55% of the ₹66,116 surplus that is currently not invested, so no spending cut is strictly required.",Keep the current contribution and extend the timeline to 1372 months (114 yr 4 mo).,0.0,0.0033,"Caution: although the gap is closable on paper, the ML model estimates only 0% likelihood of achievement for similar profiles in the dataset.",No
CUST0608,53,Emergency Fund,Mixed,195498.0,8,42502.0,31900.0,10602.0,8400.0,39,0.2494,0.7506,2202.0,24437.25,8400.0,13835.25,0.3437,0.4338,24,19,False,NEEDS_ADJUSTMENT,HIGH,COMBINED,"Cut expenses by ₹7,572 (24%) and extend the timeline to 11 months.","A realistic expense cut alone does not close the ₹13,835 gap, so it is combined with a longer timeline.","Keep the 8-month timeline with a smaller target of about ₹84,816.",7571.86,0.2095,,No
CUST0609,24,Emergency Fund,Mixed,172051.0,6,83601.0,38500.0,45101.0,13800.0,23,0.5395,0.4605,31301.0,28675.17,13800.0,14875.17,0.4813,1.5728,13,4,True,AT_RISK,MEDIUM,INCREASE_CONTRIBUTION,"Increase the monthly goal contribution by ₹14,875 (to ₹28,675).","This uses 48% of the ₹31,301 surplus that is currently not invested, so no spending cut is strictly required.",Keep the current contribution and extend the timeline to 13 months (1 yr 1 mo).,0.0,0.8708,,Yes
CUST0610,57,Home Purchase,UPI,3703901.0,33,136090.0,97700.0,38390.0,17800.0,18,0.2821,0.7179,20590.0,112239.42,17800.0,73849.42,0.1586,0.342,209,97,False,NEEDS_ADJUSTMENT,HIGH,COMBINED,"Cut expenses by ₹19,802 (20%) and extend the timeline to 64 months (5 yr 4 mo).","A realistic expense cut alone does not close the ₹73,849 gap, so it is combined with a longer timeline.","Keep the 33-month timeline with a smaller target of about ₹12,66,870.",19802.08,0.0823,,No
CUST0611,23,Vehicle,UPI,879828.0,23,110391.0,67500.0,42891.0,18800.0,32,0.3885,0.6115,24091.0,38253.39,18800.0,19453.39,0.4915,1.1212,47,21,True,AT_RISK,MEDIUM,INCREASE_CONTRIBUTION,"Increase the monthly goal contribution by ₹19,453 (to ₹38,253).","This uses 81% of the ₹24,091 surplus that is currently not invested, so no spending cut is strictly required.",Keep the current contribution and extend the timeline to 47 months (3 yr 11 mo).,4312.19,0.7803,,Yes
CUST0612,49,Emergency Fund,UPI,223506.0,18,95260.0,63500.0,31760.0,16700.0,13,0.3334,0.6666,15060.0,12417.0,16700.0,0.0,1.3449,2.5578,14,8,True,ON_TRACK,LOW,MAINTAIN,"Maintain the current ₹16,700 monthly investment.","It already covers the ₹12,417 required (134% coverage).","Optionally reach the goal in 8 months by directing the full ₹31,760 surplus to it.",8973.18,0.8528,,Yes
CUST0613,35,Emergency Fund,UPI,189901.0,23,122964.0,59100.0,63864.0,9700.0,42,0.5194,0.4806,54164.0,8256.57,9700.0,0.0,1.1748,7.7349,20,3,True,ON_TRACK,LOW,MAINTAIN,"Maintain the current ₹9,700 monthly investment.","It already covers the ₹8,257 required (117% coverage).","Optionally reach the goal in 3 months by directing the full ₹63,864 surplus to it.",0.0,0.9187,,Yes
CUST0614,47,Travel,Card,253917.0,5,22748.0,11100.0,11648.0,2800.0,43,0.512,0.488,8848.0,50783.4,2800.0,39135.4,0.0551,0.2294,91,22,False,NEEDS_ADJUSTMENT,HIGH,EXTEND_TIMELINE,"Extend the timeline to 22 months (1 yr 10 mo) while investing the full ₹11,648 surplus.","Expenses are already at or below the dataset median ratio, so a longer timeline is the main lever.","Keep the 5-month timeline with a smaller target of about ₹58,240.",0.0,0.3114,,Yes
CUST0615,44,Home Purchase,UPI,3336023.0,118,71954.0,18000.0,53954.0,3700.0,26,0.7498,0.2502,50254.0,28271.38,3700.0,24571.38,0.1309,1.9084,902,62,True,AT_RISK,MEDIUM,INCREASE_CONTRIBUTION,"Increase the monthly goal contribution by ₹24,571 (to ₹28,271).","This uses 49% of the ₹50,254 surplus that is currently not invested, so no spending cut is strictly required.",Keep the current contribution and extend the timeline to 902 months (75 yr 2 mo).,0.0,0.1418,"Caution: although the gap is closable on paper, the ML model estimates only 11% likelihood of achievement for similar profiles in the dataset.",No
CUST0616,43,Vehicle,UPI,525342.0,34,187944.0,135400.0,52544.0,35400.0,32,0.2796,0.7204,17144.0,15451.24,35400.0,0.0,2.2911,3.4006,15,10,True,ON_TRACK,LOW,MAINTAIN,"Maintain the current ₹35,400 monthly investment.","It already covers the ₹15,451 required (229% coverage).","Optionally reach the goal in 10 months by directing the full ₹52,544 surplus to it.",27820.85,0.9574,,No
CUST0617,22,Emergency Fund,UPI,219256.0,22,93340.0,68500.0,24840.0,12200.0,62,0.2661,0.7339,12640.0,9966.18,12200.0,0.0,1.2241,2.4924,18,9,True,ON_TRACK,LOW,MAINTAIN,"Maintain the current ₹12,200 monthly investment.","It already covers the ₹9,966 required (122% coverage).","Optionally reach the goal in 9 months by directing the full ₹24,840 surplus to it.",15072.18,0.438,,Yes
CUST0618,58,Emergency Fund,Mixed,88733.0,20,18055.0,7600.0,10455.0,300.0,53,0.5791,0.4209,10155.0,4436.65,300.0,4136.65,0.0676,2.3565,296,9,True,AT_RISK,MEDIUM,INCREASE_CONTRIBUTION,"Increase the monthly goal contribution by ₹4,137 (to ₹4,437).","This uses 41% of the ₹10,155 surplus that is currently not invested, so no spending cut is strictly required.",Keep the current contribution and extend the timeline to 296 months (24 yr 8 mo).,0.0,0.2084,"Caution: although the gap is closable on paper, the ML model estimates only 20% likelihood of achievement for similar profiles in the dataset.",No
CUST0619,23,Home Purchase,UPI,1618631.0,52,125371.0,55100.0,70271.0,5600.0,27,0.5605,0.4395,64671.0,31127.52,5600.0,25527.52,0.1799,2.2575,290,24,True,AT_RISK,MEDIUM,INCREASE_CONTRIBUTION,"Increase the monthly goal contribution by ₹25,528 (to ₹31,128).","This uses 39% of the ₹64,671 surplus that is currently not invested, so no spending cut is strictly required.",Keep the current contribution and extend the timeline to 290 months (24 yr 2 mo).,0.0,0.6196,,Yes
CUST0620,30,Emergency Fund,Mixed,184395.0,14,18218.0,12300.0,5918.0,600.0,23,0.3248,0.6752,5318.0,13171.07,600.0,7253.07,0.0456,0.4493,308,32,False,NEEDS_ADJUSTMENT,HIGH,COMBINED,"Cut expenses by ₹1,872 (15%) and extend the timeline to 24 months (2 yr).","A realistic expense cut alone does not close the ₹7,253 gap, so it is combined with a longer timeline.","Keep the 14-month timeline with a smaller target of about ₹82,852.",1872.02,0.3523,,Yes
CUST0621,47,Home Purchase,UPI,1436632.0,87,20990.0,18300.0,2690.0,3000.0,50,0.1282,0.8718,0.0,16513.01,2690.0,13823.01,0.1629,0.1629,535,535,False,NEEDS_ADJUSTMENT,HIGH,COMBINED,"Cut expenses by ₹6,285 (34%) and extend the timeline to 161 months (13 yr 5 mo).","A realistic expense cut alone does not close the ₹13,823 gap, so it is combined with a longer timeline.","Keep the 87-month timeline with a smaller target of about ₹2,34,030.",6285.32,0.0078,,No
CUST0622,54,Home Purchase,UPI,1581700.0,56,80697.0,74200.0,6497.0,1800.0,43,0.0805,0.9195,4697.0,28244.64,1800.0,21747.64,0.0637,0.23,879,244,False,NEEDS_ADJUSTMENT,HIGH,REDUCE_EXPENSES,"Cut monthly expenses by ₹21,748 (29.3% of spending) and invest the full surplus.","That exactly closes the shortfall within the original 56 months. It is well within a realistic cut: bringing the expense ratio down to the dataset median of 57.2% would free up to ₹28,009 a month.","Keep the 56-month timeline with a smaller target of about ₹3,63,832.",28009.04,0.0229,,No
CUST0623,30,Vehicle,UPI,807002.0,34,133511.0,48500.0,85011.0,7300.0,33,0.6367,0.3633,77711.0,23735.35,7300.0,16435.35,0.3076,3.5816,111,10,True,AT_RISK,MEDIUM,INCREASE_CONTRIBUTION,"Increase the monthly goal contribution by ₹16,435 (to ₹23,735).","This uses 21% of the ₹77,711 surplus that is currently not invested, so no spending cut is strictly required.",Keep the current contribution and extend the timeline to 111 months (9 yr 3 mo).,0.0,0.8839,,Yes
CUST0624,36,Home Purchase,UPI,4204112.0,49,148695.0,120200.0,28495.0,18800.0,16,0.1916,0.8084,9695.0,85798.2,18800.0,57303.2,0.2191,0.3321,224,148,False,NEEDS_ADJUSTMENT,HIGH,COMBINED,"Cut expenses by ₹35,087 (29%) and extend the timeline to 67 months (5 yr 7 mo).","A realistic expense cut alone does not close the ₹57,303 gap, so it is combined with a longer timeline.","Keep the 49-month timeline with a smaller target of about ₹13,96,255.",35086.98,0.0576,,No
CUST0625,48,Retirement,Card,1021331.0,61,149120.0,76200.0,72920.0,14100.0,48,0.489,0.511,58820.0,16743.13,14100.0,2643.13,0.8421,4.3552,73,15,True,AT_RISK,MEDIUM,INCREASE_CONTRIBUTION,"Increase the monthly goal contribution by ₹2,643 (to ₹16,743).","This uses 4% of the ₹58,820 surplus that is currently not invested, so no spending cut is strictly required.",Keep the current contribution and extend the timeline to 73 months (6 yr 1 mo).,0.0,0.7805,,No
CUST0626,27,Higher Education,UPI,308408.0,46,130092.0,83000.0,47092.0,1700.0,15,0.362,0.638,45392.0,6704.52,1700.0,5004.52,0.2536,7.0239,182,7,True,AT_RISK,MEDIUM,INCREASE_CONTRIBUTION,"Increase the monthly goal contribution by ₹5,005 (to ₹6,705).","This uses 11% of the ₹45,392 surplus that is currently not invested, so no spending cut is strictly required.",Keep the current contribution and extend the timeline to 182 months (15 yr 2 mo).,8535.34,0.8706,,Yes
CUST0627,52,Emergency Fund,UPI,167215.0,24,192726.0,103800.0,88926.0,9600.0,28,0.4614,0.5386,79326.0,6967.29,9600.0,0.0,1.3779,12.7634,18,2,True,ON_TRACK,LOW,MAINTAIN,"Maintain the current ₹9,600 monthly investment.","It already covers the ₹6,967 required (138% coverage).","Optionally reach the goal in 2 months by directing the full ₹88,926 surplus to it.",0.0,0.9875,,Yes
CUST0628,58,Vehicle,Mixed,247881.0,15,69106.0,25700.0,43406.0,11300.0,30,0.6281,0.3719,32106.0,16525.4,11300.0,5225.4,0.6838,2.6266,22,6,True,AT_RISK,MEDIUM,INCREASE_CONTRIBUTION,"Increase the monthly goal contribution by ₹5,225 (to ₹16,525).","This uses 16% of the ₹32,106 surplus that is currently not invested, so no spending cut is strictly required.",Keep the current contribution and extend the timeline to 22 months (1 yr 10 mo).,0.0,0.8721,,No
CUST0629,21,Retirement,UPI,4076406.0,68,126642.0,55900.0,70742.0,9000.0,69,0.5586,0.4414,61742.0,59947.15,9000.0,50947.15,0.1501,1.1801,453,58,True,AT_RISK,MEDIUM,INCREASE_CONTRIBUTION,"Increase the monthly goal contribution by ₹50,947 (to ₹59,947).","This uses 83% of the ₹61,742 surplus that is currently not invested, so no spending cut is strictly required.",Keep the current contribution and extend the timeline to 453 months (37 yr 9 mo).,0.0,0.0124,"Caution: although the gap is closable on paper, the ML model estimates only 1% likelihood of achievement for similar profiles in the dataset.",No
CUST0630,33,Emergency Fund,Wallet,52596.0,8,41949.0,33700.0,8249.0,2900.0,22,0.1966,0.8034,5349.0,6574.5,2900.0,3674.5,0.4411,1.2547,19,7,True,AT_RISK,MEDIUM,INCREASE_CONTRIBUTION,"Increase the monthly goal contribution by ₹3,674 (to ₹6,574).","This uses 69% of the ₹5,349 surplus that is currently not invested, so no spending cut is strictly required.",Keep the current contribution and extend the timeline to 19 months (1 yr 7 mo).,9688.39,0.3748,,No
CUST0631,50,Emergency Fund,Wallet,109437.0,20,147616.0,93100.0,54516.0,15200.0,46,0.3693,0.6307,39316.0,5471.85,15200.0,0.0,2.7779,9.963,8,3,True,ON_TRACK,LOW,MAINTAIN,"Maintain the current ₹15,200 monthly investment.","It already covers the ₹5,472 required (278% coverage).","Optionally reach the goal in 3 months by directing the full ₹54,516 surplus to it.",8604.6,0.821,,Yes
CUST0632,56,Emergency Fund,Card,261607.0,19,79837.0,24700.0,55137.0,15400.0,48,0.6906,0.3094,39737.0,13768.79,15400.0,0.0,1.1185,4.0045,17,5,True,ON_TRACK,LOW,MAINTAIN,"Maintain the current ₹15,400 monthly investment.","It already covers the ₹13,769 required (112% coverage).","Optionally reach the goal in 5 months by directing the full ₹55,137 surplus to it.",0.0,0.8424,,Yes
CUST0633,55,Travel,UPI,84134.0,9,155615.0,100800.0,54815.0,11600.0,26,0.3522,0.6478,43215.0,9348.22,11600.0,0.0,1.2409,5.8637,8,2,True,ON_TRACK,LOW,MAINTAIN,"Maintain the current ₹11,600 monthly investment.","It already covers the ₹9,348 required (124% coverage).","Optionally reach the goal in 2 months by directing the full ₹54,815 surplus to it.",11725.97,0.9747,,Yes
CUST0634,51,Home Purchase,Card,4004498.0,24,61075.0,47600.0,13475.0,2300.0,43,0.2206,0.7794,11175.0,166854.08,2300.0,153379.08,0.0138,0.0808,1742,298,False,NEEDS_ADJUSTMENT,HIGH,COMBINED,"Cut expenses by ₹12,641 (27%) and extend the timeline to 154 months (12 yr 10 mo).","A realistic expense cut alone does not close the ₹1,53,379 gap, so it is combined with a longer timeline.","Keep the 24-month timeline with a smaller target of about ₹3,23,400.",12640.67,0.002,,No
CUST0635,40,Vehicle,UPI,421391.0,23,135505.0,73800.0,61705.0,10100.0,56,0.4554,0.5446,51605.0,18321.35,10100.0,8221.35,0.5513,3.3679,42,7,True,AT_RISK,MEDIUM,INCREASE_CONTRIBUTION,"Increase the monthly goal contribution by ₹8,221 (to ₹18,321).","This uses 16% of the ₹51,605 surplus that is currently not invested, so no spending cut is strictly required.",Keep the current contribution and extend the timeline to 42 months (3 yr 6 mo).,0.0,0.6964,,Yes
CUST0636,25,Higher Education,Mixed,250622.0,28,71006.0,57200.0,13806.0,5800.0,41,0.1944,0.8056,8006.0,8950.79,5800.0,3150.79,0.648,1.5424,44,19,True,AT_RISK,MEDIUM,INCREASE_CONTRIBUTION,"Increase the monthly goal contribution by ₹3,151 (to ₹8,951).","This uses 39% of the ₹8,006 surplus that is currently not invested, so no spending cut is strictly required.",Keep the current contribution and extend the timeline to 44 months (3 yr 8 mo).,16556.17,0.3047,"Caution: although the gap is closable on paper, the ML model estimates only 28% likelihood of achievement for similar profiles in the dataset.",Yes
CUST0637,36,Emergency Fund,UPI,240984.0,14,131366.0,77300.0,54066.0,21800.0,5,0.4116,0.5884,32266.0,17213.14,21800.0,0.0,1.2665,3.141,12,5,True,ON_TRACK,LOW,MAINTAIN,"Maintain the current ₹21,800 monthly investment.","It already covers the ₹17,213 required (127% coverage).","Optionally reach the goal in 5 months by directing the full ₹54,066 surplus to it.",2106.1,0.9573,,Yes
CUST0638,41,Vehicle,UPI,308948.0,28,121818.0,59000.0,62818.0,5500.0,45,0.5157,0.4843,57318.0,11033.86,5500.0,5533.86,0.4985,5.6932,57,5,True,AT_RISK,MEDIUM,INCREASE_CONTRIBUTION,"Increase the monthly goal contribution by ₹5,534 (to ₹11,034).","This uses 10% of the ₹57,318 surplus that is currently not invested, so no spending cut is strictly required.",Keep the current contribution and extend the timeline to 57 months (4 yr 9 mo).,0.0,0.8826,,Yes
CUST0639,59,Retirement,UPI,1004056.0,55,103645.0,65700.0,37945.0,14400.0,26,0.3661,0.6339,23545.0,18255.56,14400.0,3855.56,0.7888,2.0785,70,27,True,AT_RISK,MEDIUM,INCREASE_CONTRIBUTION,"Increase the monthly goal contribution by ₹3,856 (to ₹18,256).","This uses 16% of the ₹23,545 surplus that is currently not invested, so no spending cut is strictly required.",Keep the current contribution and extend the timeline to 70 months (5 yr 10 mo).,6373.6,0.4715,,Yes
CUST0640,30,Emergency Fund,UPI,209528.0,13,130675.0,70100.0,60575.0,21900.0,73,0.4636,0.5364,38675.0,16117.54,21900.0,0.0,1.3588,3.7583,10,4,True,ON_TRACK,LOW,MAINTAIN,"Maintain the current ₹21,900 monthly investment.","It already covers the ₹16,118 required (136% coverage).","Optionally reach the goal in 4 months by directing the full ₹60,575 surplus to it.",0.0,0.6605,,Yes
CUST0641,58,Home Purchase,UPI,4953928.0,98,115498.0,54500.0,60998.0,16000.0,7,0.5281,0.4719,44998.0,50550.29,16000.0,34550.29,0.3165,1.2067,310,82,True,AT_RISK,MEDIUM,INCREASE_CONTRIBUTION,"Increase the monthly goal contribution by ₹34,550 (to ₹50,550).","This uses 77% of the ₹44,998 surplus that is currently not invested, so no spending cut is strictly required.",Keep the current contribution and extend the timeline to 310 months (25 yr 10 mo).,0.0,0.038,"Caution: although the gap is closable on paper, the ML model estimates only 4% likelihood of achievement for similar profiles in the dataset.",No
CUST0642,55,Travel,Mixed,221346.0,15,183377.0,108900.0,74477.0,16200.0,10,0.4061,0.5939,58277.0,14756.4,16200.0,0.0,1.0978,5.0471,14,3,True,ON_TRACK,LOW,MAINTAIN,"Maintain the current ₹16,200 monthly investment.","It already covers the ₹14,756 required (110% coverage).","Optionally reach the goal in 3 months by directing the full ₹74,477 surplus to it.",3935.01,0.9877,,Yes
CUST0643,56,Higher Education,UPI,570505.0,37,134617.0,76600.0,58017.0,3000.0,63,0.431,0.569,55017.0,15419.05,3000.0,12419.05,0.1946,3.7627,191,10,True,AT_RISK,MEDIUM,INCREASE_CONTRIBUTION,"Increase the monthly goal contribution by ₹12,419 (to ₹15,419).","This uses 23% of the ₹55,017 surplus that is currently not invested, so no spending cut is strictly required.",Keep the current contribution and extend the timeline to 191 months (15 yr 11 mo).,0.0,0.4086,,Yes
CUST0644,49,Emergency Fund,Mixed,220763.0,10,45997.0,34500.0,11497.0,2200.0,17,0.25,0.75,9297.0,22076.3,2200.0,10579.3,0.0997,0.5208,101,20,False,NEEDS_ADJUSTMENT,HIGH,COMBINED,"Cut expenses by ₹8,171 (24%) and extend the timeline to 12 months (1 yr).","A realistic expense cut alone does not close the ₹10,579 gap, so it is combined with a longer timeline.","Keep the 10-month timeline with a smaller target of about ₹1,14,970.",8171.32,0.4866,,No
CUST0645,23,Emergency Fund,Card,118995.0,24,125240.0,47100.0,78140.0,24700.0,30,0.6239,0.3761,53440.0,4958.12,24700.0,0.0,4.9817,15.76,5,2,True,ON_TRACK,LOW,MAINTAIN,"Maintain the current ₹24,700 monthly investment.","It already covers the ₹4,958 required (498% coverage).","Optionally reach the goal in 2 months by directing the full ₹78,140 surplus to it.",0.0,0.9755,,Yes
CUST0646,51,Emergency Fund,UPI,243425.0,18,30731.0,10700.0,20031.0,4700.0,45,0.6518,0.3482,15331.0,13523.61,4700.0,8823.61,0.3475,1.4812,52,13,True,AT_RISK,MEDIUM,INCREASE_CONTRIBUTION,"Increase the monthly goal contribution by ₹8,824 (to ₹13,524).","This uses 58% of the ₹15,331 surplus that is currently not invested, so no spending cut is strictly required.",Keep the current contribution and extend the timeline to 52 months (4 yr 4 mo).,0.0,0.3697,,Yes
CUST0647,56,Retirement,Card,1235413.0,59,22374.0,11300.0,11074.0,300.0,36,0.4949,0.5051,10774.0,20939.2,300.0,9865.2,0.0143,0.5289,4119,112,False,NEEDS_ADJUSTMENT,HIGH,EXTEND_TIMELINE,"Extend the timeline to 112 months (9 yr 4 mo) while investing the full ₹11,074 surplus.","Expenses are already at or below the dataset median ratio, so a longer timeline is the main lever.","Keep the 59-month timeline with a smaller target of about ₹6,53,366.",0.0,0.0859,,Yes
CUST0648,48,Retirement,Card,2044695.0,57,122436.0,60400.0,62036.0,3400.0,70,0.5067,0.4933,58636.0,35871.84,3400.0,32471.84,0.0948,1.7294,602,33,True,AT_RISK,MEDIUM,INCREASE_CONTRIBUTION,"Increase the monthly goal contribution by ₹32,472 (to ₹35,872).","This uses 55% of the ₹58,636 surplus that is currently not invested, so no spending cut is strictly required.",Keep the current contribution and extend the timeline to 602 months (50 yr 2 mo).,0.0,0.1001,"Caution: although the gap is closable on paper, the ML model estimates only 10% likelihood of achievement for similar profiles in the dataset.",No
CUST0649,43,Emergency Fund,UPI,268205.0,15,127654.0,74100.0,53554.0,25200.0,28,0.4195,0.5805,28354.0,17880.33,25200.0,0.0,1.4094,2.9951,11,6,True,ON_TRACK,LOW,MAINTAIN,"Maintain the current ₹25,200 monthly investment.","It already covers the ₹17,880 required (141% coverage).","Optionally reach the goal in 6 months by directing the full ₹53,554 surplus to it.",1030.85,0.9108,,Yes
CUST0650,29,Home Purchase,UPI,2518865.0,119,49832.0,27800.0,22032.0,2700.0,33,0.4421,0.5579,19332.0,21166.93,2700.0,18466.93,0.1276,1.0409,933,115,True,AT_RISK,MEDIUM,INCREASE_CONTRIBUTION,"Increase the monthly goal contribution by ₹18,467 (to ₹21,167).","This uses 96% of the ₹19,332 surplus that is currently not invested, so no spending cut is strictly required.",Keep the current contribution and extend the timeline to 933 months (77 yr 9 mo).,0.0,0.0295,"Caution: although the gap is closable on paper, the ML model estimates only 3% likelihood of achievement for similar profiles in the dataset.",No
CUST0651,37,Emergency Fund,Mixed,148596.0,20,150140.0,76900.0,73240.0,10200.0,76,0.4878,0.5122,63040.0,7429.8,10200.0,0.0,1.3728,9.8576,15,3,True,ON_TRACK,LOW,MAINTAIN,"Maintain the current ₹10,200 monthly investment.","It already covers the ₹7,430 required (137% coverage).","Optionally reach the goal in 3 months by directing the full ₹73,240 surplus to it.",0.0,0.831,,Yes
CUST0652,48,Higher Education,Mixed,293642.0,47,175350.0,71900.0,103450.0,6100.0,48,0.59,0.41,97350.0,6247.7,6100.0,147.7,0.9764,16.5581,49,3,True,AT_RISK,MEDIUM,INCREASE_CONTRIBUTION,"Increase the monthly goal contribution by ₹148 (to ₹6,248).","This uses 0% of the ₹97,350 surplus that is currently not invested, so no spending cut is strictly required.",Keep the current contribution and extend the timeline to 49 months (4 yr 1 mo).,0.0,0.9268,,Yes
CUST0653,23,Emergency Fund,Wallet,170136.0,8,25434.0,17600.0,7834.0,2900.0,70,0.308,0.692,4934.0,21267.0,2900.0,13433.0,0.1364,0.3684,59,22,False,NEEDS_ADJUSTMENT,HIGH,COMBINED,"Cut expenses by ₹3,042 (17%) and extend the timeline to 16 months (1 yr 4 mo).","A realistic expense cut alone does not close the ₹13,433 gap, so it is combined with a longer timeline. High impulse spending suggests discretionary spending is the place to start.","Keep the 8-month timeline with a smaller target of about ₹62,672.",3041.58,0.0428,,No
CUST0654,51,Higher Education,UPI,351872.0,22,124294.0,70900.0,53394.0,22200.0,31,0.4296,0.5704,31194.0,15994.18,22200.0,0.0,1.388,3.3383,16,7,True,ON_TRACK,LOW,MAINTAIN,"Maintain the current ₹22,200 monthly investment.","It already covers the ₹15,994 required (139% coverage).","Optionally reach the goal in 7 months by directing the full ₹53,394 surplus to it.",0.0,0.8646,,Yes
CUST0655,58,Higher Education,Card,103006.0,45,157085.0,54600.0,102485.0,14300.0,45,0.6524,0.3476,88185.0,2289.02,14300.0,0.0,6.2472,44.7724,8,2,True,ON_TRACK,LOW,MAINTAIN,"Maintain the current ₹14,300 monthly investment.","It already covers the ₹2,289 required (625% coverage).","Optionally reach the goal in 2 months by directing the full ₹1,02,485 surplus to it.",0.0,0.9748,,Yes
CUST0656,53,Retirement,Card,7950894.0,80,60826.0,40300.0,20526.0,11600.0,51,0.3375,0.6625,8926.0,99386.18,11600.0,78860.18,0.1167,0.2065,686,388,False,NEEDS_ADJUSTMENT,HIGH,COMBINED,"Cut expenses by ₹5,483 (14%) and extend the timeline to 306 months (25 yr 6 mo).","A realistic expense cut alone does not close the ₹78,860 gap, so it is combined with a longer timeline. High impulse spending suggests discretionary spending is the place to start.","Keep the 80-month timeline with a smaller target of about ₹16,42,080.",5483.2,0.0,,No
CUST0657,42,Home Purchase,UPI,3504831.0,36,115716.0,79500.0,36216.0,22300.0,54,0.313,0.687,13916.0,97356.42,22300.0,61140.42,0.2291,0.372,158,97,False,NEEDS_ADJUSTMENT,HIGH,COMBINED,"Cut expenses by ₹13,264 (17%) and extend the timeline to 71 months (5 yr 11 mo).","A realistic expense cut alone does not close the ₹61,140 gap, so it is combined with a longer timeline. High impulse spending suggests discretionary spending is the place to start.","Keep the 36-month timeline with a smaller target of about ₹13,03,776.",13264.16,0.0142,,No
CUST0658,45,Home Purchase,UPI,3650597.0,42,50728.0,29200.0,21528.0,3900.0,6,0.4244,0.5756,17628.0,86918.98,3900.0,65390.98,0.0449,0.2477,937,170,False,NEEDS_ADJUSTMENT,HIGH,COMBINED,Cut expenses by ₹163 (1%) and extend the timeline to 169 months (14 yr 1 mo).,"A realistic expense cut alone does not close the ₹65,391 gap, so it is combined with a longer timeline.","Keep the 42-month timeline with a smaller target of about ₹9,04,176.",163.29,0.0366,,No
CUST0659,51,Home Purchase,Mixed,4377885.0,86,169196.0,106400.0,62796.0,5700.0,29,0.3711,0.6289,57096.0,50905.64,5700.0,45205.64,0.112,1.2336,769,70,True,AT_RISK,MEDIUM,INCREASE_CONTRIBUTION,"Increase the monthly goal contribution by ₹45,206 (to ₹50,906).","This uses 79% of the ₹57,096 surplus that is currently not invested, so no spending cut is strictly required.",Keep the current contribution and extend the timeline to 769 months (64 yr 1 mo).,9552.21,0.0328,"Caution: although the gap is closable on paper, the ML model estimates only 3% likelihood of achievement for similar profiles in the dataset.",No
CUST0660,44,Emergency Fund,UPI,238243.0,17,156389.0,104700.0,51689.0,6700.0,45,0.3305,0.6695,44989.0,14014.29,6700.0,7314.29,0.4781,3.6883,36,5,True,AT_RISK,MEDIUM,INCREASE_CONTRIBUTION,"Increase the monthly goal contribution by ₹7,314 (to ₹14,014).","This uses 16% of the ₹44,989 surplus that is currently not invested, so no spending cut is strictly required.",Keep the current contribution and extend the timeline to 36 months (3 yr).,15182.94,0.8721,,No
CUST0661,57,Vehicle,UPI,635941.0,56,55784.0,24600.0,31184.0,1600.0,60,0.559,0.441,29584.0,11356.09,1600.0,9756.09,0.1409,2.746,398,21,True,AT_RISK,MEDIUM,INCREASE_CONTRIBUTION,"Increase the monthly goal contribution by ₹9,756 (to ₹11,356).","This uses 33% of the ₹29,584 surplus that is currently not invested, so no spending cut is strictly required.",Keep the current contribution and extend the timeline to 398 months (33 yr 2 mo).,0.0,0.2179,"Caution: although the gap is closable on paper, the ML model estimates only 23% likelihood of achievement for similar profiles in the dataset.",No
CUST0662,25,Vehicle,UPI,946489.0,35,112263.0,57800.0,54463.0,7800.0,19,0.4851,0.5149,46663.0,27042.54,7800.0,19242.54,0.2884,2.014,122,18,True,AT_RISK,MEDIUM,INCREASE_CONTRIBUTION,"Increase the monthly goal contribution by ₹19,243 (to ₹27,043).","This uses 41% of the ₹46,663 surplus that is currently not invested, so no spending cut is strictly required.",Keep the current contribution and extend the timeline to 122 months (10 yr 2 mo).,0.0,0.7822,,No
CUST0663,35,Retirement,Mixed,7905570.0,81,116463.0,99600.0,16863.0,11100.0,31,0.1448,0.8552,5763.0,97599.63,11100.0,80736.63,0.1137,0.1728,713,469,False,NEEDS_ADJUSTMENT,HIGH,COMBINED,"Cut expenses by ₹32,937 (33%) and extend the timeline to 159 months (13 yr 3 mo).","A realistic expense cut alone does not close the ₹80,737 gap, so it is combined with a longer timeline.","Keep the 81-month timeline with a smaller target of about ₹13,65,903.",32936.58,0.0,,No
CUST0664,54,Emergency Fund,Mixed,210446.0,17,39657.0,15300.0,24357.0,1600.0,61,0.6142,0.3858,22757.0,12379.18,1600.0,10779.18,0.1292,1.9676,132,9,True,AT_RISK,MEDIUM,INCREASE_CONTRIBUTION,"Increase the monthly goal contribution by ₹10,779 (to ₹12,379).","This uses 47% of the ₹22,757 surplus that is currently not invested, so no spending cut is strictly required.",Keep the current contribution and extend the timeline to 132 months (11 yr).,0.0,0.2991,,No
CUST0665,36,Vehicle,UPI,938657.0,43,87995.0,53200.0,34795.0,15700.0,50,0.3954,0.6046,19095.0,21829.23,15700.0,6129.23,0.7192,1.594,60,27,True,AT_RISK,MEDIUM,INCREASE_CONTRIBUTION,"Increase the monthly goal contribution by ₹6,129 (to ₹21,829).","This uses 32% of the ₹19,095 surplus that is currently not invested, so no spending cut is strictly required.",Keep the current contribution and extend the timeline to 60 months (5 yr).,2831.66,0.4306,,Yes
CUST0666,46,Emergency Fund,Mixed,59375.0,21,30526.0,11000.0,19526.0,2200.0,48,0.6397,0.3603,17326.0,2827.38,2200.0,627.38,0.7781,6.906,27,4,True,AT_RISK,MEDIUM,INCREASE_CONTRIBUTION,"Increase the monthly goal contribution by ₹627 (to ₹2,827).","This uses 4% of the ₹17,326 surplus that is currently not invested, so no spending cut is strictly required.",Keep the current contribution and extend the timeline to 27 months (2 yr 3 mo).,0.0,0.475,,Yes
CUST0667,24,Vehicle,Mixed,332791.0,24,174575.0,119100.0,55475.0,24100.0,31,0.3178,0.6822,31375.0,13866.29,24100.0,0.0,1.738,4.0007,14,6,True,ON_TRACK,LOW,MAINTAIN,"Maintain the current ₹24,100 monthly investment.","It already covers the ₹13,866 required (174% coverage).","Optionally reach the goal in 6 months by directing the full ₹55,475 surplus to it.",19173.27,0.9768,,Yes
CUST0668,40,Vehicle,Mixed,992669.0,24,183813.0,132500.0,51313.0,32000.0,56,0.2792,0.7208,19313.0,41361.21,32000.0,9361.21,0.7737,1.2406,32,20,True,AT_RISK,MEDIUM,INCREASE_CONTRIBUTION,"Increase the monthly goal contribution by ₹9,361 (to ₹41,361).","This uses 48% of the ₹19,313 surplus that is currently not invested, so no spending cut is strictly required.",Keep the current contribution and extend the timeline to 32 months (2 yr 8 mo).,27285.44,0.8346,,Yes
CUST0669,27,Emergency Fund,UPI,272562.0,16,18814.0,13900.0,4914.0,3700.0,66,0.2612,0.7388,1214.0,17035.12,3700.0,12121.12,0.2172,0.2885,74,56,False,NEEDS_ADJUSTMENT,HIGH,COMBINED,"Cut expenses by ₹3,131 (23%) and extend the timeline to 34 months (2 yr 10 mo).","A realistic expense cut alone does not close the ₹12,121 gap, so it is combined with a longer timeline. High impulse spending suggests discretionary spending is the place to start.","Keep the 16-month timeline with a smaller target of about ₹78,624.",3130.87,0.0442,,No
CUST0670,28,Home Purchase,Mixed,1426231.0,101,141770.0,80400.0,61370.0,11900.0,64,0.4329,0.5671,49470.0,14121.1,11900.0,2221.1,0.8427,4.346,120,24,True,AT_RISK,MEDIUM,INCREASE_CONTRIBUTION,"Increase the monthly goal contribution by ₹2,221 (to ₹14,121).","This uses 4% of the ₹49,470 surplus that is currently not invested, so no spending cut is strictly required.",Keep the current contribution and extend the timeline to 120 months (10 yr).,0.0,0.3674,,No
CUST0671,27,Retirement,UPI,2144470.0,151,178589.0,104900.0,73689.0,27100.0,29,0.4126,0.5874,46589.0,14201.79,27100.0,0.0,1.9082,5.1887,80,30,True,ON_TRACK,LOW,MAINTAIN,"Maintain the current ₹27,100 monthly investment.","It already covers the ₹14,202 required (191% coverage).","Optionally reach the goal in 30 months (2 yr 6 mo) by directing the full ₹73,689 surplus to it.",2675.66,0.6979,,No
CUST0672,39,Emergency Fund,Mixed,221170.0,10,27620.0,13900.0,13720.0,4400.0,53,0.4967,0.5033,9320.0,22117.0,4400.0,8397.0,0.1989,0.6203,51,17,False,NEEDS_ADJUSTMENT,HIGH,EXTEND_TIMELINE,"Extend the timeline to 17 months (1 yr 5 mo) while investing the full ₹13,720 surplus.","Expenses are already at or below the dataset median ratio, so a longer timeline is the main lever.","Keep the 10-month timeline with a smaller target of about ₹1,37,200.",0.0,0.3229,,No
CUST0673,48,Travel,Wallet,172912.0,14,157515.0,94500.0,63015.0,17600.0,30,0.4001,0.5999,45415.0,12350.86,17600.0,0.0,1.425,5.1021,10,3,True,ON_TRACK,LOW,MAINTAIN,"Maintain the current ₹17,600 monthly investment.","It already covers the ₹12,351 required (142% coverage).","Optionally reach the goal in 3 months by directing the full ₹63,015 surplus to it.",4338.41,0.9445,,Yes
CUST0674,25,Retirement,UPI,5751528.0,100,158941.0,109900.0,49041.0,23100.0,42,0.3085,0.6915,25941.0,57515.28,23100.0,8474.28,0.4016,0.8527,249,118,False,NEEDS_ADJUSTMENT,HIGH,REDUCE_EXPENSES,"Cut monthly expenses by ₹8,474 (7.7% of spending) and invest the full surplus.","That exactly closes the shortfall within the original 100 months. It is well within a realistic cut: bringing the expense ratio down to the dataset median of 57.2% would free up to ₹18,922 a month.","Keep the 100-month timeline with a smaller target of about ₹49,04,100.",18922.17,0.0077,,No
CUST0675,40,Vehicle,Mixed,363532.0,34,196345.0,69100.0,127245.0,18300.0,27,0.6481,0.3519,108945.0,10692.12,18300.0,0.0,1.7115,11.9008,20,3,True,ON_TRACK,LOW,MAINTAIN,"Maintain the current ₹18,300 monthly investment.","It already covers the ₹10,692 required (171% coverage).","Optionally reach the goal in 3 months by directing the full ₹1,27,245 surplus to it.",0.0,0.994,,Yes
CUST0676,50,Home Purchase,Card,2111045.0,65,198763.0,147600.0,51163.0,33000.0,21,0.2574,0.7426,18163.0,32477.62,33000.0,0.0,1.0161,1.5753,64,42,True,ON_TRACK,LOW,MAINTAIN,"Maintain the current ₹33,000 monthly investment.","It already covers the ₹32,478 required (102% coverage).","Optionally reach the goal in 42 months (3 yr 6 mo) by directing the full ₹51,163 surplus to it.",33828.06,0.7739,,Yes
CUST0677,35,Vehicle,UPI,385002.0,54,39371.0,21600.0,17771.0,2500.0,58,0.4514,0.5486,15271.0,7129.67,2500.0,4629.67,0.3506,2.4925,155,22,True,AT_RISK,MEDIUM,INCREASE_CONTRIBUTION,"Increase the monthly goal contribution by ₹4,630 (to ₹7,130).","This uses 30% of the ₹15,271 surplus that is currently not invested, so no spending cut is strictly required.",Keep the current contribution and extend the timeline to 155 months (12 yr 11 mo).,0.0,0.2397,"Caution: although the gap is closable on paper, the ML model estimates only 24% likelihood of achievement for similar profiles in the dataset.",No
CUST0678,33,Emergency Fund,Wallet,267799.0,8,162477.0,77300.0,85177.0,25300.0,39,0.5242,0.4758,59877.0,33474.88,25300.0,8174.88,0.7558,2.5445,11,4,True,AT_RISK,MEDIUM,INCREASE_CONTRIBUTION,"Increase the monthly goal contribution by ₹8,175 (to ₹33,475).","This uses 14% of the ₹59,877 surplus that is currently not invested, so no spending cut is strictly required.",Keep the current contribution and extend the timeline to 11 months.,0.0,0.9459,,Yes
CUST0679,37,Vehicle,UPI,956050.0,25,106320.0,72400.0,33920.0,17400.0,43,0.319,0.681,16520.0,38242.0,17400.0,4322.0,0.455,0.887,55,29,False,NEEDS_ADJUSTMENT,HIGH,REDUCE_EXPENSES,"Cut monthly expenses by ₹4,322 (6.0% of spending) and invest the full surplus.","That exactly closes the shortfall within the original 25 months. It is well within a realistic cut: bringing the expense ratio down to the dataset median of 57.2% would free up to ₹11,542 a month.","Keep the 25-month timeline with a smaller target of about ₹8,48,000.",11542.43,0.5015,,Yes
CUST0680,35,Emergency Fund,UPI,275804.0,6,85916.0,50300.0,35616.0,12100.0,81,0.4145,0.5855,23516.0,45967.33,12100.0,10351.33,0.2632,0.7748,23,8,False,NEEDS_ADJUSTMENT,HIGH,COMBINED,"Cut expenses by ₹1,122 (2%) and extend the timeline to 8 months.","A realistic expense cut alone does not close the ₹10,351 gap, so it is combined with a longer timeline. High impulse spending suggests discretionary spending is the place to start.","Keep the 6-month timeline with a smaller target of about ₹2,13,696.",1121.68,0.2129,,Yes
CUST0681,27,Home Purchase,UPI,2297064.0,41,50475.0,31000.0,19475.0,5000.0,57,0.3858,0.6142,14475.0,56025.95,5000.0,36550.95,0.0892,0.3476,460,118,False,NEEDS_ADJUSTMENT,HIGH,COMBINED,"Cut expenses by ₹2,108 (7%) and extend the timeline to 107 months (8 yr 11 mo).","A realistic expense cut alone does not close the ₹36,551 gap, so it is combined with a longer timeline. High impulse spending suggests discretionary spending is the place to start.","Keep the 41-month timeline with a smaller target of about ₹7,98,475.",2108.11,0.015,,No
CUST0682,50,Travel,Mixed,273696.0,8,50680.0,38000.0,12680.0,3800.0,93,0.2502,0.7498,8880.0,34212.0,3800.0,21532.0,0.1111,0.3706,73,22,False,NEEDS_ADJUSTMENT,HIGH,COMBINED,"Cut expenses by ₹8,991 (24%) and extend the timeline to 13 months (1 yr 1 mo).","A realistic expense cut alone does not close the ₹21,532 gap, so it is combined with a longer timeline. High impulse spending suggests discretionary spending is the place to start.","Keep the 8-month timeline with a smaller target of about ₹1,01,440.",8990.77,0.0489,,No
CUST0683,59,Vehicle,Wallet,583619.0,33,73923.0,25700.0,48223.0,10100.0,22,0.6523,0.3477,38123.0,17685.42,10100.0,7585.42,0.5711,2.7267,58,13,True,AT_RISK,MEDIUM,INCREASE_CONTRIBUTION,"Increase the monthly goal contribution by ₹7,585 (to ₹17,685).","This uses 20% of the ₹38,123 surplus that is currently not invested, so no spending cut is strictly required.",Keep the current contribution and extend the timeline to 58 months (4 yr 10 mo).,0.0,0.8798,,No
CUST0684,44,Emergency Fund,UPI,77699.0,12,79010.0,32200.0,46810.0,15500.0,11,0.5925,0.4075,31310.0,6474.92,15500.0,0.0,2.3939,7.2294,6,2,True,ON_TRACK,LOW,MAINTAIN,"Maintain the current ₹15,500 monthly investment.","It already covers the ₹6,475 required (239% coverage).","Optionally reach the goal in 2 months by directing the full ₹46,810 surplus to it.",0.0,0.9352,,Yes
CUST0685,34,Vehicle,Wallet,849983.0,35,161558.0,62800.0,98758.0,31600.0,15,0.6113,0.3887,67158.0,24285.23,31600.0,0.0,1.3012,4.0666,27,9,True,ON_TRACK,LOW,MAINTAIN,"Maintain the current ₹31,600 monthly investment.","It already covers the ₹24,285 required (130% coverage).","Optionally reach the goal in 9 months by directing the full ₹98,758 surplus to it.",0.0,0.9887,,Yes
CUST0686,28,Vehicle,UPI,682528.0,41,41051.0,27700.0,13351.0,1700.0,22,0.3252,0.6748,11651.0,16647.02,1700.0,3296.02,0.1021,0.802,402,52,False,NEEDS_ADJUSTMENT,HIGH,REDUCE_EXPENSES,"Cut monthly expenses by ₹3,296 (11.9% of spending) and invest the full surplus.","That exactly closes the shortfall within the original 41 months. It is well within a realistic cut: bringing the expense ratio down to the dataset median of 57.2% would free up to ₹4,202 a month.","Keep the 41-month timeline with a smaller target of about ₹5,47,391.",4202.41,0.2947,,No
CUST0687,52,Vehicle,UPI,627488.0,39,176559.0,96100.0,80459.0,30900.0,38,0.4557,0.5443,49559.0,16089.44,30900.0,0.0,1.9205,5.0007,21,8,True,ON_TRACK,LOW,MAINTAIN,"Maintain the current ₹30,900 monthly investment.","It already covers the ₹16,089 required (192% coverage).","Optionally reach the goal in 8 months by directing the full ₹80,459 surplus to it.",0.0,0.9571,,Yes
CUST0688,53,Vehicle,Mixed,800038.0,35,107113.0,68600.0,38513.0,5200.0,15,0.3596,0.6404,33313.0,22858.23,5200.0,17658.23,0.2275,1.6849,154,21,True,AT_RISK,MEDIUM,INCREASE_CONTRIBUTION,"Increase the monthly goal contribution by ₹17,658 (to ₹22,858).","This uses 53% of the ₹33,313 surplus that is currently not invested, so no spending cut is strictly required.",Keep the current contribution and extend the timeline to 154 months (12 yr 10 mo).,7288.52,0.708,,Yes
CUST0689,53,Travel,Mixed,148752.0,13,130425.0,74600.0,55825.0,9000.0,16,0.428,0.572,46825.0,11442.46,9000.0,2442.46,0.7865,4.8788,17,3,True,AT_RISK,MEDIUM,INCREASE_CONTRIBUTION,"Increase the monthly goal contribution by ₹2,442 (to ₹11,442).","This uses 5% of the ₹46,825 surplus that is currently not invested, so no spending cut is strictly required.",Keep the current contribution and extend the timeline to 17 months (1 yr 5 mo).,0.0,0.9621,,Yes
CUST0690,47,Emergency Fund,Mixed,203803.0,23,78606.0,56800.0,21806.0,9600.0,38,0.2774,0.7226,12206.0,8861.0,9600.0,0.0,1.0834,2.4609,22,10,True,ON_TRACK,LOW,MAINTAIN,"Maintain the current ₹9,600 monthly investment.","It already covers the ₹8,861 required (108% coverage).","Optionally reach the goal in 10 months by directing the full ₹21,806 surplus to it.",11805.93,0.5884,,Yes
CUST0691,32,Retirement,UPI,2492882.0,85,40708.0,25400.0,15308.0,4100.0,47,0.376,0.624,11208.0,29328.02,4100.0,14020.02,0.1398,0.522,609,163,False,NEEDS_ADJUSTMENT,HIGH,COMBINED,"Cut expenses by ₹2,099 (8%) and extend the timeline to 144 months (12 yr).","A realistic expense cut alone does not close the ₹14,020 gap, so it is combined with a longer timeline.","Keep the 85-month timeline with a smaller target of about ₹13,01,180.",2098.74,0.0113,,No
CUST0692,44,Home Purchase,UPI,1812879.0,103,54680.0,21800.0,32880.0,8900.0,59,0.6013,0.3987,23980.0,17600.77,8900.0,8700.77,0.5057,1.8681,204,56,True,AT_RISK,MEDIUM,INCREASE_CONTRIBUTION,"Increase the monthly goal contribution by ₹8,701 (to ₹17,601).","This uses 36% of the ₹23,980 surplus that is currently not invested, so no spending cut is strictly required.",Keep the current contribution and extend the timeline to 204 months (17 yr).,0.0,0.0493,"Caution: although the gap is closable on paper, the ML model estimates only 7% likelihood of achievement for similar profiles in the dataset.",No
CUST0693,56,Home Purchase,Mixed,4312656.0,59,157248.0,60100.0,97148.0,3100.0,70,0.6178,0.3822,94048.0,73095.86,3100.0,69995.86,0.0424,1.329,1392,45,True,AT_RISK,MEDIUM,INCREASE_CONTRIBUTION,"Increase the monthly goal contribution by ₹69,996 (to ₹73,096).","This uses 74% of the ₹94,048 surplus that is currently not invested, so no spending cut is strictly required.",Keep the current contribution and extend the timeline to 1392 months (116 yr).,0.0,0.012,"Caution: although the gap is closable on paper, the ML model estimates only 1% likelihood of achievement for similar profiles in the dataset.",No
CUST0694,57,Emergency Fund,UPI,71181.0,8,122466.0,88100.0,34366.0,20800.0,40,0.2806,0.7194,13566.0,8897.62,20800.0,0.0,2.3377,3.8624,4,3,True,ON_TRACK,LOW,MAINTAIN,"Maintain the current ₹20,800 monthly investment.","It already covers the ₹8,898 required (234% coverage).","Optionally reach the goal in 3 months by directing the full ₹34,366 surplus to it.",18000.46,0.8279,,Yes
CUST0695,54,Emergency Fund,Card,112792.0,6,62910.0,30000.0,32910.0,4900.0,6,0.5231,0.4769,28010.0,18798.67,4900.0,13898.67,0.2607,1.7507,24,4,True,AT_RISK,MEDIUM,INCREASE_CONTRIBUTION,"Increase the monthly goal contribution by ₹13,899 (to ₹18,799).","This uses 50% of the ₹28,010 surplus that is currently not invested, so no spending cut is strictly required.",Keep the current contribution and extend the timeline to 24 months (2 yr).,0.0,0.8867,,Yes
CUST0696,26,Vehicle,UPI,738501.0,55,56713.0,37600.0,19113.0,2000.0,22,0.337,0.663,17113.0,13427.29,2000.0,11427.29,0.149,1.4234,370,39,True,AT_RISK,MEDIUM,INCREASE_CONTRIBUTION,"Increase the monthly goal contribution by ₹11,427 (to ₹13,427).","This uses 67% of the ₹17,113 surplus that is currently not invested, so no spending cut is strictly required.",Keep the current contribution and extend the timeline to 370 months (30 yr 10 mo).,5137.48,0.5097,,Yes
CUST0697,59,Home Purchase,Wallet,2623338.0,38,62685.0,31800.0,30885.0,3300.0,37,0.4927,0.5073,27585.0,69035.21,3300.0,38150.21,0.0478,0.4474,795,85,False,NEEDS_ADJUSTMENT,HIGH,EXTEND_TIMELINE,"Extend the timeline to 85 months (7 yr 1 mo) while investing the full ₹30,885 surplus.","Expenses are already at or below the dataset median ratio, so a longer timeline is the main lever.","Keep the 38-month timeline with a smaller target of about ₹11,73,630.",0.0,0.0406,,No
CUST0698,50,Emergency Fund,UPI,105129.0,16,23427.0,10900.0,12527.0,2800.0,24,0.5347,0.4653,9727.0,6570.56,2800.0,3770.56,0.4261,1.9065,38,9,True,AT_RISK,MEDIUM,INCREASE_CONTRIBUTION,"Increase the monthly goal contribution by ₹3,771 (to ₹6,571).","This uses 39% of the ₹9,727 surplus that is currently not invested, so no spending cut is strictly required.",Keep the current contribution and extend the timeline to 38 months (3 yr 2 mo).,0.0,0.6852,,Yes
CUST0699,44,Higher Education,UPI,452258.0,19,29734.0,18300.0,11434.0,1400.0,32,0.3845,0.6155,10034.0,23803.05,1400.0,12369.05,0.0588,0.4804,324,40,False,NEEDS_ADJUSTMENT,HIGH,COMBINED,"Cut expenses by ₹1,280 (7%) and extend the timeline to 36 months (3 yr).","A realistic expense cut alone does not close the ₹12,369 gap, so it is combined with a longer timeline.","Keep the 19-month timeline with a smaller target of about ₹2,17,246.",1280.26,0.2075,,No
CUST0700,23,Retirement,Mixed,1586384.0,130,120585.0,81000.0,39585.0,19900.0,60,0.3283,0.6717,19685.0,12202.95,19900.0,0.0,1.6308,3.2439,80,41,True,ON_TRACK,LOW,MAINTAIN,"Maintain the current ₹19,900 monthly investment.","It already covers the ₹12,203 required (163% coverage).","Optionally reach the goal in 41 months (3 yr 5 mo) by directing the full ₹39,585 surplus to it.",11977.15,0.1074,"Caution: the ML model estimates only 15% likelihood of achievement for similar profiles, despite the arithmetic being on track.",No
CUST0701,58,Emergency Fund,Mixed,109580.0,14,118405.0,76300.0,42105.0,22200.0,13,0.3556,0.6444,19905.0,7827.14,22200.0,0.0,2.8363,5.3794,5,3,True,ON_TRACK,LOW,MAINTAIN,"Maintain the current ₹22,200 monthly investment.","It already covers the ₹7,827 required (284% coverage).","Optionally reach the goal in 3 months by directing the full ₹42,105 surplus to it.",8524.98,0.917,,Yes
CUST0702,25,Emergency Fund,Card,51450.0,18,120443.0,71600.0,48843.0,15400.0,7,0.4055,0.5945,33443.0,2858.33,15400.0,0.0,5.3878,17.0879,4,2,True,ON_TRACK,LOW,MAINTAIN,"Maintain the current ₹15,400 monthly investment.","It already covers the ₹2,858 required (539% coverage).","Optionally reach the goal in 2 months by directing the full ₹48,843 surplus to it.",2658.43,0.9693,,Yes
CUST0703,45,Emergency Fund,UPI,152597.0,6,29676.0,20200.0,9476.0,700.0,25,0.3193,0.6807,8776.0,25432.83,700.0,15956.83,0.0275,0.3726,218,17,False,NEEDS_ADJUSTMENT,HIGH,COMBINED,"Cut expenses by ₹3,213 (16%) and extend the timeline to 13 months (1 yr 1 mo).","A realistic expense cut alone does not close the ₹15,957 gap, so it is combined with a longer timeline.","Keep the 6-month timeline with a smaller target of about ₹56,856.",3213.46,0.4351,,No
CUST0704,43,Higher Education,UPI,927284.0,29,75835.0,44200.0,31635.0,900.0,45,0.4172,0.5828,30735.0,31975.31,900.0,340.31,0.0281,0.9894,1031,30,False,NEEDS_ADJUSTMENT,HIGH,REDUCE_EXPENSES,Cut monthly expenses by ₹340 (0.8% of spending) and invest the full surplus.,That exactly closes the shortfall within the original 29 months. It is well within a realistic cut: bringing the expense ratio down to the dataset median of 57.2% would free up to ₹792 a month.,"Keep the 29-month timeline with a smaller target of about ₹9,17,415.",792.05,0.3125,,No
CUST0705,47,Travel,Card,122237.0,18,79656.0,54500.0,25156.0,4700.0,49,0.3158,0.6842,20456.0,6790.94,4700.0,2090.94,0.6921,3.7043,27,5,True,AT_RISK,MEDIUM,INCREASE_CONTRIBUTION,"Increase the monthly goal contribution by ₹2,091 (to ₹6,791).","This uses 10% of the ₹20,456 surplus that is currently not invested, so no spending cut is strictly required.",Keep the current contribution and extend the timeline to 27 months (2 yr 3 mo).,8904.91,0.5188,,No
CUST0706,51,Retirement,Wallet,2089335.0,152,155471.0,94600.0,60871.0,13400.0,48,0.3915,0.6085,47471.0,13745.62,13400.0,345.62,0.9749,4.4284,156,35,True,AT_RISK,MEDIUM,INCREASE_CONTRIBUTION,"Increase the monthly goal contribution by ₹346 (to ₹13,746).","This uses 1% of the ₹47,471 surplus that is currently not invested, so no spending cut is strictly required.",Keep the current contribution and extend the timeline to 156 months (13 yr).,5608.4,0.3312,,No
CUST0707,34,Emergency Fund,Card,51766.0,21,40028.0,24700.0,15328.0,5500.0,10,0.3829,0.6171,9828.0,2465.05,5500.0,0.0,2.2312,6.2181,10,4,True,ON_TRACK,LOW,MAINTAIN,"Maintain the current ₹5,500 monthly investment.","It already covers the ₹2,465 required (223% coverage).","Optionally reach the goal in 4 months by directing the full ₹15,328 surplus to it.",1787.97,0.7249,,No
CUST0708,38,Home Purchase,Mixed,2294121.0,97,64799.0,49400.0,15399.0,12100.0,50,0.2376,0.7624,3299.0,23650.73,12100.0,8251.73,0.5116,0.6511,190,149,False,NEEDS_ADJUSTMENT,HIGH,REDUCE_EXPENSES,"Cut monthly expenses by ₹8,252 (16.7% of spending) and invest the full surplus.","That exactly closes the shortfall within the original 97 months. It is well within a realistic cut: bringing the expense ratio down to the dataset median of 57.2% would free up to ₹12,309 a month.","Keep the 97-month timeline with a smaller target of about ₹14,93,703.",12309.05,0.0172,,No
CUST0709,51,Emergency Fund,UPI,286993.0,9,163663.0,91500.0,72163.0,28000.0,45,0.4409,0.5591,44163.0,31888.11,28000.0,3888.11,0.8781,2.263,11,4,True,AT_RISK,MEDIUM,INCREASE_CONTRIBUTION,"Increase the monthly goal contribution by ₹3,888 (to ₹31,888).","This uses 9% of the ₹44,163 surplus that is currently not invested, so no spending cut is strictly required.",Keep the current contribution and extend the timeline to 11 months.,0.0,0.9395,,Yes
CUST0710,23,Retirement,Mixed,5007074.0,139,116853.0,51400.0,65453.0,17000.0,74,0.5601,0.4399,48453.0,36022.12,17000.0,19022.12,0.4719,1.817,295,77,True,AT_RISK,MEDIUM,INCREASE_CONTRIBUTION,"Increase the monthly goal contribution by ₹19,022 (to ₹36,022).","This uses 39% of the ₹48,453 surplus that is currently not invested, so no spending cut is strictly required.",Keep the current contribution and extend the timeline to 295 months (24 yr 7 mo).,0.0,0.0021,"Caution: although the gap is closable on paper, the ML model estimates only 0% likelihood of achievement for similar profiles in the dataset.",No
CUST0711,47,Emergency Fund,Card,224427.0,24,167012.0,96700.0,70312.0,6700.0,51,0.421,0.579,63612.0,9351.12,6700.0,2651.12,0.7165,7.5191,34,4,True,AT_RISK,MEDIUM,INCREASE_CONTRIBUTION,"Increase the monthly goal contribution by ₹2,651 (to ₹9,351).","This uses 4% of the ₹63,612 surplus that is currently not invested, so no spending cut is strictly required.",Keep the current contribution and extend the timeline to 34 months (2 yr 10 mo).,1102.33,0.8586,,Yes
CUST0712,21,Higher Education,UPI,541910.0,36,182927.0,55500.0,127427.0,26500.0,39,0.6966,0.3034,100927.0,15053.06,26500.0,0.0,1.7604,8.4652,21,5,True,ON_TRACK,LOW,MAINTAIN,"Maintain the current ₹26,500 monthly investment.","It already covers the ₹15,053 required (176% coverage).","Optionally reach the goal in 5 months by directing the full ₹1,27,427 surplus to it.",0.0,0.9862,,Yes
CUST0713,53,Retirement,UPI,7174034.0,133,96350.0,77500.0,18850.0,17800.0,20,0.1956,0.8044,1050.0,53940.11,17800.0,35090.11,0.33,0.3495,404,381,False,NEEDS_ADJUSTMENT,HIGH,COMBINED,"Cut expenses by ₹22,349 (29%) and extend the timeline to 175 months (14 yr 7 mo).","A realistic expense cut alone does not close the ₹35,090 gap, so it is combined with a longer timeline.","Keep the 133-month timeline with a smaller target of about ₹25,07,050.",22349.26,0.0003,,No
CUST0714,50,Home Purchase,UPI,4275067.0,103,123940.0,83200.0,40740.0,3600.0,28,0.3287,0.6713,37140.0,41505.5,3600.0,765.5,0.0867,0.9816,1188,105,False,NEEDS_ADJUSTMENT,HIGH,REDUCE_EXPENSES,Cut monthly expenses by ₹766 (0.9% of spending) and invest the full surplus.,"That exactly closes the shortfall within the original 103 months. It is well within a realistic cut: bringing the expense ratio down to the dataset median of 57.2% would free up to ₹12,257 a month.","Keep the 103-month timeline with a smaller target of about ₹41,96,220.",12256.74,0.0095,,No
CUST0715,40,Higher Education,Mixed,869864.0,47,70313.0,34400.0,35913.0,6900.0,44,0.5108,0.4892,29013.0,18507.74,6900.0,11607.74,0.3728,1.9404,127,25,True,AT_RISK,MEDIUM,INCREASE_CONTRIBUTION,"Increase the monthly goal contribution by ₹11,608 (to ₹18,508).","This uses 40% of the ₹29,013 surplus that is currently not invested, so no spending cut is strictly required.",Keep the current contribution and extend the timeline to 127 months (10 yr 7 mo).,0.0,0.4204,,Yes
CUST0716,48,Home Purchase,UPI,1656755.0,94,151673.0,116200.0,35473.0,2500.0,60,0.2339,0.7661,32973.0,17625.05,2500.0,15125.05,0.1418,2.0126,663,47,True,AT_RISK,MEDIUM,INCREASE_CONTRIBUTION,"Increase the monthly goal contribution by ₹15,125 (to ₹17,625).","This uses 46% of the ₹32,973 surplus that is currently not invested, so no spending cut is strictly required.",Keep the current contribution and extend the timeline to 663 months (55 yr 3 mo).,29382.37,0.148,"Caution: although the gap is closable on paper, the ML model estimates only 14% likelihood of achievement for similar profiles in the dataset.",No
CUST0717,43,Vehicle,UPI,1090803.0,32,112401.0,103400.0,9001.0,19800.0,58,0.0801,0.9199,0.0,34087.59,9001.0,25086.59,0.2641,0.2641,122,122,False,NEEDS_ADJUSTMENT,HIGH,REDUCE_EXPENSES,"Cut monthly expenses by ₹25,087 (24.3% of spending) and invest the full surplus.","That exactly closes the shortfall within the original 32 months. It is well within a realistic cut: bringing the expense ratio down to the dataset median of 57.2% would free up to ₹39,062 a month. High impulse spending suggests discretionary spending is the place to start.","Keep the 32-month timeline with a smaller target of about ₹2,88,032.",39061.67,0.2018,,No
CUST0718,60,Higher Education,UPI,990279.0,14,96240.0,45800.0,50440.0,6800.0,35,0.5241,0.4759,43640.0,70734.21,6800.0,20294.21,0.0961,0.7131,146,20,False,NEEDS_ADJUSTMENT,HIGH,EXTEND_TIMELINE,"Extend the timeline to 20 months (1 yr 8 mo) while investing the full ₹50,440 surplus.","Expenses are already at or below the dataset median ratio, so a longer timeline is the main lever.","Keep the 14-month timeline with a smaller target of about ₹7,06,160.",0.0,0.6817,"Note: similar profiles achieved this kind of goal 68% of the time per the ML model, but the plan still needs adjustment on current numbers.",Yes
CUST0719,59,Vehicle,Mixed,1157954.0,41,186564.0,92800.0,93764.0,29900.0,59,0.5026,0.4974,63864.0,28242.78,29900.0,0.0,1.0587,3.3199,39,13,True,ON_TRACK,LOW,MAINTAIN,"Maintain the current ₹29,900 monthly investment.","It already covers the ₹28,243 required (106% coverage).","Optionally reach the goal in 13 months (1 yr 1 mo) by directing the full ₹93,764 surplus to it.",0.0,0.8993,,Yes
CUST0720,38,Vehicle,Wallet,1132031.0,50,167045.0,111300.0,55745.0,4500.0,37,0.3337,0.6663,51245.0,22640.62,4500.0,18140.62,0.1988,2.4622,252,21,True,AT_RISK,MEDIUM,INCREASE_CONTRIBUTION,"Increase the monthly goal contribution by ₹18,141 (to ₹22,641).","This uses 35% of the ₹51,245 surplus that is currently not invested, so no spending cut is strictly required.",Keep the current contribution and extend the timeline to 252 months (21 yr).,15683.44,0.7648,,Yes
CUST0721,58,Vehicle,UPI,773472.0,22,101982.0,30800.0,71182.0,4200.0,46,0.698,0.302,66982.0,35157.82,4200.0,30957.82,0.1195,2.0246,185,11,True,AT_RISK,MEDIUM,INCREASE_CONTRIBUTION,"Increase the monthly goal contribution by ₹30,958 (to ₹35,158).","This uses 46% of the ₹66,982 surplus that is currently not invested, so no spending cut is strictly required.",Keep the current contribution and extend the timeline to 185 months (15 yr 5 mo).,0.0,0.8329,,No
CUST0722,46,Emergency Fund,UPI,164034.0,24,108026.0,90600.0,17426.0,10400.0,52,0.1613,0.8387,7026.0,6834.75,10400.0,0.0,1.5216,2.5496,16,10,True,ON_TRACK,LOW,MAINTAIN,"Maintain the current ₹10,400 monthly investment.","It already covers the ₹6,835 required (152% coverage).","Optionally reach the goal in 10 months by directing the full ₹17,426 surplus to it.",28765.92,0.5025,,No
CUST0723,32,Emergency Fund,Card,70024.0,10,169884.0,86000.0,83884.0,10000.0,18,0.4938,0.5062,73884.0,7002.4,10000.0,0.0,1.4281,11.9793,8,1,True,ON_TRACK,LOW,MAINTAIN,"Maintain the current ₹10,000 monthly investment.","It already covers the ₹7,002 required (143% coverage).","Optionally reach the goal in 1 months by directing the full ₹83,884 surplus to it.",0.0,0.986,,Yes
CUST0724,49,Vehicle,UPI,174059.0,13,110184.0,59900.0,50284.0,13300.0,34,0.4564,0.5436,36984.0,13389.15,13300.0,89.15,0.9933,3.7556,14,4,True,AT_RISK,MEDIUM,INCREASE_CONTRIBUTION,"Increase the monthly goal contribution by ₹89 (to ₹13,389).","This uses 0% of the ₹36,984 surplus that is currently not invested, so no spending cut is strictly required.",Keep the current contribution and extend the timeline to 14 months (1 yr 2 mo).,0.0,0.8813,,Yes
CUST0725,39,Travel,UPI,272898.0,16,195630.0,116200.0,79430.0,2300.0,73,0.406,0.594,77130.0,17056.12,2300.0,14756.12,0.1348,4.657,119,4,True,AT_RISK,MEDIUM,INCREASE_CONTRIBUTION,"Increase the monthly goal contribution by ₹14,756 (to ₹17,056).","This uses 19% of the ₹77,130 surplus that is currently not invested, so no spending cut is strictly required.",Keep the current contribution and extend the timeline to 119 months (9 yr 11 mo).,4221.39,0.8444,,Yes
CUST0726,35,Emergency Fund,Card,131653.0,17,87109.0,46000.0,41109.0,2500.0,25,0.4719,0.5281,38609.0,7744.29,2500.0,5244.29,0.3228,5.3083,53,4,True,AT_RISK,MEDIUM,INCREASE_CONTRIBUTION,"Increase the monthly goal contribution by ₹5,244 (to ₹7,744).","This uses 14% of the ₹38,609 surplus that is currently not invested, so no spending cut is strictly required.",Keep the current contribution and extend the timeline to 53 months (4 yr 5 mo).,0.0,0.9092,,No
CUST0727,31,Retirement,UPI,6454626.0,63,58836.0,26700.0,32136.0,5400.0,42,0.5462,0.4538,26736.0,102454.38,5400.0,70318.38,0.0527,0.3137,1196,201,False,NEEDS_ADJUSTMENT,HIGH,EXTEND_TIMELINE,"Extend the timeline to 201 months (16 yr 9 mo) while investing the full ₹32,136 surplus.","Expenses are already at or below the dataset median ratio, so a longer timeline is the main lever.","Keep the 63-month timeline with a smaller target of about ₹20,24,568.",0.0,0.0003,,No
CUST0728,59,Emergency Fund,Mixed,144635.0,6,152133.0,85900.0,66233.0,29900.0,20,0.4354,0.5646,36333.0,24105.83,29900.0,0.0,1.2404,2.7476,5,3,True,ON_TRACK,LOW,MAINTAIN,"Maintain the current ₹29,900 monthly investment.","It already covers the ₹24,106 required (124% coverage).","Optionally reach the goal in 3 months by directing the full ₹66,233 surplus to it.",0.0,0.9814,,Yes
CUST0729,24,Home Purchase,UPI,3755380.0,115,39595.0,27100.0,12495.0,7700.0,59,0.3156,0.6844,4795.0,32655.48,7700.0,20160.48,0.2358,0.3826,488,301,False,NEEDS_ADJUSTMENT,HIGH,COMBINED,"Cut expenses by ₹4,436 (16%) and extend the timeline to 222 months (18 yr 6 mo).","A realistic expense cut alone does not close the ₹20,160 gap, so it is combined with a longer timeline. High impulse spending suggests discretionary spending is the place to start.","Keep the 115-month timeline with a smaller target of about ₹14,36,925.",4435.82,0.0006,,No
CUST0730,28,Retirement,UPI,4562785.0,37,189666.0,91600.0,98066.0,15200.0,11,0.517,0.483,82866.0,123318.51,15200.0,25252.51,0.1233,0.7952,301,47,False,NEEDS_ADJUSTMENT,HIGH,EXTEND_TIMELINE,"Extend the timeline to 47 months (3 yr 11 mo) while investing the full ₹98,066 surplus.","Expenses are already at or below the dataset median ratio, so a longer timeline is the main lever.","Keep the 37-month timeline with a smaller target of about ₹36,28,442.",0.0,0.241,,Yes
CUST0731,25,Travel,UPI,76732.0,16,192275.0,110100.0,82175.0,8800.0,49,0.4274,0.5726,73375.0,4795.75,8800.0,0.0,1.835,17.135,9,1,True,ON_TRACK,LOW,MAINTAIN,"Maintain the current ₹8,800 monthly investment.","It already covers the ₹4,796 required (184% coverage).","Optionally reach the goal in 1 months by directing the full ₹82,175 surplus to it.",41.79,0.9776,,Yes
CUST0732,44,Home Purchase,Mixed,1303610.0,93,66031.0,28900.0,37131.0,12100.0,48,0.5623,0.4377,25031.0,14017.31,12100.0,1917.31,0.8632,2.6489,108,36,True,AT_RISK,MEDIUM,INCREASE_CONTRIBUTION,"Increase the monthly goal contribution by ₹1,917 (to ₹14,017).","This uses 8% of the ₹25,031 surplus that is currently not invested, so no spending cut is strictly required.",Keep the current contribution and extend the timeline to 108 months (9 yr).,0.0,0.2096,"Caution: although the gap is closable on paper, the ML model estimates only 23% likelihood of achievement for similar profiles in the dataset.",Yes
CUST0733,59,Travel,UPI,61868.0,5,93619.0,52700.0,40919.0,3600.0,49,0.4371,0.5629,37319.0,12373.6,3600.0,8773.6,0.2909,3.307,18,2,True,AT_RISK,MEDIUM,INCREASE_CONTRIBUTION,"Increase the monthly goal contribution by ₹8,774 (to ₹12,374).","This uses 24% of the ₹37,319 surplus that is currently not invested, so no spending cut is strictly required.",Keep the current contribution and extend the timeline to 18 months (1 yr 6 mo).,0.0,0.8035,,Yes
CUST0734,49,Emergency Fund,Card,275224.0,11,124350.0,67900.0,56450.0,23900.0,18,0.454,0.546,32550.0,25020.36,23900.0,1120.36,0.9552,2.2562,12,5,True,AT_RISK,MEDIUM,INCREASE_CONTRIBUTION,"Increase the monthly goal contribution by ₹1,120 (to ₹25,020).","This uses 3% of the ₹32,550 surplus that is currently not invested, so no spending cut is strictly required.",Keep the current contribution and extend the timeline to 12 months (1 yr).,0.0,0.9651,,Yes
CUST0735,53,Emergency Fund,UPI,158644.0,17,111077.0,61900.0,49177.0,17600.0,26,0.4427,0.5573,31577.0,9332.0,17600.0,0.0,1.886,5.2697,10,4,True,ON_TRACK,LOW,MAINTAIN,"Maintain the current ₹17,600 monthly investment.","It already covers the ₹9,332 required (189% coverage).","Optionally reach the goal in 4 months by directing the full ₹49,177 surplus to it.",0.0,0.8739,,Yes
CUST0736,45,Higher Education,UPI,931322.0,45,147016.0,81800.0,65216.0,7000.0,31,0.4436,0.5564,58216.0,20696.04,7000.0,13696.04,0.3382,3.1511,134,15,True,AT_RISK,MEDIUM,INCREASE_CONTRIBUTION,"Increase the monthly goal contribution by ₹13,696 (to ₹20,696).","This uses 24% of the ₹58,216 surplus that is currently not invested, so no spending cut is strictly required.",Keep the current contribution and extend the timeline to 134 months (11 yr 2 mo).,0.0,0.799,,Yes
CUST0737,55,Emergency Fund,Mixed,112510.0,11,191808.0,105800.0,86008.0,23800.0,55,0.4484,0.5516,62208.0,10228.18,23800.0,0.0,2.3269,8.4089,5,2,True,ON_TRACK,LOW,MAINTAIN,"Maintain the current ₹23,800 monthly investment.","It already covers the ₹10,228 required (233% coverage).","Optionally reach the goal in 2 months by directing the full ₹86,008 surplus to it.",0.0,0.9385,,Yes
CUST0738,54,Emergency Fund,UPI,202620.0,7,96940.0,44400.0,52540.0,6900.0,43,0.542,0.458,45640.0,28945.71,6900.0,22045.71,0.2384,1.8151,30,4,True,AT_RISK,MEDIUM,INCREASE_CONTRIBUTION,"Increase the monthly goal contribution by ₹22,046 (to ₹28,946).","This uses 48% of the ₹45,640 surplus that is currently not invested, so no spending cut is strictly required.",Keep the current contribution and extend the timeline to 30 months (2 yr 6 mo).,0.0,0.7698,,No
CUST0739,58,Emergency Fund,Mixed,51522.0,20,177147.0,58600.0,118547.0,2400.0,41,0.6692,0.3308,116147.0,2576.1,2400.0,176.1,0.9316,46.018,22,1,True,AT_RISK,MEDIUM,INCREASE_CONTRIBUTION,"Increase the monthly goal contribution by ₹176 (to ₹2,576).","This uses 0% of the ₹1,16,147 surplus that is currently not invested, so no spending cut is strictly required.",Keep the current contribution and extend the timeline to 22 months (1 yr 10 mo).,0.0,0.9584,,Yes
CUST0740,52,Emergency Fund,UPI,163007.0,12,54027.0,33300.0,20727.0,1700.0,62,0.3836,0.6164,19027.0,13583.92,1700.0,11883.92,0.1251,1.5258,96,8,True,AT_RISK,MEDIUM,INCREASE_CONTRIBUTION,"Increase the monthly goal contribution by ₹11,884 (to ₹13,584).","This uses 62% of the ₹19,027 surplus that is currently not invested, so no spending cut is strictly required.",Keep the current contribution and extend the timeline to 96 months (8 yr).,2374.95,0.1709,"Caution: although the gap is closable on paper, the ML model estimates only 19% likelihood of achievement for similar profiles in the dataset.",No
CUST0741,48,Vehicle,Card,347349.0,25,25944.0,12400.0,13544.0,1400.0,52,0.522,0.478,12144.0,13893.96,1400.0,349.96,0.1008,0.9748,249,26,False,NEEDS_ADJUSTMENT,HIGH,EXTEND_TIMELINE,"Extend the timeline to 26 months (2 yr 2 mo) while investing the full ₹13,544 surplus.","Expenses are already at or below the dataset median ratio, so a longer timeline is the main lever.","Keep the 25-month timeline with a smaller target of about ₹3,38,600.",0.0,0.3249,,No
CUST0742,39,Higher Education,UPI,671482.0,13,104723.0,56400.0,48323.0,12800.0,66,0.4614,0.5386,35523.0,51652.46,12800.0,3329.46,0.2478,0.9355,53,14,False,NEEDS_ADJUSTMENT,HIGH,EXTEND_TIMELINE,"Extend the timeline to 14 months (1 yr 2 mo) while investing the full ₹48,323 surplus.","Expenses are already at or below the dataset median ratio, so a longer timeline is the main lever.","Keep the 13-month timeline with a smaller target of about ₹6,28,199.",0.0,0.4347,,No
CUST0743,25,Higher Education,Card,482196.0,21,77470.0,20100.0,57370.0,4800.0,21,0.7405,0.2595,52570.0,22961.71,4800.0,18161.71,0.209,2.4985,101,9,True,AT_RISK,MEDIUM,INCREASE_CONTRIBUTION,"Increase the monthly goal contribution by ₹18,162 (to ₹22,962).","This uses 35% of the ₹52,570 surplus that is currently not invested, so no spending cut is strictly required.",Keep the current contribution and extend the timeline to 101 months (8 yr 5 mo).,0.0,0.9012,,Yes
CUST0744,42,Emergency Fund,UPI,222332.0,20,176292.0,103100.0,73192.0,3800.0,50,0.4152,0.5848,69392.0,11116.6,3800.0,7316.6,0.3418,6.584,59,4,True,AT_RISK,MEDIUM,INCREASE_CONTRIBUTION,"Increase the monthly goal contribution by ₹7,317 (to ₹11,117).","This uses 11% of the ₹69,392 surplus that is currently not invested, so no spending cut is strictly required.",Keep the current contribution and extend the timeline to 59 months (4 yr 11 mo).,2190.46,0.8843,,Yes
CUST0745,44,Vehicle,Card,674536.0,57,77369.0,33600.0,43769.0,12800.0,49,0.5657,0.4343,30969.0,11833.96,12800.0,0.0,1.0816,3.6986,53,16,True,ON_TRACK,LOW,MAINTAIN,"Maintain the current ₹12,800 monthly investment.","It already covers the ₹11,834 required (108% coverage).","Optionally reach the goal in 16 months (1 yr 4 mo) by directing the full ₹43,769 surplus to it.",0.0,0.5593,,No
CUST0746,36,Home Purchase,UPI,1229044.0,65,68815.0,52300.0,16515.0,2700.0,36,0.24,0.76,13815.0,18908.37,2700.0,2393.37,0.1428,0.8734,456,75,False,NEEDS_ADJUSTMENT,HIGH,REDUCE_EXPENSES,"Cut monthly expenses by ₹2,393 (4.6% of spending) and invest the full surplus.","That exactly closes the shortfall within the original 65 months. It is well within a realistic cut: bringing the expense ratio down to the dataset median of 57.2% would free up to ₹12,910 a month.","Keep the 65-month timeline with a smaller target of about ₹10,73,475.",12910.29,0.114,,No
CUST0747,47,Emergency Fund,UPI,107519.0,15,42790.0,27300.0,15490.0,5800.0,34,0.362,0.638,9690.0,7167.93,5800.0,1367.93,0.8092,2.161,19,7,True,AT_RISK,MEDIUM,INCREASE_CONTRIBUTION,"Increase the monthly goal contribution by ₹1,368 (to ₹7,168).","This uses 14% of the ₹9,690 surplus that is currently not invested, so no spending cut is strictly required.",Keep the current contribution and extend the timeline to 19 months (1 yr 7 mo).,2807.0,0.4022,,Yes
CUST0748,41,Retirement,UPI,5092146.0,90,121390.0,98000.0,23390.0,9000.0,48,0.1927,0.8073,14390.0,56579.4,9000.0,33189.4,0.1591,0.4134,566,218,False,NEEDS_ADJUSTMENT,HIGH,COMBINED,"Cut expenses by ₹28,516 (29%) and extend the timeline to 99 months (8 yr 3 mo).","A realistic expense cut alone does not close the ₹33,189 gap, so it is combined with a longer timeline.","Keep the 90-month timeline with a smaller target of about ₹21,05,100.",28516.36,0.0011,,No
CUST0749,38,Higher Education,Card,708251.0,32,194606.0,78300.0,116306.0,16300.0,48,0.5976,0.4024,100006.0,22132.84,16300.0,5832.84,0.7365,5.2549,44,7,True,AT_RISK,MEDIUM,INCREASE_CONTRIBUTION,"Increase the monthly goal contribution by ₹5,833 (to ₹22,133).","This uses 6% of the ₹1,00,006 surplus that is currently not invested, so no spending cut is strictly required.",Keep the current contribution and extend the timeline to 44 months (3 yr 8 mo).,0.0,0.9575,,Yes
CUST0750,32,Home Purchase,UPI,3280801.0,24,19413.0,9300.0,10113.0,3200.0,36,0.5209,0.4791,6913.0,136700.04,3200.0,126587.04,0.0234,0.074,1026,325,False,NEEDS_ADJUSTMENT,HIGH,EXTEND_TIMELINE,"Extend the timeline to 325 months (27 yr 1 mo) while investing the full ₹10,113 surplus.","Expenses are already at or below the dataset median ratio, so a longer timeline is the main lever.","Keep the 24-month timeline with a smaller target of about ₹2,42,712.",0.0,0.0093,,No
CUST0751,50,Emergency Fund,UPI,289617.0,9,94075.0,57700.0,36375.0,10600.0,18,0.3867,0.6133,25775.0,32179.67,10600.0,21579.67,0.3294,1.1304,28,8,True,AT_RISK,MEDIUM,INCREASE_CONTRIBUTION,"Increase the monthly goal contribution by ₹21,580 (to ₹32,180).","This uses 84% of the ₹25,775 surplus that is currently not invested, so no spending cut is strictly required.",Keep the current contribution and extend the timeline to 28 months (2 yr 4 mo).,3851.47,0.7274,,Yes
CUST0752,43,Retirement,UPI,3967556.0,83,176315.0,127500.0,48815.0,32400.0,28,0.2769,0.7231,16415.0,47801.88,32400.0,15401.88,0.6778,1.0212,123,82,True,AT_RISK,MEDIUM,INCREASE_CONTRIBUTION,"Increase the monthly goal contribution by ₹15,402 (to ₹47,802).","This uses 94% of the ₹16,415 surplus that is currently not invested, so no spending cut is strictly required.",Keep the current contribution and extend the timeline to 123 months (10 yr 3 mo).,26577.29,0.0569,"Caution: although the gap is closable on paper, the ML model estimates only 8% likelihood of achievement for similar profiles in the dataset.",No
CUST0753,40,Vehicle,Card,1088584.0,50,140248.0,72100.0,68148.0,5500.0,17,0.4859,0.5141,62648.0,21771.68,5500.0,16271.68,0.2526,3.1301,198,16,True,AT_RISK,MEDIUM,INCREASE_CONTRIBUTION,"Increase the monthly goal contribution by ₹16,272 (to ₹21,772).","This uses 26% of the ₹62,648 surplus that is currently not invested, so no spending cut is strictly required.",Keep the current contribution and extend the timeline to 198 months (16 yr 6 mo).,0.0,0.8656,,No
CUST0754,58,Home Purchase,Mixed,4002166.0,97,92836.0,56900.0,35936.0,15800.0,24,0.3871,0.6129,20136.0,41259.44,15800.0,5323.44,0.3829,0.871,254,112,False,NEEDS_ADJUSTMENT,HIGH,COMBINED,"Cut expenses by ₹3,761 (7%) and extend the timeline to 101 months (8 yr 5 mo).","A realistic expense cut alone does not close the ₹5,323 gap, so it is combined with a longer timeline.","Keep the 97-month timeline with a smaller target of about ₹34,85,792.",3760.67,0.0282,,No
CUST0755,46,Emergency Fund,UPI,94567.0,6,130517.0,62700.0,67817.0,19600.0,51,0.5196,0.4804,48217.0,15761.17,19600.0,0.0,1.2436,4.3028,5,2,True,ON_TRACK,LOW,MAINTAIN,"Maintain the current ₹19,600 monthly investment.","It already covers the ₹15,761 required (124% coverage).","Optionally reach the goal in 2 months by directing the full ₹67,817 surplus to it.",0.0,0.8233,,Yes
CUST0756,34,Home Purchase,Mixed,4240747.0,37,139608.0,64800.0,74808.0,14800.0,26,0.5358,0.4642,60008.0,114614.78,14800.0,39806.78,0.1291,0.6527,287,57,False,NEEDS_ADJUSTMENT,HIGH,EXTEND_TIMELINE,"Extend the timeline to 57 months (4 yr 9 mo) while investing the full ₹74,808 surplus.","Expenses are already at or below the dataset median ratio, so a longer timeline is the main lever.","Keep the 37-month timeline with a smaller target of about ₹27,67,896.",0.0,0.1098,,No
CUST0757,21,Vehicle,Card,915994.0,32,175538.0,68000.0,107538.0,3100.0,54,0.6126,0.3874,104438.0,28624.81,3100.0,25524.81,0.1083,3.7568,296,9,True,AT_RISK,MEDIUM,INCREASE_CONTRIBUTION,"Increase the monthly goal contribution by ₹25,525 (to ₹28,625).","This uses 24% of the ₹1,04,438 surplus that is currently not invested, so no spending cut is strictly required.",Keep the current contribution and extend the timeline to 296 months (24 yr 8 mo).,0.0,0.8844,,Yes
CUST0758,38,Retirement,Card,2401193.0,141,70082.0,56000.0,14082.0,13200.0,34,0.2009,0.7991,882.0,17029.74,13200.0,2947.74,0.7751,0.8269,182,171,False,NEEDS_ADJUSTMENT,HIGH,REDUCE_EXPENSES,"Cut monthly expenses by ₹2,948 (5.3% of spending) and invest the full surplus.","That exactly closes the shortfall within the original 141 months. It is well within a realistic cut: bringing the expense ratio down to the dataset median of 57.2% would free up to ₹15,885 a month.","Keep the 141-month timeline with a smaller target of about ₹19,85,562.",15885.06,0.0193,,No
CUST0759,38,Higher Education,Mixed,976175.0,30,142301.0,63700.0,78601.0,16900.0,32,0.5524,0.4476,61701.0,32539.17,16900.0,15639.17,0.5194,2.4156,58,13,True,AT_RISK,MEDIUM,INCREASE_CONTRIBUTION,"Increase the monthly goal contribution by ₹15,639 (to ₹32,539).","This uses 25% of the ₹61,701 surplus that is currently not invested, so no spending cut is strictly required.",Keep the current contribution and extend the timeline to 58 months (4 yr 10 mo).,0.0,0.8718,,Yes
CUST0760,29,Travel,UPI,46324.0,12,154793.0,68700.0,86093.0,23000.0,13,0.5562,0.4438,63093.0,3860.33,23000.0,0.0,5.958,22.302,3,1,True,ON_TRACK,LOW,MAINTAIN,"Maintain the current ₹23,000 monthly investment.","It already covers the ₹3,860 required (596% coverage).","Optionally reach the goal in 1 months by directing the full ₹86,093 surplus to it.",0.0,0.9948,,Yes
CUST0761,50,Higher Education,UPI,458449.0,34,159859.0,76600.0,83259.0,28300.0,27,0.5208,0.4792,54959.0,13483.79,28300.0,0.0,2.0988,6.1747,17,6,True,ON_TRACK,LOW,MAINTAIN,"Maintain the current ₹28,300 monthly investment.","It already covers the ₹13,484 required (210% coverage).","Optionally reach the goal in 6 months by directing the full ₹83,259 surplus to it.",0.0,0.9534,,Yes
CUST0762,49,Home Purchase,UPI,4770189.0,57,187096.0,88300.0,98796.0,21400.0,41,0.528,0.472,77396.0,83687.53,21400.0,62287.53,0.2557,1.1805,223,49,True,AT_RISK,MEDIUM,INCREASE_CONTRIBUTION,"Increase the monthly goal contribution by ₹62,288 (to ₹83,688).","This uses 80% of the ₹77,396 surplus that is currently not invested, so no spending cut is strictly required.",Keep the current contribution and extend the timeline to 223 months (18 yr 7 mo).,0.0,0.0673,"Caution: although the gap is closable on paper, the ML model estimates only 7% likelihood of achievement for similar profiles in the dataset.",No
CUST0763,26,Higher Education,UPI,990386.0,34,161892.0,100100.0,61792.0,19000.0,18,0.3817,0.6183,42792.0,29129.0,19000.0,10129.0,0.6523,2.1213,53,17,True,AT_RISK,MEDIUM,INCREASE_CONTRIBUTION,"Increase the monthly goal contribution by ₹10,129 (to ₹29,129).","This uses 24% of the ₹42,792 surplus that is currently not invested, so no spending cut is strictly required.",Keep the current contribution and extend the timeline to 53 months (4 yr 5 mo).,7433.02,0.9222,,Yes
CUST0764,47,Home Purchase,Mixed,1397151.0,36,158649.0,58400.0,100249.0,17100.0,26,0.6319,0.3681,83149.0,38809.75,17100.0,21709.75,0.4406,2.5831,82,14,True,AT_RISK,MEDIUM,INCREASE_CONTRIBUTION,"Increase the monthly goal contribution by ₹21,710 (to ₹38,810).","This uses 26% of the ₹83,149 surplus that is currently not invested, so no spending cut is strictly required.",Keep the current contribution and extend the timeline to 82 months (6 yr 10 mo).,0.0,0.872,,No
CUST0765,39,Emergency Fund,UPI,112063.0,19,97149.0,40100.0,57049.0,12200.0,47,0.5872,0.4128,44849.0,5898.05,12200.0,0.0,2.0685,9.6725,10,2,True,ON_TRACK,LOW,MAINTAIN,"Maintain the current ₹12,200 monthly investment.","It already covers the ₹5,898 required (207% coverage).","Optionally reach the goal in 2 months by directing the full ₹57,049 surplus to it.",0.0,0.8122,,Yes
CUST0766,58,Higher Education,UPI,717005.0,24,170827.0,58800.0,112027.0,2200.0,39,0.6558,0.3442,109827.0,29875.21,2200.0,27675.21,0.0736,3.7498,326,7,True,AT_RISK,MEDIUM,INCREASE_CONTRIBUTION,"Increase the monthly goal contribution by ₹27,675 (to ₹29,875).","This uses 25% of the ₹1,09,827 surplus that is currently not invested, so no spending cut is strictly required.",Keep the current contribution and extend the timeline to 326 months (27 yr 2 mo).,0.0,0.9412,,Yes
CUST0767,49,Higher Education,Mixed,860838.0,47,90974.0,50400.0,40574.0,10300.0,54,0.446,0.554,30274.0,18315.7,10300.0,8015.7,0.5624,2.2153,84,22,True,AT_RISK,MEDIUM,INCREASE_CONTRIBUTION,"Increase the monthly goal contribution by ₹8,016 (to ₹18,316).","This uses 26% of the ₹30,274 surplus that is currently not invested, so no spending cut is strictly required.",Keep the current contribution and extend the timeline to 84 months (7 yr).,0.0,0.2854,"Caution: although the gap is closable on paper, the ML model estimates only 30% likelihood of achievement for similar profiles in the dataset.",Yes
CUST0768,33,Vehicle,Card,1011949.0,12,39078.0,19300.0,19778.0,500.0,9,0.5061,0.4939,19278.0,84329.08,500.0,64551.08,0.0059,0.2345,2024,52,False,NEEDS_ADJUSTMENT,HIGH,EXTEND_TIMELINE,"Extend the timeline to 52 months (4 yr 4 mo) while investing the full ₹19,778 surplus.","Expenses are already at or below the dataset median ratio, so a longer timeline is the main lever.","Keep the 12-month timeline with a smaller target of about ₹2,37,336.",0.0,0.4505,,No
CUST0769,60,Vehicle,UPI,785003.0,59,104941.0,32800.0,72141.0,12100.0,38,0.6874,0.3126,60041.0,13305.14,12100.0,1205.14,0.9094,5.422,65,11,True,AT_RISK,MEDIUM,INCREASE_CONTRIBUTION,"Increase the monthly goal contribution by ₹1,205 (to ₹13,305).","This uses 2% of the ₹60,041 surplus that is currently not invested, so no spending cut is strictly required.",Keep the current contribution and extend the timeline to 65 months (5 yr 5 mo).,0.0,0.8828,,Yes
CUST0770,40,Emergency Fund,Wallet,221139.0,8,193285.0,74400.0,118885.0,7600.0,48,0.6151,0.3849,111285.0,27642.38,7600.0,20042.38,0.2749,4.3008,30,2,True,AT_RISK,MEDIUM,INCREASE_CONTRIBUTION,"Increase the monthly goal contribution by ₹20,042 (to ₹27,642).","This uses 18% of the ₹1,11,285 surplus that is currently not invested, so no spending cut is strictly required.",Keep the current contribution and extend the timeline to 30 months (2 yr 6 mo).,0.0,0.9525,,Yes
CUST0771,52,Home Purchase,Card,2821859.0,36,49190.0,26900.0,22290.0,1500.0,36,0.4531,0.5469,20790.0,78384.97,1500.0,56094.97,0.0191,0.2844,1882,127,False,NEEDS_ADJUSTMENT,HIGH,EXTEND_TIMELINE,"Extend the timeline to 127 months (10 yr 7 mo) while investing the full ₹22,290 surplus.","Expenses are already at or below the dataset median ratio, so a longer timeline is the main lever.","Keep the 36-month timeline with a smaller target of about ₹8,02,440.",0.0,0.0156,,No
CUST0772,28,Emergency Fund,Mixed,89062.0,18,130271.0,87600.0,42671.0,7200.0,63,0.3276,0.6724,35471.0,4947.89,7200.0,0.0,1.4552,8.6241,13,3,True,ON_TRACK,LOW,MAINTAIN,"Maintain the current ₹7,200 monthly investment.","It already covers the ₹4,948 required (146% coverage).","Optionally reach the goal in 3 months by directing the full ₹42,671 surplus to it.",13032.88,0.6302,,No
CUST0773,58,Home Purchase,Card,2414742.0,61,66983.0,43000.0,23983.0,4700.0,55,0.358,0.642,19283.0,39585.93,4700.0,15602.93,0.1187,0.6058,514,101,False,NEEDS_ADJUSTMENT,HIGH,COMBINED,"Cut expenses by ₹4,659 (11%) and extend the timeline to 85 months (7 yr 1 mo).","A realistic expense cut alone does not close the ₹15,603 gap, so it is combined with a longer timeline. High impulse spending suggests discretionary spending is the place to start.","Keep the 61-month timeline with a smaller target of about ₹14,62,963.",4658.93,0.0199,,No
CUST0774,41,Higher Education,Mixed,766070.0,42,112787.0,73800.0,38987.0,3500.0,40,0.3457,0.6543,35487.0,18239.76,3500.0,14739.76,0.1919,2.1375,219,20,True,AT_RISK,MEDIUM,INCREASE_CONTRIBUTION,"Increase the monthly goal contribution by ₹14,740 (to ₹18,240).","This uses 42% of the ₹35,487 surplus that is currently not invested, so no spending cut is strictly required.",Keep the current contribution and extend the timeline to 219 months (18 yr 3 mo).,9240.72,0.5292,,Yes
CUST0775,26,Higher Education,UPI,598466.0,37,118878.0,73600.0,45278.0,17700.0,59,0.3809,0.6191,27578.0,16174.76,17700.0,0.0,1.0943,2.7993,34,14,True,ON_TRACK,LOW,MAINTAIN,"Maintain the current ₹17,700 monthly investment.","It already covers the ₹16,175 required (109% coverage).","Optionally reach the goal in 14 months (1 yr 2 mo) by directing the full ₹45,278 surplus to it.",5554.23,0.692,,Yes
CUST0776,56,Vehicle,UPI,644130.0,18,37230.0,17400.0,19830.0,6600.0,13,0.5326,0.4674,13230.0,35785.0,6600.0,15955.0,0.1844,0.5541,98,33,False,NEEDS_ADJUSTMENT,HIGH,EXTEND_TIMELINE,"Extend the timeline to 33 months (2 yr 9 mo) while investing the full ₹19,830 surplus.","Expenses are already at or below the dataset median ratio, so a longer timeline is the main lever.","Keep the 18-month timeline with a smaller target of about ₹3,56,940.",0.0,0.7169,"Note: similar profiles achieved this kind of goal 70% of the time per the ML model, but the plan still needs adjustment on current numbers.",Yes
CUST0777,21,Travel,Card,118848.0,8,144610.0,76300.0,68310.0,2300.0,65,0.4724,0.5276,66010.0,14856.0,2300.0,12556.0,0.1548,4.5981,52,2,True,AT_RISK,MEDIUM,INCREASE_CONTRIBUTION,"Increase the monthly goal contribution by ₹12,556 (to ₹14,856).","This uses 19% of the ₹66,010 surplus that is currently not invested, so no spending cut is strictly required.",Keep the current contribution and extend the timeline to 52 months (4 yr 4 mo).,0.0,0.8041,,Yes
CUST0778,34,Vehicle,UPI,659069.0,13,58330.0,36100.0,22230.0,11000.0,40,0.3811,0.6189,11230.0,50697.62,11000.0,28467.62,0.217,0.4385,60,30,False,NEEDS_ADJUSTMENT,HIGH,COMBINED,"Cut expenses by ₹2,712 (8%) and extend the timeline to 27 months (2 yr 3 mo).","A realistic expense cut alone does not close the ₹28,468 gap, so it is combined with a longer timeline.","Keep the 13-month timeline with a smaller target of about ₹2,88,990.",2711.91,0.3621,,No
CUST0779,30,Vehicle,Card,553110.0,29,137315.0,61900.0,75415.0,16600.0,80,0.5492,0.4508,58815.0,19072.76,16600.0,2472.76,0.8704,3.9541,34,8,True,AT_RISK,MEDIUM,INCREASE_CONTRIBUTION,"Increase the monthly goal contribution by ₹2,473 (to ₹19,073).","This uses 4% of the ₹58,815 surplus that is currently not invested, so no spending cut is strictly required.",Keep the current contribution and extend the timeline to 34 months (2 yr 10 mo).,0.0,0.6701,,No
CUST0780,24,Vehicle,Mixed,1119571.0,12,124157.0,73800.0,50357.0,3800.0,30,0.4056,0.5944,46557.0,93297.58,3800.0,42940.58,0.0407,0.5397,295,23,False,NEEDS_ADJUSTMENT,HIGH,COMBINED,"Cut expenses by ₹2,733 (4%) and extend the timeline to 22 months (1 yr 10 mo).","A realistic expense cut alone does not close the ₹42,941 gap, so it is combined with a longer timeline.","Keep the 12-month timeline with a smaller target of about ₹6,04,284.",2732.53,0.7327,"Note: similar profiles achieved this kind of goal 77% of the time per the ML model, but the plan still needs adjustment on current numbers.",Yes
CUST0781,27,Vehicle,Card,272148.0,23,28850.0,23400.0,5450.0,700.0,32,0.1889,0.8111,4750.0,11832.52,700.0,6382.52,0.0592,0.4606,389,50,False,NEEDS_ADJUSTMENT,HIGH,REDUCE_EXPENSES,"Cut monthly expenses by ₹6,383 (27.3% of spending) and invest the full surplus.","That exactly closes the shortfall within the original 23 months. It is well within a realistic cut: bringing the expense ratio down to the dataset median of 57.2% would free up to ₹6,886 a month.","Keep the 23-month timeline with a smaller target of about ₹1,25,350.",6886.26,0.1527,,No
CUST0782,58,Emergency Fund,Mixed,98239.0,20,118492.0,54900.0,63592.0,20600.0,40,0.5367,0.4633,42992.0,4911.95,20600.0,0.0,4.1939,12.9464,5,2,True,ON_TRACK,LOW,MAINTAIN,"Maintain the current ₹20,600 monthly investment.","It already covers the ₹4,912 required (419% coverage).","Optionally reach the goal in 2 months by directing the full ₹63,592 surplus to it.",0.0,0.9286,,No
CUST0783,60,Emergency Fund,UPI,171204.0,10,77293.0,56600.0,20693.0,15300.0,45,0.2677,0.7323,5393.0,17120.4,15300.0,1820.4,0.8937,1.2087,12,9,True,AT_RISK,MEDIUM,INCREASE_CONTRIBUTION,"Increase the monthly goal contribution by ₹1,820 (to ₹17,120).","This uses 34% of the ₹5,393 surplus that is currently not invested, so no spending cut is strictly required.",Keep the current contribution and extend the timeline to 12 months (1 yr).,12357.49,0.2802,,Yes
CUST0784,30,Emergency Fund,Wallet,132786.0,14,19903.0,8300.0,11603.0,3000.0,31,0.583,0.417,8603.0,9484.71,3000.0,6484.71,0.3163,1.2233,45,12,True,AT_RISK,MEDIUM,INCREASE_CONTRIBUTION,"Increase the monthly goal contribution by ₹6,485 (to ₹9,485).","This uses 75% of the ₹8,603 surplus that is currently not invested, so no spending cut is strictly required.",Keep the current contribution and extend the timeline to 45 months (3 yr 9 mo).,0.0,0.6355,,No
CUST0785,51,Retirement,UPI,4290945.0,139,170513.0,111200.0,59313.0,29500.0,42,0.3479,0.6521,29813.0,30870.11,29500.0,1370.11,0.9556,1.9214,146,73,True,AT_RISK,MEDIUM,INCREASE_CONTRIBUTION,"Increase the monthly goal contribution by ₹1,370 (to ₹30,870).","This uses 5% of the ₹29,813 surplus that is currently not invested, so no spending cut is strictly required.",Keep the current contribution and extend the timeline to 146 months (12 yr 2 mo).,13598.36,0.0362,"Caution: although the gap is closable on paper, the ML model estimates only 3% likelihood of achievement for similar profiles in the dataset.",No
CUST0786,45,Vehicle,UPI,557025.0,36,170442.0,57800.0,112642.0,33900.0,12,0.6609,0.3391,78742.0,15472.92,33900.0,0.0,2.1909,7.2799,17,5,True,ON_TRACK,LOW,MAINTAIN,"Maintain the current ₹33,900 monthly investment.","It already covers the ₹15,473 required (219% coverage).","Optionally reach the goal in 5 months by directing the full ₹1,12,642 surplus to it.",0.0,0.9925,,Yes
CUST0787,51,Emergency Fund,UPI,242930.0,22,107672.0,39600.0,68072.0,10900.0,5,0.6322,0.3678,57172.0,11042.27,10900.0,142.27,0.9871,6.1647,23,4,True,AT_RISK,MEDIUM,INCREASE_CONTRIBUTION,"Increase the monthly goal contribution by ₹142 (to ₹11,042).","This uses 0% of the ₹57,172 surplus that is currently not invested, so no spending cut is strictly required.",Keep the current contribution and extend the timeline to 23 months (1 yr 11 mo).,0.0,0.976,,Yes
CUST0788,39,Higher Education,Wallet,530125.0,13,63859.0,42500.0,21359.0,6200.0,58,0.3345,0.6655,15159.0,40778.85,6200.0,19419.85,0.152,0.5238,86,25,False,NEEDS_ADJUSTMENT,HIGH,COMBINED,"Cut expenses by ₹5,947 (14%) and extend the timeline to 20 months (1 yr 8 mo).","A realistic expense cut alone does not close the ₹19,420 gap, so it is combined with a longer timeline. High impulse spending suggests discretionary spending is the place to start.","Keep the 13-month timeline with a smaller target of about ₹2,77,667.",5947.11,0.162,,No
CUST0789,54,Home Purchase,UPI,1514831.0,51,95808.0,76500.0,19308.0,10300.0,5,0.2015,0.7985,9008.0,29702.57,10300.0,10394.57,0.3468,0.65,148,79,False,NEEDS_ADJUSTMENT,HIGH,REDUCE_EXPENSES,"Cut monthly expenses by ₹10,395 (13.6% of spending) and invest the full surplus.","That exactly closes the shortfall within the original 51 months. It is well within a realistic cut: bringing the expense ratio down to the dataset median of 57.2% would free up to ₹21,660 a month.","Keep the 51-month timeline with a smaller target of about ₹9,84,708.",21659.5,0.3365,,Yes
CUST0790,26,Higher Education,UPI,227071.0,43,84232.0,55200.0,29032.0,6100.0,42,0.3447,0.6553,22932.0,5280.72,6100.0,0.0,1.1551,5.4977,38,8,True,ON_TRACK,LOW,MAINTAIN,"Maintain the current ₹6,100 monthly investment.","It already covers the ₹5,281 required (116% coverage).","Optionally reach the goal in 8 months by directing the full ₹29,032 surplus to it.",6985.6,0.6435,,No
CUST0791,22,Travel,UPI,291923.0,13,92131.0,59300.0,32831.0,17000.0,54,0.3564,0.6436,15831.0,22455.62,17000.0,5455.62,0.757,1.462,18,9,True,AT_RISK,MEDIUM,INCREASE_CONTRIBUTION,"Increase the monthly goal contribution by ₹5,456 (to ₹22,456).","This uses 34% of the ₹15,831 surplus that is currently not invested, so no spending cut is strictly required.",Keep the current contribution and extend the timeline to 18 months (1 yr 6 mo).,6564.22,0.7683,,No
CUST0792,29,Travel,UPI,96551.0,11,99356.0,73100.0,26256.0,16700.0,65,0.2643,0.7357,9556.0,8777.36,16700.0,0.0,1.9026,2.9913,6,4,True,ON_TRACK,LOW,MAINTAIN,"Maintain the current ₹16,700 monthly investment.","It already covers the ₹8,777 required (190% coverage).","Optionally reach the goal in 4 months by directing the full ₹26,256 surplus to it.",16228.63,0.5331,,Yes
CUST0793,55,Travel,UPI,200833.0,7,104733.0,74100.0,30633.0,7000.0,53,0.2925,0.7075,23633.0,28690.43,7000.0,21690.43,0.244,1.0677,29,7,True,AT_RISK,MEDIUM,INCREASE_CONTRIBUTION,"Increase the monthly goal contribution by ₹21,690 (to ₹28,690).","This uses 92% of the ₹23,633 surplus that is currently not invested, so no spending cut is strictly required.",Keep the current contribution and extend the timeline to 29 months (2 yr 5 mo).,14150.83,0.5791,,Yes
CUST0794,34,Home Purchase,Mixed,3482951.0,57,163798.0,95300.0,68498.0,2300.0,31,0.4182,0.5818,66198.0,61104.4,2300.0,58804.4,0.0376,1.121,1515,51,True,AT_RISK,MEDIUM,INCREASE_CONTRIBUTION,"Increase the monthly goal contribution by ₹58,804 (to ₹61,104).","This uses 89% of the ₹66,198 surplus that is currently not invested, so no spending cut is strictly required.",Keep the current contribution and extend the timeline to 1515 months (126 yr 3 mo).,1542.02,0.1465,"Caution: although the gap is closable on paper, the ML model estimates only 16% likelihood of achievement for similar profiles in the dataset.",Yes
CUST0795,40,Travel,Mixed,272144.0,15,102822.0,64600.0,38222.0,18600.0,46,0.3717,0.6283,19622.0,18142.93,18600.0,0.0,1.0252,2.1067,15,8,True,ON_TRACK,LOW,MAINTAIN,"Maintain the current ₹18,600 monthly investment.","It already covers the ₹18,143 required (103% coverage).","Optionally reach the goal in 8 months by directing the full ₹38,222 surplus to it.",5744.69,0.7911,,Yes
CUST0796,26,Vehicle,UPI,271891.0,39,34506.0,20800.0,13706.0,3000.0,37,0.3972,0.6028,10706.0,6971.56,3000.0,3971.56,0.4303,1.966,91,20,True,AT_RISK,MEDIUM,INCREASE_CONTRIBUTION,"Increase the monthly goal contribution by ₹3,972 (to ₹6,972).","This uses 37% of the ₹10,706 surplus that is currently not invested, so no spending cut is strictly required.",Keep the current contribution and extend the timeline to 91 months (7 yr 7 mo).,1048.77,0.3353,,Yes
CUST0797,55,Home Purchase,Card,4538705.0,41,189150.0,121300.0,67850.0,20900.0,49,0.3587,0.6413,46950.0,110700.12,20900.0,42850.12,0.1888,0.6129,218,67,False,NEEDS_ADJUSTMENT,HIGH,COMBINED,"Cut expenses by ₹13,031 (11%) and extend the timeline to 57 months (4 yr 9 mo).","A realistic expense cut alone does not close the ₹42,850 gap, so it is combined with a longer timeline.","Keep the 41-month timeline with a smaller target of about ₹27,81,850.",13030.54,0.0511,,No
CUST0798,55,Emergency Fund,Wallet,200339.0,14,152362.0,97600.0,54762.0,3100.0,13,0.3594,0.6406,51662.0,14309.93,3100.0,11209.93,0.2166,3.8269,65,4,True,AT_RISK,MEDIUM,INCREASE_CONTRIBUTION,"Increase the monthly goal contribution by ₹11,210 (to ₹14,310).","This uses 22% of the ₹51,662 surplus that is currently not invested, so no spending cut is strictly required.",Keep the current contribution and extend the timeline to 65 months (5 yr 5 mo).,10387.99,0.9332,,Yes
CUST0799,41,Travel,UPI,266476.0,9,53148.0,23700.0,29448.0,10200.0,40,0.5541,0.4459,19248.0,29608.44,10200.0,160.44,0.3445,0.9946,27,10,False,NEEDS_ADJUSTMENT,HIGH,EXTEND_TIMELINE,"Extend the timeline to 10 months while investing the full ₹29,448 surplus.","Expenses are already at or below the dataset median ratio, so a longer timeline is the main lever.","Keep the 9-month timeline with a smaller target of about ₹2,65,032.",0.0,0.7402,"Note: similar profiles achieved this kind of goal 73% of the time per the ML model, but the plan still needs adjustment on current numbers.",No
CUST0800,27,Home Purchase,UPI,2755652.0,72,187931.0,109200.0,78731.0,4000.0,18,0.4189,0.5811,74731.0,38272.94,4000.0,34272.94,0.1045,2.0571,689,36,True,AT_RISK,MEDIUM,INCREASE_CONTRIBUTION,"Increase the monthly goal contribution by ₹34,273 (to ₹38,273).","This uses 46% of the ₹74,731 surplus that is currently not invested, so no spending cut is strictly required.",Keep the current contribution and extend the timeline to 689 months (57 yr 5 mo).,1628.3,0.6002,,Yes
CUST0801,59,Higher Education,UPI,210564.0,19,133099.0,62800.0,70299.0,24600.0,35,0.5282,0.4718,45699.0,11082.32,24600.0,0.0,2.2198,6.3433,9,3,True,ON_TRACK,LOW,MAINTAIN,"Maintain the current ₹24,600 monthly investment.","It already covers the ₹11,082 required (222% coverage).","Optionally reach the goal in 3 months by directing the full ₹70,299 surplus to it.",0.0,0.9356,,Yes
CUST0802,37,Home Purchase,UPI,2421795.0,63,133203.0,52700.0,80503.0,6600.0,47,0.6044,0.3956,73903.0,38441.19,6600.0,31841.19,0.1717,2.0942,367,31,True,AT_RISK,MEDIUM,INCREASE_CONTRIBUTION,"Increase the monthly goal contribution by ₹31,841 (to ₹38,441).","This uses 43% of the ₹73,903 surplus that is currently not invested, so no spending cut is strictly required.",Keep the current contribution and extend the timeline to 367 months (30 yr 7 mo).,0.0,0.2522,"Caution: although the gap is closable on paper, the ML model estimates only 28% likelihood of achievement for similar profiles in the dataset.",Yes
CUST0803,32,Higher Education,UPI,678082.0,36,48942.0,37600.0,11342.0,2800.0,34,0.2317,0.7683,8542.0,18835.61,2800.0,7493.61,0.1487,0.6022,243,60,False,NEEDS_ADJUSTMENT,HIGH,REDUCE_EXPENSES,"Cut monthly expenses by ₹7,494 (19.9% of spending) and invest the full surplus.","That exactly closes the shortfall within the original 36 months. It is well within a realistic cut: bringing the expense ratio down to the dataset median of 57.2% would free up to ₹9,586 a month.","Keep the 36-month timeline with a smaller target of about ₹4,08,312.",9585.6,0.1137,,No
CUST0804,59,Emergency Fund,Mixed,111342.0,6,159952.0,75600.0,84352.0,26200.0,70,0.5274,0.4726,58152.0,18557.0,26200.0,0.0,1.4119,4.5456,5,2,True,ON_TRACK,LOW,MAINTAIN,"Maintain the current ₹26,200 monthly investment.","It already covers the ₹18,557 required (141% coverage).","Optionally reach the goal in 2 months by directing the full ₹84,352 surplus to it.",0.0,0.9103,,Yes
CUST0805,34,Emergency Fund,UPI,147951.0,20,192110.0,141300.0,50810.0,15000.0,55,0.2645,0.7355,35810.0,7397.55,15000.0,0.0,2.0277,6.8685,10,3,True,ON_TRACK,LOW,MAINTAIN,"Maintain the current ₹15,000 monthly investment.","It already covers the ₹7,398 required (203% coverage).","Optionally reach the goal in 3 months by directing the full ₹50,810 surplus to it.",31336.24,0.9057,,Yes
CUST0806,35,Vehicle,UPI,871865.0,50,174550.0,114900.0,59650.0,5100.0,39,0.3417,0.6583,54550.0,17437.3,5100.0,12337.3,0.2925,3.4208,171,15,True,AT_RISK,MEDIUM,INCREASE_CONTRIBUTION,"Increase the monthly goal contribution by ₹12,337 (to ₹17,437).","This uses 23% of the ₹54,550 surplus that is currently not invested, so no spending cut is strictly required.",Keep the current contribution and extend the timeline to 171 months (14 yr 3 mo).,14987.58,0.8689,,Yes
CUST0807,31,Vehicle,UPI,342910.0,27,181067.0,118700.0,62367.0,11700.0,42,0.3444,0.6556,50667.0,12700.37,11700.0,1000.37,0.9212,4.9106,30,6,True,AT_RISK,MEDIUM,INCREASE_CONTRIBUTION,"Increase the monthly goal contribution by ₹1,000 (to ₹12,700).","This uses 2% of the ₹50,667 surplus that is currently not invested, so no spending cut is strictly required.",Keep the current contribution and extend the timeline to 30 months (2 yr 6 mo).,15057.25,0.9299,,Yes
CUST0808,52,Vehicle,Mixed,624443.0,26,115675.0,76400.0,39275.0,1300.0,39,0.3395,0.6605,37975.0,24017.04,1300.0,22717.04,0.0541,1.6353,481,16,True,AT_RISK,MEDIUM,INCREASE_CONTRIBUTION,"Increase the monthly goal contribution by ₹22,717 (to ₹24,017).","This uses 60% of the ₹37,975 surplus that is currently not invested, so no spending cut is strictly required.",Keep the current contribution and extend the timeline to 481 months (40 yr 1 mo).,10187.63,0.632,,Yes
CUST0809,57,Travel,Card,163502.0,18,102149.0,41800.0,60349.0,16400.0,43,0.5908,0.4092,43949.0,9083.44,16400.0,0.0,1.8055,6.6438,10,3,True,ON_TRACK,LOW,MAINTAIN,"Maintain the current ₹16,400 monthly investment.","It already covers the ₹9,083 required (181% coverage).","Optionally reach the goal in 3 months by directing the full ₹60,349 surplus to it.",0.0,0.9283,,Yes
CUST0810,56,Higher Education,UPI,993025.0,48,162372.0,137500.0,24872.0,19400.0,74,0.1532,0.8468,5472.0,20688.02,19400.0,1288.02,0.9377,1.2022,52,40,True,AT_RISK,MEDIUM,INCREASE_CONTRIBUTION,"Increase the monthly goal contribution by ₹1,288 (to ₹20,688).","This uses 24% of the ₹5,472 surplus that is currently not invested, so no spending cut is strictly required.",Keep the current contribution and extend the timeline to 52 months (4 yr 4 mo).,44558.27,0.1576,"Caution: although the gap is closable on paper, the ML model estimates only 17% likelihood of achievement for similar profiles in the dataset.",No
CUST0811,48,Travel,UPI,188217.0,4,126981.0,89000.0,37981.0,13800.0,31,0.2991,0.7009,24181.0,47054.25,13800.0,9073.25,0.2933,0.8072,14,5,False,NEEDS_ADJUSTMENT,HIGH,REDUCE_EXPENSES,"Cut monthly expenses by ₹9,073 (10.2% of spending) and invest the full surplus.","That exactly closes the shortfall within the original 4 months. It is well within a realistic cut: bringing the expense ratio down to the dataset median of 57.2% would free up to ₹16,316 a month.","Keep the 4-month timeline with a smaller target of about ₹1,51,924.",16316.08,0.8499,"Note: similar profiles achieved this kind of goal 88% of the time per the ML model, but the plan still needs adjustment on current numbers.",Yes
CUST0812,38,Travel,Mixed,163719.0,18,33044.0,21800.0,11244.0,5300.0,23,0.3403,0.6597,5944.0,9095.5,5300.0,3795.5,0.5827,1.2362,31,15,True,AT_RISK,MEDIUM,INCREASE_CONTRIBUTION,"Increase the monthly goal contribution by ₹3,796 (to ₹9,096).","This uses 64% of the ₹5,944 surplus that is currently not invested, so no spending cut is strictly required.",Keep the current contribution and extend the timeline to 31 months (2 yr 7 mo).,2885.61,0.5278,,No
CUST0813,31,Emergency Fund,UPI,72121.0,13,115692.0,59200.0,56492.0,6300.0,32,0.4883,0.5117,50192.0,5547.77,6300.0,0.0,1.1356,10.1828,12,2,True,ON_TRACK,LOW,MAINTAIN,"Maintain the current ₹6,300 monthly investment.","It already covers the ₹5,548 required (114% coverage).","Optionally reach the goal in 2 months by directing the full ₹56,492 surplus to it.",0.0,0.8699,,Yes
CUST0814,33,Home Purchase,Card,1047189.0,71,135177.0,95300.0,39877.0,13900.0,41,0.295,0.705,25977.0,14749.14,13900.0,849.14,0.9424,2.7037,76,27,True,AT_RISK,MEDIUM,INCREASE_CONTRIBUTION,"Increase the monthly goal contribution by ₹849 (to ₹14,749).","This uses 3% of the ₹25,977 surplus that is currently not invested, so no spending cut is strictly required.",Keep the current contribution and extend the timeline to 76 months (6 yr 4 mo).,17924.69,0.5016,,No
CUST0815,22,Travel,UPI,157698.0,4,112030.0,52700.0,59330.0,5900.0,43,0.5296,0.4704,53430.0,39424.5,5900.0,33524.5,0.1497,1.5049,27,3,True,AT_RISK,MEDIUM,INCREASE_CONTRIBUTION,"Increase the monthly goal contribution by ₹33,524 (to ₹39,424).","This uses 63% of the ₹53,430 surplus that is currently not invested, so no spending cut is strictly required.",Keep the current contribution and extend the timeline to 27 months (2 yr 3 mo).,0.0,0.8975,,Yes
CUST0816,42,Retirement,Wallet,4609364.0,131,107399.0,74100.0,33299.0,2100.0,28,0.31,0.69,31199.0,35185.98,2100.0,1886.98,0.0597,0.9464,2195,139,False,NEEDS_ADJUSTMENT,HIGH,REDUCE_EXPENSES,"Cut monthly expenses by ₹1,887 (2.5% of spending) and invest the full surplus.","That exactly closes the shortfall within the original 131 months. It is well within a realistic cut: bringing the expense ratio down to the dataset median of 57.2% would free up to ₹12,625 a month.","Keep the 131-month timeline with a smaller target of about ₹43,62,169.",12624.81,0.0034,,No
CUST0817,48,Home Purchase,UPI,2988830.0,70,100340.0,60300.0,40040.0,10900.0,26,0.399,0.601,29140.0,42697.57,10900.0,2657.57,0.2553,0.9378,275,75,False,NEEDS_ADJUSTMENT,HIGH,REDUCE_EXPENSES,"Cut monthly expenses by ₹2,658 (4.4% of spending) and invest the full surplus.","That exactly closes the shortfall within the original 70 months. It is well within a realistic cut: bringing the expense ratio down to the dataset median of 57.2% would free up to ₹2,865 a month.","Keep the 70-month timeline with a smaller target of about ₹28,02,800.",2865.38,0.1049,,No
CUST0818,44,Higher Education,UPI,903303.0,35,192595.0,76500.0,116095.0,9400.0,41,0.6028,0.3972,106695.0,25808.66,9400.0,16408.66,0.3642,4.4983,97,8,True,AT_RISK,MEDIUM,INCREASE_CONTRIBUTION,"Increase the monthly goal contribution by ₹16,409 (to ₹25,809).","This uses 15% of the ₹1,06,695 surplus that is currently not invested, so no spending cut is strictly required.",Keep the current contribution and extend the timeline to 97 months (8 yr 1 mo).,0.0,0.9413,,Yes
CUST0819,23,Travel,Wallet,188778.0,11,93084.0,68000.0,25084.0,9400.0,47,0.2695,0.7305,15684.0,17161.64,9400.0,7761.64,0.5477,1.4616,21,8,True,AT_RISK,MEDIUM,INCREASE_CONTRIBUTION,"Increase the monthly goal contribution by ₹7,762 (to ₹17,162).","This uses 49% of the ₹15,684 surplus that is currently not invested, so no spending cut is strictly required.",Keep the current contribution and extend the timeline to 21 months (1 yr 9 mo).,14718.72,0.5804,,Yes
CUST0820,25,Emergency Fund,Mixed,238959.0,10,81881.0,40700.0,41181.0,5700.0,38,0.5029,0.4971,35481.0,23895.9,5700.0,18195.9,0.2385,1.7234,42,6,True,AT_RISK,MEDIUM,INCREASE_CONTRIBUTION,"Increase the monthly goal contribution by ₹18,196 (to ₹23,896).","This uses 51% of the ₹35,481 surplus that is currently not invested, so no spending cut is strictly required.",Keep the current contribution and extend the timeline to 42 months (3 yr 6 mo).,0.0,0.7899,,No
CUST0821,55,Vehicle,UPI,608960.0,42,97626.0,53300.0,44326.0,1600.0,56,0.454,0.546,42726.0,14499.05,1600.0,12899.05,0.1104,3.0572,381,14,True,AT_RISK,MEDIUM,INCREASE_CONTRIBUTION,"Increase the monthly goal contribution by ₹12,899 (to ₹14,499).","This uses 30% of the ₹42,726 surplus that is currently not invested, so no spending cut is strictly required.",Keep the current contribution and extend the timeline to 381 months (31 yr 9 mo).,0.0,0.4032,,Yes
CUST0822,34,Emergency Fund,UPI,263008.0,13,80526.0,36800.0,43726.0,1100.0,34,0.543,0.457,42626.0,20231.38,1100.0,19131.38,0.0544,2.1613,240,7,True,AT_RISK,MEDIUM,INCREASE_CONTRIBUTION,"Increase the monthly goal contribution by ₹19,131 (to ₹20,231).","This uses 45% of the ₹42,626 surplus that is currently not invested, so no spending cut is strictly required.",Keep the current contribution and extend the timeline to 240 months (20 yr).,0.0,0.7812,,Yes
CUST0823,57,Home Purchase,Card,1740194.0,116,178492.0,59300.0,119192.0,7800.0,18,0.6678,0.3322,111392.0,15001.67,7800.0,7201.67,0.5199,7.9452,224,15,True,AT_RISK,MEDIUM,INCREASE_CONTRIBUTION,"Increase the monthly goal contribution by ₹7,202 (to ₹15,002).","This uses 6% of the ₹1,11,392 surplus that is currently not invested, so no spending cut is strictly required.",Keep the current contribution and extend the timeline to 224 months (18 yr 8 mo).,0.0,0.8958,,Yes
CUST0824,23,Emergency Fund,UPI,268621.0,8,78730.0,39100.0,39630.0,7900.0,35,0.5034,0.4966,31730.0,33577.62,7900.0,25677.62,0.2353,1.1803,35,7,True,AT_RISK,MEDIUM,INCREASE_CONTRIBUTION,"Increase the monthly goal contribution by ₹25,678 (to ₹33,578).","This uses 81% of the ₹31,730 surplus that is currently not invested, so no spending cut is strictly required.",Keep the current contribution and extend the timeline to 35 months (2 yr 11 mo).,0.0,0.8044,,Yes
CUST0825,42,Home Purchase,UPI,3662789.0,95,43472.0,19300.0,24172.0,5400.0,40,0.556,0.444,18772.0,38555.67,5400.0,14383.67,0.1401,0.6269,679,152,False,NEEDS_ADJUSTMENT,HIGH,EXTEND_TIMELINE,"Extend the timeline to 152 months (12 yr 8 mo) while investing the full ₹24,172 surplus.","Expenses are already at or below the dataset median ratio, so a longer timeline is the main lever.","Keep the 95-month timeline with a smaller target of about ₹22,96,340.",0.0,0.0087,,No
CUST0826,45,Retirement,UPI,3171789.0,81,98628.0,43300.0,55328.0,8800.0,46,0.561,0.439,46528.0,39157.89,8800.0,30357.89,0.2247,1.4129,361,58,True,AT_RISK,MEDIUM,INCREASE_CONTRIBUTION,"Increase the monthly goal contribution by ₹30,358 (to ₹39,158).","This uses 65% of the ₹46,528 surplus that is currently not invested, so no spending cut is strictly required.",Keep the current contribution and extend the timeline to 361 months (30 yr 1 mo).,0.0,0.0419,"Caution: although the gap is closable on paper, the ML model estimates only 5% likelihood of achievement for similar profiles in the dataset.",No
CUST0827,21,Home Purchase,Wallet,2483283.0,110,116446.0,29100.0,87346.0,9500.0,33,0.7501,0.2499,77846.0,22575.3,9500.0,13075.3,0.4208,3.8691,262,29,True,AT_RISK,MEDIUM,INCREASE_CONTRIBUTION,"Increase the monthly goal contribution by ₹13,075 (to ₹22,575).","This uses 17% of the ₹77,846 surplus that is currently not invested, so no spending cut is strictly required.",Keep the current contribution and extend the timeline to 262 months (21 yr 10 mo).,0.0,0.5244,,Yes
CUST0828,45,Retirement,Wallet,7417472.0,154,31176.0,20100.0,11076.0,2400.0,23,0.3553,0.6447,8676.0,48165.4,2400.0,37089.4,0.0498,0.23,3091,670,False,NEEDS_ADJUSTMENT,HIGH,COMBINED,"Cut expenses by ₹2,255 (11%) and extend the timeline to 557 months (46 yr 5 mo).","A realistic expense cut alone does not close the ₹37,089 gap, so it is combined with a longer timeline.","Keep the 154-month timeline with a smaller target of about ₹17,05,704.",2254.86,0.0001,,No
CUST0829,38,Vehicle,UPI,226054.0,54,118082.0,71000.0,47082.0,23000.0,30,0.3987,0.6013,24082.0,4186.19,23000.0,0.0,5.4943,11.247,10,5,True,ON_TRACK,LOW,MAINTAIN,"Maintain the current ₹23,000 monthly investment.","It already covers the ₹4,186 required (549% coverage).","Optionally reach the goal in 5 months by directing the full ₹47,082 surplus to it.",3409.86,0.8751,,Yes
CUST0830,24,Emergency Fund,UPI,178155.0,12,50768.0,26200.0,24568.0,4300.0,66,0.4839,0.5161,20268.0,14846.25,4300.0,10546.25,0.2896,1.6548,42,8,True,AT_RISK,MEDIUM,INCREASE_CONTRIBUTION,"Increase the monthly goal contribution by ₹10,546 (to ₹14,846).","This uses 52% of the ₹20,268 surplus that is currently not invested, so no spending cut is strictly required.",Keep the current contribution and extend the timeline to 42 months (3 yr 6 mo).,0.0,0.3182,"Caution: although the gap is closable on paper, the ML model estimates only 27% likelihood of achievement for similar profiles in the dataset.",No
CUST0831,37,Travel,UPI,252002.0,13,70706.0,31700.0,39006.0,13000.0,47,0.5517,0.4483,26006.0,19384.77,13000.0,6384.77,0.6706,2.0122,20,7,True,AT_RISK,MEDIUM,INCREASE_CONTRIBUTION,"Increase the monthly goal contribution by ₹6,385 (to ₹19,385).","This uses 25% of the ₹26,006 surplus that is currently not invested, so no spending cut is strictly required.",Keep the current contribution and extend the timeline to 20 months (1 yr 8 mo).,0.0,0.6923,,Yes
CUST0832,28,Retirement,UPI,2160849.0,63,125022.0,84100.0,40922.0,11100.0,58,0.3273,0.6727,29822.0,34299.19,11100.0,23199.19,0.3236,1.1931,195,53,True,AT_RISK,MEDIUM,INCREASE_CONTRIBUTION,"Increase the monthly goal contribution by ₹23,199 (to ₹34,299).","This uses 78% of the ₹29,822 surplus that is currently not invested, so no spending cut is strictly required.",Keep the current contribution and extend the timeline to 195 months (16 yr 3 mo).,12537.41,0.0534,"Caution: although the gap is closable on paper, the ML model estimates only 6% likelihood of achievement for similar profiles in the dataset.",No
CUST0833,24,Home Purchase,UPI,2519489.0,108,139744.0,62800.0,76944.0,5600.0,31,0.5506,0.4494,71344.0,23328.6,5600.0,17728.6,0.24,3.2983,450,33,True,AT_RISK,MEDIUM,INCREASE_CONTRIBUTION,"Increase the monthly goal contribution by ₹17,729 (to ₹23,329).","This uses 25% of the ₹71,344 surplus that is currently not invested, so no spending cut is strictly required.",Keep the current contribution and extend the timeline to 450 months (37 yr 6 mo).,0.0,0.2809,,No
CUST0834,38,Home Purchase,Card,4411906.0,34,118080.0,50500.0,67580.0,2400.0,12,0.5723,0.4277,65180.0,129761.94,2400.0,62181.94,0.0185,0.5208,1839,66,False,NEEDS_ADJUSTMENT,HIGH,EXTEND_TIMELINE,"Extend the timeline to 66 months (5 yr 6 mo) while investing the full ₹67,580 surplus.","Expenses are already at or below the dataset median ratio, so a longer timeline is the main lever.","Keep the 34-month timeline with a smaller target of about ₹22,97,720.",0.0,0.086,,No
CUST0835,37,Higher Education,UPI,170233.0,39,183735.0,59100.0,124635.0,32300.0,70,0.6783,0.3217,92335.0,4364.95,32300.0,0.0,7.3999,28.5536,6,2,True,ON_TRACK,LOW,MAINTAIN,"Maintain the current ₹32,300 monthly investment.","It already covers the ₹4,365 required (740% coverage).","Optionally reach the goal in 2 months by directing the full ₹1,24,635 surplus to it.",0.0,0.9774,,Yes
CUST0836,44,Home Purchase,Wallet,2127275.0,56,23637.0,18100.0,5537.0,4000.0,33,0.2343,0.7657,1537.0,37987.05,4000.0,32450.05,0.1053,0.1458,532,385,False,NEEDS_ADJUSTMENT,HIGH,COMBINED,"Cut expenses by ₹4,570 (25%) and extend the timeline to 211 months (17 yr 7 mo).","A realistic expense cut alone does not close the ₹32,450 gap, so it is combined with a longer timeline.","Keep the 56-month timeline with a smaller target of about ₹3,10,072.",4570.18,0.0152,,No
CUST0837,43,Higher Education,Mixed,400311.0,38,20883.0,10500.0,10383.0,1300.0,9,0.4972,0.5028,9083.0,10534.5,1300.0,151.5,0.1234,0.9856,308,39,False,NEEDS_ADJUSTMENT,HIGH,EXTEND_TIMELINE,"Extend the timeline to 39 months (3 yr 3 mo) while investing the full ₹10,383 surplus.","Expenses are already at or below the dataset median ratio, so a longer timeline is the main lever.","Keep the 38-month timeline with a smaller target of about ₹3,94,554.",0.0,0.5597,,Yes
CUST0838,30,Emergency Fund,UPI,162745.0,17,93647.0,64000.0,29647.0,16100.0,51,0.3166,0.6834,13547.0,9573.24,16100.0,0.0,1.6818,3.0969,11,6,True,ON_TRACK,LOW,MAINTAIN,"Maintain the current ₹16,100 monthly investment.","It already covers the ₹9,573 required (168% coverage).","Optionally reach the goal in 6 months by directing the full ₹29,647 surplus to it.",10396.46,0.5385,,Yes
CUST0839,54,Retirement,Mixed,3358317.0,130,183721.0,113900.0,69821.0,27500.0,31,0.38,0.62,42321.0,25833.21,27500.0,0.0,1.0645,2.7028,123,49,True,ON_TRACK,LOW,MAINTAIN,"Maintain the current ₹27,500 monthly investment.","It already covers the ₹25,833 required (106% coverage).","Optionally reach the goal in 49 months (4 yr 1 mo) by directing the full ₹69,821 surplus to it.",8738.1,0.256,"Caution: the ML model estimates only 30% likelihood of achievement for similar profiles, despite the arithmetic being on track.",No
CUST0840,53,Home Purchase,Mixed,1082181.0,109,162588.0,61200.0,101388.0,1900.0,38,0.6236,0.3764,99488.0,9928.27,1900.0,8028.27,0.1914,10.2121,570,11,True,AT_RISK,MEDIUM,INCREASE_CONTRIBUTION,"Increase the monthly goal contribution by ₹8,028 (to ₹9,928).","This uses 8% of the ₹99,488 surplus that is currently not invested, so no spending cut is strictly required.",Keep the current contribution and extend the timeline to 570 months (47 yr 6 mo).,0.0,0.8468,,Yes
CUST0841,51,Home Purchase,Card,4783587.0,27,136514.0,80300.0,56214.0,23500.0,5,0.4118,0.5882,32714.0,177169.89,23500.0,120955.89,0.1326,0.3173,204,86,False,NEEDS_ADJUSTMENT,HIGH,COMBINED,"Cut expenses by ₹2,159 (3%) and extend the timeline to 82 months (6 yr 10 mo).","A realistic expense cut alone does not close the ₹1,20,956 gap, so it is combined with a longer timeline.","Keep the 27-month timeline with a smaller target of about ₹15,17,778.",2159.39,0.1319,,No
CUST0842,29,Retirement,Mixed,4854593.0,110,44846.0,26700.0,18146.0,6300.0,37,0.4046,0.5954,11846.0,44132.66,6300.0,25986.66,0.1428,0.4112,771,268,False,NEEDS_ADJUSTMENT,HIGH,COMBINED,"Cut expenses by ₹1,030 (4%) and extend the timeline to 254 months (21 yr 2 mo).","A realistic expense cut alone does not close the ₹25,987 gap, so it is combined with a longer timeline.","Keep the 110-month timeline with a smaller target of about ₹19,96,060.",1030.15,0.0006,,No
CUST0843,56,Travel,Card,162493.0,10,76909.0,54800.0,22109.0,13700.0,39,0.2875,0.7125,8409.0,16249.3,13700.0,2549.3,0.8431,1.3606,12,8,True,AT_RISK,MEDIUM,INCREASE_CONTRIBUTION,"Increase the monthly goal contribution by ₹2,549 (to ₹16,249).","This uses 30% of the ₹8,409 surplus that is currently not invested, so no spending cut is strictly required.",Keep the current contribution and extend the timeline to 12 months (1 yr).,10777.29,0.6607,,Yes
CUST0844,29,Retirement,UPI,2026924.0,144,89857.0,49200.0,40657.0,15400.0,61,0.4525,0.5475,25257.0,14075.86,15400.0,0.0,1.0941,2.8884,132,50,True,ON_TRACK,LOW,MAINTAIN,"Maintain the current ₹15,400 monthly investment.","It already covers the ₹14,076 required (109% coverage).","Optionally reach the goal in 50 months (4 yr 2 mo) by directing the full ₹40,657 surplus to it.",0.0,0.0867,"Caution: the ML model estimates only 8% likelihood of achievement for similar profiles, despite the arithmetic being on track.",No
CUST0845,43,Higher Education,Card,198404.0,27,89954.0,52500.0,37454.0,2900.0,38,0.4164,0.5836,34554.0,7348.3,2900.0,4448.3,0.3946,5.097,69,6,True,AT_RISK,MEDIUM,INCREASE_CONTRIBUTION,"Increase the monthly goal contribution by ₹4,448 (to ₹7,348).","This uses 13% of the ₹34,554 surplus that is currently not invested, so no spending cut is strictly required.",Keep the current contribution and extend the timeline to 69 months (5 yr 9 mo).,1010.33,0.714,,Yes
CUST0846,39,Travel,Mixed,261928.0,11,187469.0,95300.0,92169.0,6300.0,72,0.4916,0.5084,85869.0,23811.64,6300.0,17511.64,0.2646,3.8708,42,3,True,AT_RISK,MEDIUM,INCREASE_CONTRIBUTION,"Increase the monthly goal contribution by ₹17,512 (to ₹23,812).","This uses 20% of the ₹85,869 surplus that is currently not invested, so no spending cut is strictly required.",Keep the current contribution and extend the timeline to 42 months (3 yr 6 mo).,0.0,0.8903,,Yes
CUST0847,36,Home Purchase,UPI,2910534.0,42,104014.0,61000.0,43014.0,6300.0,5,0.4135,0.5865,36714.0,69298.43,6300.0,26284.43,0.0909,0.6207,462,68,False,NEEDS_ADJUSTMENT,HIGH,COMBINED,"Cut expenses by ₹1,462 (2%) and extend the timeline to 66 months (5 yr 6 mo).","A realistic expense cut alone does not close the ₹26,284 gap, so it is combined with a longer timeline.","Keep the 42-month timeline with a smaller target of about ₹18,06,588.",1462.39,0.1666,,No
CUST0848,31,Retirement,Mixed,2987312.0,141,174345.0,101100.0,73245.0,29800.0,17,0.4201,0.5799,43445.0,21186.61,29800.0,0.0,1.4065,3.4571,101,41,True,ON_TRACK,LOW,MAINTAIN,"Maintain the current ₹29,800 monthly investment.","It already covers the ₹21,187 required (141% coverage).","Optionally reach the goal in 41 months (3 yr 5 mo) by directing the full ₹73,245 surplus to it.",1304.92,0.5016,,Yes
CUST0849,44,Home Purchase,UPI,3196177.0,110,137978.0,72600.0,65378.0,25400.0,53,0.4738,0.5262,39978.0,29056.15,25400.0,3656.15,0.8742,2.2501,126,49,True,AT_RISK,MEDIUM,INCREASE_CONTRIBUTION,"Increase the monthly goal contribution by ₹3,656 (to ₹29,056).","This uses 9% of the ₹39,978 surplus that is currently not invested, so no spending cut is strictly required.",Keep the current contribution and extend the timeline to 126 months (10 yr 6 mo).,0.0,0.0973,"Caution: although the gap is closable on paper, the ML model estimates only 9% likelihood of achievement for similar profiles in the dataset.",No
CUST0850,44,Travel,UPI,103805.0,10,79648.0,57700.0,21948.0,11400.0,44,0.2756,0.7244,10548.0,10380.5,11400.0,0.0,1.0982,2.1143,10,5,True,ON_TRACK,LOW,MAINTAIN,"Maintain the current ₹11,400 monthly investment.","It already covers the ₹10,380 required (110% coverage).","Optionally reach the goal in 5 months by directing the full ₹21,948 surplus to it.",12109.48,0.6102,,Yes
CUST0851,48,Travel,UPI,212105.0,3,69398.0,33000.0,36398.0,6800.0,28,0.5245,0.4755,29598.0,70701.67,6800.0,34303.67,0.0962,0.5148,32,6,False,NEEDS_ADJUSTMENT,HIGH,EXTEND_TIMELINE,"Extend the timeline to 6 months while investing the full ₹36,398 surplus.","Expenses are already at or below the dataset median ratio, so a longer timeline is the main lever.","Keep the 3-month timeline with a smaller target of about ₹1,09,194.",0.0,0.8623,"Note: similar profiles achieved this kind of goal 86% of the time per the ML model, but the plan still needs adjustment on current numbers.",Yes
CUST0852,43,Travel,Mixed,156036.0,11,180382.0,166000.0,14382.0,4400.0,79,0.0797,0.9203,9982.0,14185.09,4400.0,9785.09,0.3102,1.0139,36,11,True,AT_RISK,MEDIUM,INCREASE_CONTRIBUTION,"Increase the monthly goal contribution by ₹9,785 (to ₹14,185).","This uses 98% of the ₹9,982 surplus that is currently not invested, so no spending cut is strictly required.",Keep the current contribution and extend the timeline to 36 months (3 yr).,62749.34,0.4175,,Yes
CUST0853,24,Vehicle,Card,528724.0,27,188375.0,110300.0,78075.0,23100.0,22,0.4145,0.5855,54975.0,19582.37,23100.0,0.0,1.1796,3.987,23,7,True,ON_TRACK,LOW,MAINTAIN,"Maintain the current ₹23,100 monthly investment.","It already covers the ₹19,582 required (118% coverage).","Optionally reach the goal in 7 months by directing the full ₹78,075 surplus to it.",2474.15,0.9811,,Yes
CUST0854,30,Retirement,UPI,1430612.0,95,143356.0,51200.0,92156.0,26900.0,44,0.6428,0.3572,65256.0,15059.07,26900.0,0.0,1.7863,6.1196,54,16,True,ON_TRACK,LOW,MAINTAIN,"Maintain the current ₹26,900 monthly investment.","It already covers the ₹15,059 required (179% coverage).","Optionally reach the goal in 16 months (1 yr 4 mo) by directing the full ₹92,156 surplus to it.",0.0,0.7917,,Yes
CUST0855,48,Emergency Fund,UPI,217055.0,11,111253.0,50000.0,61253.0,4200.0,55,0.5506,0.4494,57053.0,19732.27,4200.0,15532.27,0.2128,3.1042,52,4,True,AT_RISK,MEDIUM,INCREASE_CONTRIBUTION,"Increase the monthly goal contribution by ₹15,532 (to ₹19,732).","This uses 27% of the ₹57,053 surplus that is currently not invested, so no spending cut is strictly required.",Keep the current contribution and extend the timeline to 52 months (4 yr 4 mo).,0.0,0.7361,,Yes
CUST0856,38,Higher Education,Mixed,943826.0,18,151180.0,96700.0,54480.0,12800.0,60,0.3604,0.6396,41680.0,52434.78,12800.0,39634.78,0.2441,1.039,74,18,True,AT_RISK,MEDIUM,INCREASE_CONTRIBUTION,"Increase the monthly goal contribution by ₹39,635 (to ₹52,435).","This uses 95% of the ₹41,680 surplus that is currently not invested, so no spending cut is strictly required.",Keep the current contribution and extend the timeline to 74 months (6 yr 2 mo).,10164.57,0.4871,,No
CUST0857,58,Higher Education,Mixed,196051.0,13,78192.0,46400.0,31792.0,3700.0,36,0.4066,0.5934,28092.0,15080.85,3700.0,11380.85,0.2453,2.1081,53,7,True,AT_RISK,MEDIUM,INCREASE_CONTRIBUTION,"Increase the monthly goal contribution by ₹11,381 (to ₹15,081).","This uses 41% of the ₹28,092 surplus that is currently not invested, so no spending cut is strictly required.",Keep the current contribution and extend the timeline to 53 months (4 yr 5 mo).,1642.9,0.6141,,Yes
CUST0858,56,Vehicle,UPI,995478.0,40,69411.0,38300.0,31111.0,5000.0,68,0.4482,0.5518,26111.0,24886.95,5000.0,19886.95,0.2009,1.2501,200,32,True,AT_RISK,MEDIUM,INCREASE_CONTRIBUTION,"Increase the monthly goal contribution by ₹19,887 (to ₹24,887).","This uses 76% of the ₹26,111 surplus that is currently not invested, so no spending cut is strictly required.",Keep the current contribution and extend the timeline to 200 months (16 yr 8 mo).,0.0,0.0823,"Caution: although the gap is closable on paper, the ML model estimates only 10% likelihood of achievement for similar profiles in the dataset.",No
CUST0859,27,Retirement,Mixed,2876725.0,177,144085.0,74200.0,69885.0,4700.0,25,0.485,0.515,65185.0,16252.68,4700.0,11552.68,0.2892,4.2999,613,42,True,AT_RISK,MEDIUM,INCREASE_CONTRIBUTION,"Increase the monthly goal contribution by ₹11,553 (to ₹16,253).","This uses 18% of the ₹65,185 surplus that is currently not invested, so no spending cut is strictly required.",Keep the current contribution and extend the timeline to 613 months (51 yr 1 mo).,0.0,0.1786,"Caution: although the gap is closable on paper, the ML model estimates only 28% likelihood of achievement for similar profiles in the dataset.",Yes
CUST0860,48,Emergency Fund,UPI,126688.0,21,29241.0,20900.0,8341.0,2600.0,56,0.2853,0.7147,5741.0,6032.76,2600.0,3432.76,0.431,1.3826,49,16,True,AT_RISK,MEDIUM,INCREASE_CONTRIBUTION,"Increase the monthly goal contribution by ₹3,433 (to ₹6,033).","This uses 60% of the ₹5,741 surplus that is currently not invested, so no spending cut is strictly required.",Keep the current contribution and extend the timeline to 49 months (4 yr 1 mo).,4162.45,0.1388,"Caution: although the gap is closable on paper, the ML model estimates only 13% likelihood of achievement for similar profiles in the dataset.",No
CUST0861,36,Travel,UPI,48367.0,18,22380.0,11800.0,10580.0,1100.0,56,0.4727,0.5273,9480.0,2687.06,1100.0,1587.06,0.4094,3.9374,44,5,True,AT_RISK,MEDIUM,INCREASE_CONTRIBUTION,"Increase the monthly goal contribution by ₹1,587 (to ₹2,687).","This uses 17% of the ₹9,480 surplus that is currently not invested, so no spending cut is strictly required.",Keep the current contribution and extend the timeline to 44 months (3 yr 8 mo).,0.0,0.2664,"Caution: although the gap is closable on paper, the ML model estimates only 28% likelihood of achievement for similar profiles in the dataset.",Yes
CUST0862,33,Emergency Fund,UPI,273413.0,20,182099.0,88600.0,93499.0,16000.0,67,0.5135,0.4865,77499.0,13670.65,16000.0,0.0,1.1704,6.8394,18,3,True,ON_TRACK,LOW,MAINTAIN,"Maintain the current ₹16,000 monthly investment.","It already covers the ₹13,671 required (117% coverage).","Optionally reach the goal in 3 months by directing the full ₹93,499 surplus to it.",0.0,0.8744,,Yes
CUST0863,30,Emergency Fund,UPI,206908.0,10,178507.0,117600.0,60907.0,26000.0,10,0.3412,0.6588,34907.0,20690.8,26000.0,0.0,1.2566,2.9437,8,4,True,ON_TRACK,LOW,MAINTAIN,"Maintain the current ₹26,000 monthly investment.","It already covers the ₹20,691 required (126% coverage).","Optionally reach the goal in 4 months by directing the full ₹60,907 surplus to it.",15422.59,0.9851,,Yes
CUST0864,44,Travel,UPI,272683.0,3,85076.0,31000.0,54076.0,15600.0,21,0.6356,0.3644,38476.0,90894.33,15600.0,36818.33,0.1716,0.5949,18,6,False,NEEDS_ADJUSTMENT,HIGH,EXTEND_TIMELINE,"Extend the timeline to 6 months while investing the full ₹54,076 surplus.","Expenses are already at or below the dataset median ratio, so a longer timeline is the main lever.","Keep the 3-month timeline with a smaller target of about ₹1,62,228.",0.0,0.9478,"Note: similar profiles achieved this kind of goal 95% of the time per the ML model, but the plan still needs adjustment on current numbers.",Yes
CUST0865,45,Higher Education,Card,423248.0,34,58068.0,28800.0,29268.0,5100.0,39,0.504,0.496,24168.0,12448.47,5100.0,7348.47,0.4097,2.3511,83,15,True,AT_RISK,MEDIUM,INCREASE_CONTRIBUTION,"Increase the monthly goal contribution by ₹7,348 (to ₹12,448).","This uses 30% of the ₹24,168 surplus that is currently not invested, so no spending cut is strictly required.",Keep the current contribution and extend the timeline to 83 months (6 yr 11 mo).,0.0,0.4128,,No
CUST0866,36,Home Purchase,UPI,3010774.0,96,85268.0,48000.0,37268.0,6600.0,39,0.4371,0.5629,30668.0,31362.23,6600.0,24762.23,0.2104,1.1883,457,81,True,AT_RISK,MEDIUM,INCREASE_CONTRIBUTION,"Increase the monthly goal contribution by ₹24,762 (to ₹31,362).","This uses 81% of the ₹30,668 surplus that is currently not invested, so no spending cut is strictly required.",Keep the current contribution and extend the timeline to 457 months (38 yr 1 mo).,0.0,0.0261,"Caution: although the gap is closable on paper, the ML model estimates only 3% likelihood of achievement for similar profiles in the dataset.",No
CUST0867,42,Emergency Fund,UPI,290572.0,24,132603.0,59100.0,73503.0,8400.0,20,0.5543,0.4457,65103.0,12107.17,8400.0,3707.17,0.6938,6.071,35,4,True,AT_RISK,MEDIUM,INCREASE_CONTRIBUTION,"Increase the monthly goal contribution by ₹3,707 (to ₹12,107).","This uses 6% of the ₹65,103 surplus that is currently not invested, so no spending cut is strictly required.",Keep the current contribution and extend the timeline to 35 months (2 yr 11 mo).,0.0,0.9452,,Yes
CUST0868,34,Emergency Fund,UPI,117661.0,9,19316.0,16600.0,2716.0,1700.0,71,0.1406,0.8594,1016.0,13073.44,1700.0,10357.44,0.13,0.2077,70,44,False,NEEDS_ADJUSTMENT,HIGH,COMBINED,"Cut expenses by ₹5,544 (33%) and extend the timeline to 15 months (1 yr 3 mo).","A realistic expense cut alone does not close the ₹10,357 gap, so it is combined with a longer timeline. High impulse spending suggests discretionary spending is the place to start.","Keep the 9-month timeline with a smaller target of about ₹24,444.",5543.52,0.0231,,No
CUST0869,47,Travel,Wallet,290860.0,9,85800.0,48600.0,37200.0,5600.0,42,0.4336,0.5664,31600.0,32317.78,5600.0,26717.78,0.1733,1.1511,52,8,True,AT_RISK,MEDIUM,INCREASE_CONTRIBUTION,"Increase the monthly goal contribution by ₹26,718 (to ₹32,318).","This uses 85% of the ₹31,600 surplus that is currently not invested, so no spending cut is strictly required.",Keep the current contribution and extend the timeline to 52 months (4 yr 4 mo).,0.0,0.5984,,Yes
CUST0870,41,Emergency Fund,UPI,107121.0,16,110160.0,42800.0,67360.0,18000.0,48,0.6115,0.3885,49360.0,6695.06,18000.0,0.0,2.6885,10.0611,6,2,True,ON_TRACK,LOW,MAINTAIN,"Maintain the current ₹18,000 monthly investment.","It already covers the ₹6,695 required (269% coverage).","Optionally reach the goal in 2 months by directing the full ₹67,360 surplus to it.",0.0,0.9212,,Yes
CUST0871,38,Home Purchase,UPI,2254641.0,98,155903.0,84600.0,71303.0,15600.0,44,0.4574,0.5426,55703.0,23006.54,15600.0,7406.54,0.6781,3.0992,145,32,True,AT_RISK,MEDIUM,INCREASE_CONTRIBUTION,"Increase the monthly goal contribution by ₹7,407 (to ₹23,007).","This uses 13% of the ₹55,703 surplus that is currently not invested, so no spending cut is strictly required.",Keep the current contribution and extend the timeline to 145 months (12 yr 1 mo).,0.0,0.4458,,Yes
CUST0872,35,Higher Education,UPI,465163.0,24,87120.0,46100.0,41020.0,5600.0,30,0.4708,0.5292,35420.0,19381.79,5600.0,13781.79,0.2889,2.1164,84,12,True,AT_RISK,MEDIUM,INCREASE_CONTRIBUTION,"Increase the monthly goal contribution by ₹13,782 (to ₹19,382).","This uses 39% of the ₹35,420 surplus that is currently not invested, so no spending cut is strictly required.",Keep the current contribution and extend the timeline to 84 months (7 yr).,0.0,0.7316,,Yes
CUST0873,60,Retirement,Card,2188211.0,144,91814.0,43300.0,48514.0,13500.0,37,0.5284,0.4716,35014.0,15195.91,13500.0,1695.91,0.8884,3.1926,163,46,True,AT_RISK,MEDIUM,INCREASE_CONTRIBUTION,"Increase the monthly goal contribution by ₹1,696 (to ₹15,196).","This uses 5% of the ₹35,014 surplus that is currently not invested, so no spending cut is strictly required.",Keep the current contribution and extend the timeline to 163 months (13 yr 7 mo).,0.0,0.1453,"Caution: although the gap is closable on paper, the ML model estimates only 16% likelihood of achievement for similar profiles in the dataset.",No
CUST0874,42,Higher Education,UPI,624358.0,29,106096.0,69700.0,36396.0,6700.0,33,0.343,0.657,29696.0,21529.59,6700.0,14829.59,0.3112,1.6905,94,18,True,AT_RISK,MEDIUM,INCREASE_CONTRIBUTION,"Increase the monthly goal contribution by ₹14,830 (to ₹21,530).","This uses 50% of the ₹29,696 surplus that is currently not invested, so no spending cut is strictly required.",Keep the current contribution and extend the timeline to 94 months (7 yr 10 mo).,8970.65,0.7177,,Yes
CUST0875,47,Emergency Fund,Wallet,211963.0,14,123798.0,81300.0,42498.0,4000.0,33,0.3433,0.6567,38498.0,15140.21,4000.0,11140.21,0.2642,2.807,53,5,True,AT_RISK,MEDIUM,INCREASE_CONTRIBUTION,"Increase the monthly goal contribution by ₹11,140 (to ₹15,140).","This uses 29% of the ₹38,498 surplus that is currently not invested, so no spending cut is strictly required.",Keep the current contribution and extend the timeline to 53 months (4 yr 5 mo).,10438.02,0.7658,,Yes
CUST0876,32,Travel,UPI,292216.0,13,146281.0,82500.0,63781.0,4900.0,26,0.436,0.564,58881.0,22478.15,4900.0,17578.15,0.218,2.8375,60,5,True,AT_RISK,MEDIUM,INCREASE_CONTRIBUTION,"Increase the monthly goal contribution by ₹17,578 (to ₹22,478).","This uses 30% of the ₹58,881 surplus that is currently not invested, so no spending cut is strictly required.",Keep the current contribution and extend the timeline to 60 months (5 yr).,0.0,0.9243,,No
CUST0877,57,Vehicle,UPI,372343.0,19,168284.0,107200.0,61084.0,28400.0,20,0.363,0.637,32684.0,19597.0,28400.0,0.0,1.4492,3.117,14,7,True,ON_TRACK,LOW,MAINTAIN,"Maintain the current ₹28,400 monthly investment.","It already covers the ₹19,597 required (145% coverage).","Optionally reach the goal in 7 months by directing the full ₹61,084 surplus to it.",10874.24,0.9782,,Yes
CUST0878,34,Home Purchase,UPI,2282086.0,96,175387.0,154200.0,21187.0,22200.0,34,0.1208,0.8792,0.0,23771.73,21187.0,2584.73,0.8913,0.8913,108,108,False,NEEDS_ADJUSTMENT,HIGH,REDUCE_EXPENSES,"Cut monthly expenses by ₹2,585 (1.7% of spending) and invest the full surplus.","That exactly closes the shortfall within the original 96 months. It is well within a realistic cut: bringing the expense ratio down to the dataset median of 57.2% would free up to ₹53,808 a month.","Keep the 96-month timeline with a smaller target of about ₹20,33,952.",53808.48,0.2301,,No
CUST0879,33,Travel,Mixed,229633.0,17,137442.0,82200.0,55242.0,19500.0,62,0.4019,0.5981,35742.0,13507.82,19500.0,0.0,1.4436,4.0896,12,5,True,ON_TRACK,LOW,MAINTAIN,"Maintain the current ₹19,500 monthly investment.","It already covers the ₹13,508 required (144% coverage).","Optionally reach the goal in 5 months by directing the full ₹55,242 surplus to it.",3528.2,0.8553,,No
CUST0880,49,Higher Education,Card,242486.0,17,42031.0,22400.0,19631.0,3600.0,53,0.4671,0.5329,16031.0,14263.88,3600.0,10663.88,0.2524,1.3763,68,13,True,AT_RISK,MEDIUM,INCREASE_CONTRIBUTION,"Increase the monthly goal contribution by ₹10,664 (to ₹14,264).","This uses 67% of the ₹16,031 surplus that is currently not invested, so no spending cut is strictly required.",Keep the current contribution and extend the timeline to 68 months (5 yr 8 mo).,0.0,0.2261,"Caution: although the gap is closable on paper, the ML model estimates only 23% likelihood of achievement for similar profiles in the dataset.",No
CUST0881,24,Retirement,UPI,4762407.0,180,142811.0,84200.0,58611.0,16800.0,26,0.4104,0.5896,41811.0,26457.82,16800.0,9657.82,0.635,2.2153,284,82,True,AT_RISK,MEDIUM,INCREASE_CONTRIBUTION,"Increase the monthly goal contribution by ₹9,658 (to ₹26,458).","This uses 23% of the ₹41,811 surplus that is currently not invested, so no spending cut is strictly required.",Keep the current contribution and extend the timeline to 284 months (23 yr 8 mo).,2454.98,0.0299,"Caution: although the gap is closable on paper, the ML model estimates only 3% likelihood of achievement for similar profiles in the dataset.",No
CUST0882,29,Vehicle,Card,685089.0,60,94929.0,61500.0,33429.0,2900.0,56,0.3521,0.6479,30529.0,11418.15,2900.0,8518.15,0.254,2.9277,237,21,True,AT_RISK,MEDIUM,INCREASE_CONTRIBUTION,"Increase the monthly goal contribution by ₹8,518 (to ₹11,418).","This uses 28% of the ₹30,529 surplus that is currently not invested, so no spending cut is strictly required.",Keep the current contribution and extend the timeline to 237 months (19 yr 9 mo).,7162.64,0.314,,No
CUST0883,33,Retirement,UPI,1964972.0,54,52836.0,35900.0,16936.0,4600.0,56,0.3205,0.6795,12336.0,36388.37,4600.0,19452.37,0.1264,0.4654,428,117,False,NEEDS_ADJUSTMENT,HIGH,COMBINED,"Cut expenses by ₹5,657 (16%) and extend the timeline to 87 months (7 yr 3 mo).","A realistic expense cut alone does not close the ₹19,452 gap, so it is combined with a longer timeline. High impulse spending suggests discretionary spending is the place to start.","Keep the 54-month timeline with a smaller target of about ₹9,14,544.",5656.67,0.0167,,No
CUST0884,28,Retirement,Wallet,1407659.0,164,195650.0,142900.0,52750.0,4500.0,53,0.2696,0.7304,48250.0,8583.29,4500.0,4083.29,0.5243,6.1457,313,27,True,AT_RISK,MEDIUM,INCREASE_CONTRIBUTION,"Increase the monthly goal contribution by ₹4,083 (to ₹8,583).","This uses 8% of the ₹48,250 surplus that is currently not invested, so no spending cut is strictly required.",Keep the current contribution and extend the timeline to 313 months (26 yr 1 mo).,30909.94,0.5941,,No
CUST0885,36,Retirement,Mixed,4578214.0,153,86491.0,55800.0,30691.0,5300.0,54,0.3548,0.6452,25391.0,29922.97,5300.0,24622.97,0.1771,1.0257,864,150,True,AT_RISK,MEDIUM,INCREASE_CONTRIBUTION,"Increase the monthly goal contribution by ₹24,623 (to ₹29,923).","This uses 97% of the ₹25,391 surplus that is currently not invested, so no spending cut is strictly required.",Keep the current contribution and extend the timeline to 864 months (72 yr).,6292.55,0.0011,"Caution: although the gap is closable on paper, the ML model estimates only 0% likelihood of achievement for similar profiles in the dataset.",No
CUST0886,32,Travel,Mixed,57528.0,4,192406.0,146100.0,46306.0,13400.0,71,0.2407,0.7593,32906.0,14382.0,13400.0,982.0,0.9317,3.2197,5,2,True,AT_RISK,MEDIUM,INCREASE_CONTRIBUTION,"Increase the monthly goal contribution by ₹982 (to ₹14,382).","This uses 3% of the ₹32,906 surplus that is currently not invested, so no spending cut is strictly required.",Keep the current contribution and extend the timeline to 5 months.,35966.81,0.8431,,No
CUST0887,35,Vehicle,Wallet,416840.0,46,38956.0,26800.0,12156.0,3800.0,59,0.312,0.688,8356.0,9061.74,3800.0,5261.74,0.4193,1.3415,110,35,True,AT_RISK,MEDIUM,INCREASE_CONTRIBUTION,"Increase the monthly goal contribution by ₹5,262 (to ₹9,062).","This uses 63% of the ₹8,356 surplus that is currently not invested, so no spending cut is strictly required.",Keep the current contribution and extend the timeline to 110 months (9 yr 2 mo).,4501.59,0.1093,"Caution: although the gap is closable on paper, the ML model estimates only 11% likelihood of achievement for similar profiles in the dataset.",No
CUST0888,35,Home Purchase,UPI,4146229.0,105,60691.0,48000.0,12691.0,5600.0,27,0.2091,0.7909,7091.0,39487.9,5600.0,26796.9,0.1418,0.3214,741,327,False,NEEDS_ADJUSTMENT,HIGH,COMBINED,"Cut expenses by ₹13,260 (28%) and extend the timeline to 160 months (13 yr 4 mo).","A realistic expense cut alone does not close the ₹26,797 gap, so it is combined with a longer timeline.","Keep the 105-month timeline with a smaller target of about ₹13,32,555.",13260.47,0.0046,,No
CUST0889,40,Retirement,UPI,6921367.0,58,64563.0,18900.0,45663.0,8500.0,52,0.7073,0.2927,37163.0,119333.91,8500.0,73670.91,0.0712,0.3826,815,152,False,NEEDS_ADJUSTMENT,HIGH,EXTEND_TIMELINE,"Extend the timeline to 152 months (12 yr 8 mo) while investing the full ₹45,663 surplus.","Expenses are already at or below the dataset median ratio, so a longer timeline is the main lever.","Keep the 58-month timeline with a smaller target of about ₹26,48,454.",0.0,0.0001,,No
CUST0890,28,Travel,UPI,180651.0,6,100806.0,50500.0,50306.0,8300.0,30,0.499,0.501,42006.0,30108.5,8300.0,21808.5,0.2757,1.6708,22,4,True,AT_RISK,MEDIUM,INCREASE_CONTRIBUTION,"Increase the monthly goal contribution by ₹21,808 (to ₹30,108).","This uses 52% of the ₹42,006 surplus that is currently not invested, so no spending cut is strictly required.",Keep the current contribution and extend the timeline to 22 months (1 yr 10 mo).,0.0,0.9082,,Yes
CUST0891,28,Retirement,UPI,6476432.0,67,135355.0,80200.0,55155.0,13100.0,37,0.4075,0.5925,42055.0,96663.16,13100.0,41508.16,0.1355,0.5706,495,118,False,NEEDS_ADJUSTMENT,HIGH,COMBINED,"Cut expenses by ₹2,723 (3%) and extend the timeline to 112 months (9 yr 4 mo).","A realistic expense cut alone does not close the ₹41,508 gap, so it is combined with a longer timeline.","Keep the 67-month timeline with a smaller target of about ₹36,95,385.",2722.8,0.0025,,No
CUST0892,35,Vehicle,UPI,373541.0,33,32407.0,14400.0,18007.0,3200.0,40,0.5557,0.4443,14807.0,11319.42,3200.0,8119.42,0.2827,1.5908,117,21,True,AT_RISK,MEDIUM,INCREASE_CONTRIBUTION,"Increase the monthly goal contribution by ₹8,119 (to ₹11,319).","This uses 55% of the ₹14,807 surplus that is currently not invested, so no spending cut is strictly required.",Keep the current contribution and extend the timeline to 117 months (9 yr 9 mo).,0.0,0.5959,,No
CUST0893,54,Vehicle,UPI,451876.0,36,62652.0,34700.0,27952.0,2500.0,57,0.4461,0.5539,25452.0,12552.11,2500.0,10052.11,0.1992,2.2269,181,17,True,AT_RISK,MEDIUM,INCREASE_CONTRIBUTION,"Increase the monthly goal contribution by ₹10,052 (to ₹12,552).","This uses 39% of the ₹25,452 surplus that is currently not invested, so no spending cut is strictly required.",Keep the current contribution and extend the timeline to 181 months (15 yr 1 mo).,0.0,0.3259,,No
CUST0894,27,Home Purchase,UPI,1869143.0,59,60336.0,33300.0,27036.0,2000.0,42,0.4481,0.5519,25036.0,31680.39,2000.0,4644.39,0.0631,0.8534,935,70,False,NEEDS_ADJUSTMENT,HIGH,EXTEND_TIMELINE,"Extend the timeline to 70 months (5 yr 10 mo) while investing the full ₹27,036 surplus.","Expenses are already at or below the dataset median ratio, so a longer timeline is the main lever.","Keep the 59-month timeline with a smaller target of about ₹15,95,124.",0.0,0.0937,,No
CUST0895,32,Retirement,UPI,2618794.0,61,146809.0,118400.0,28409.0,10000.0,30,0.1935,0.8065,18409.0,42931.05,10000.0,14522.05,0.2329,0.6617,262,93,False,NEEDS_ADJUSTMENT,HIGH,REDUCE_EXPENSES,"Cut monthly expenses by ₹14,522 (12.3% of spending) and invest the full surplus.","That exactly closes the shortfall within the original 61 months. It is well within a realistic cut: bringing the expense ratio down to the dataset median of 57.2% would free up to ₹34,367 a month.","Keep the 61-month timeline with a smaller target of about ₹17,32,949.",34366.53,0.1113,,No
CUST0896,28,Emergency Fund,Mixed,231910.0,17,91512.0,41000.0,50512.0,8200.0,26,0.552,0.448,42312.0,13641.76,8200.0,5441.76,0.6011,3.7027,29,5,True,AT_RISK,MEDIUM,INCREASE_CONTRIBUTION,"Increase the monthly goal contribution by ₹5,442 (to ₹13,642).","This uses 13% of the ₹42,312 surplus that is currently not invested, so no spending cut is strictly required.",Keep the current contribution and extend the timeline to 29 months (2 yr 5 mo).,0.0,0.8397,,Yes
CUST0897,29,Home Purchase,Mixed,2369808.0,57,167091.0,83400.0,83691.0,6500.0,41,0.5009,0.4991,77191.0,41575.58,6500.0,35075.58,0.1563,2.013,365,29,True,AT_RISK,MEDIUM,INCREASE_CONTRIBUTION,"Increase the monthly goal contribution by ₹35,076 (to ₹41,576).","This uses 45% of the ₹77,191 surplus that is currently not invested, so no spending cut is strictly required.",Keep the current contribution and extend the timeline to 365 months (30 yr 5 mo).,0.0,0.5396,,No
CUST0898,46,Home Purchase,Mixed,2082460.0,120,111049.0,66200.0,44849.0,2900.0,54,0.4039,0.5961,41949.0,17353.83,2900.0,14453.83,0.1671,2.5844,719,47,True,AT_RISK,MEDIUM,INCREASE_CONTRIBUTION,"Increase the monthly goal contribution by ₹14,454 (to ₹17,354).","This uses 34% of the ₹41,949 surplus that is currently not invested, so no spending cut is strictly required.",Keep the current contribution and extend the timeline to 719 months (59 yr 11 mo).,2635.55,0.1028,"Caution: although the gap is closable on paper, the ML model estimates only 10% likelihood of achievement for similar profiles in the dataset.",No
CUST0899,40,Vehicle,Mixed,258505.0,52,192065.0,78900.0,113165.0,9000.0,29,0.5892,0.4108,104165.0,4971.25,9000.0,0.0,1.8104,22.7639,29,3,True,ON_TRACK,LOW,MAINTAIN,"Maintain the current ₹9,000 monthly investment.","It already covers the ₹4,971 required (181% coverage).","Optionally reach the goal in 3 months by directing the full ₹1,13,165 surplus to it.",0.0,0.987,,Yes
CUST0900,48,Vehicle,Mixed,203771.0,36,109561.0,75800.0,33761.0,18600.0,41,0.3081,0.6919,15161.0,5660.31,18600.0,0.0,3.286,5.9645,11,7,True,ON_TRACK,LOW,MAINTAIN,"Maintain the current ₹18,600 monthly investment.","It already covers the ₹5,660 required (329% coverage).","Optionally reach the goal in 7 months by directing the full ₹33,761 surplus to it.",13087.28,0.7935,,Yes
CUST0901,50,Emergency Fund,Mixed,166440.0,21,112707.0,59200.0,53507.0,16300.0,52,0.4747,0.5253,37207.0,7925.71,16300.0,0.0,2.0566,6.7511,11,4,True,ON_TRACK,LOW,MAINTAIN,"Maintain the current ₹16,300 monthly investment.","It already covers the ₹7,926 required (206% coverage).","Optionally reach the goal in 4 months by directing the full ₹53,507 surplus to it.",0.0,0.7449,,Yes
CUST0902,24,Emergency Fund,UPI,253793.0,8,122233.0,73500.0,48733.0,9000.0,37,0.3987,0.6013,39733.0,31724.12,9000.0,22724.12,0.2837,1.5361,29,6,True,AT_RISK,MEDIUM,INCREASE_CONTRIBUTION,"Increase the monthly goal contribution by ₹22,724 (to ₹31,724).","This uses 57% of the ₹39,733 surplus that is currently not invested, so no spending cut is strictly required.",Keep the current contribution and extend the timeline to 29 months (2 yr 5 mo).,3533.83,0.7606,,Yes
CUST0903,25,Travel,UPI,235146.0,18,120461.0,38000.0,82461.0,12800.0,47,0.6845,0.3155,69661.0,13063.67,12800.0,263.67,0.9798,6.3122,19,3,True,AT_RISK,MEDIUM,INCREASE_CONTRIBUTION,"Increase the monthly goal contribution by ₹264 (to ₹13,064).","This uses 0% of the ₹69,661 surplus that is currently not invested, so no spending cut is strictly required.",Keep the current contribution and extend the timeline to 19 months (1 yr 7 mo).,0.0,0.9197,,Yes
CUST0904,35,Higher Education,Card,103651.0,15,24572.0,13500.0,11072.0,600.0,35,0.4506,0.5494,10472.0,6910.07,600.0,6310.07,0.0868,1.6023,173,10,True,AT_RISK,MEDIUM,INCREASE_CONTRIBUTION,"Increase the monthly goal contribution by ₹6,310 (to ₹6,910).","This uses 60% of the ₹10,472 surplus that is currently not invested, so no spending cut is strictly required.",Keep the current contribution and extend the timeline to 173 months (14 yr 5 mo).,0.0,0.2611,"Caution: although the gap is closable on paper, the ML model estimates only 28% likelihood of achievement for similar profiles in the dataset.",No
CUST0905,27,Emergency Fund,UPI,117996.0,13,150871.0,72100.0,78771.0,19500.0,42,0.5221,0.4779,59271.0,9076.62,19500.0,0.0,2.1484,8.6785,7,2,True,ON_TRACK,LOW,MAINTAIN,"Maintain the current ₹19,500 monthly investment.","It already covers the ₹9,077 required (215% coverage).","Optionally reach the goal in 2 months by directing the full ₹78,771 surplus to it.",0.0,0.9432,,Yes
CUST0906,34,Retirement,Card,5667869.0,47,50887.0,35700.0,15187.0,5500.0,31,0.2984,0.7016,9687.0,120592.96,5500.0,105405.96,0.0456,0.1259,1031,374,False,NEEDS_ADJUSTMENT,HIGH,COMBINED,"Cut expenses by ₹6,572 (18%) and extend the timeline to 261 months (21 yr 9 mo).","A realistic expense cut alone does not close the ₹1,05,406 gap, so it is combined with a longer timeline.","Keep the 47-month timeline with a smaller target of about ₹7,13,789.",6572.28,0.0003,,No
CUST0907,41,Higher Education,UPI,543992.0,28,121467.0,46900.0,74567.0,18600.0,25,0.6139,0.3861,55967.0,19428.29,18600.0,828.29,0.9574,3.8381,30,8,True,AT_RISK,MEDIUM,INCREASE_CONTRIBUTION,"Increase the monthly goal contribution by ₹828 (to ₹19,428).","This uses 1% of the ₹55,967 surplus that is currently not invested, so no spending cut is strictly required.",Keep the current contribution and extend the timeline to 30 months (2 yr 6 mo).,0.0,0.9321,,Yes
CUST0908,39,Vehicle,UPI,1185682.0,57,186883.0,114700.0,72183.0,5700.0,32,0.3862,0.6138,66483.0,20801.44,5700.0,15101.44,0.274,3.4701,209,17,True,AT_RISK,MEDIUM,INCREASE_CONTRIBUTION,"Increase the monthly goal contribution by ₹15,101 (to ₹20,801).","This uses 23% of the ₹66,483 surplus that is currently not invested, so no spending cut is strictly required.",Keep the current contribution and extend the timeline to 209 months (17 yr 5 mo).,7728.17,0.8758,,Yes
CUST0909,55,Higher Education,UPI,233309.0,37,71538.0,47400.0,24138.0,11200.0,17,0.3374,0.6626,12938.0,6305.65,11200.0,0.0,1.7762,3.828,21,10,True,ON_TRACK,LOW,MAINTAIN,"Maintain the current ₹11,200 monthly investment.","It already covers the ₹6,306 required (178% coverage).","Optionally reach the goal in 10 months by directing the full ₹24,138 surplus to it.",6451.65,0.7641,,Yes
CUST0910,60,Home Purchase,Mixed,1489080.0,118,140982.0,85200.0,55782.0,8700.0,67,0.3957,0.6043,47082.0,12619.32,8700.0,3919.32,0.6894,4.4204,172,27,True,AT_RISK,MEDIUM,INCREASE_CONTRIBUTION,"Increase the monthly goal contribution by ₹3,919 (to ₹12,619).","This uses 8% of the ₹47,082 surplus that is currently not invested, so no spending cut is strictly required.",Keep the current contribution and extend the timeline to 172 months (14 yr 4 mo).,4501.9,0.1577,"Caution: although the gap is closable on paper, the ML model estimates only 19% likelihood of achievement for similar profiles in the dataset.",Yes
CUST0911,21,Emergency Fund,Wallet,115419.0,14,158704.0,93900.0,64804.0,2200.0,27,0.4083,0.5917,62604.0,8244.21,2200.0,6044.21,0.2669,7.8605,53,2,True,AT_RISK,MEDIUM,INCREASE_CONTRIBUTION,"Increase the monthly goal contribution by ₹6,044 (to ₹8,244).","This uses 10% of the ₹62,604 surplus that is currently not invested, so no spending cut is strictly required.",Keep the current contribution and extend the timeline to 53 months (4 yr 5 mo).,3057.83,0.9526,,Yes
CUST0912,53,Emergency Fund,Mixed,242585.0,6,27902.0,18000.0,9902.0,3300.0,56,0.3549,0.6451,6602.0,40430.83,3300.0,30528.83,0.0816,0.2449,74,25,False,NEEDS_ADJUSTMENT,HIGH,COMBINED,"Cut expenses by ₹2,029 (11%) and extend the timeline to 21 months (1 yr 9 mo).","A realistic expense cut alone does not close the ₹30,529 gap, so it is combined with a longer timeline. High impulse spending suggests discretionary spending is the place to start.","Keep the 6-month timeline with a smaller target of about ₹59,412.",2028.9,0.1097,,Yes
CUST0913,26,Vehicle,Card,236277.0,56,83036.0,49100.0,33936.0,10900.0,5,0.4087,0.5913,23036.0,4219.23,10900.0,0.0,2.5834,8.0432,22,7,True,ON_TRACK,LOW,MAINTAIN,"Maintain the current ₹10,900 monthly investment.","It already covers the ₹4,219 required (258% coverage).","Optionally reach the goal in 7 months by directing the full ₹33,936 surplus to it.",1570.19,0.9185,,Yes
CUST0914,23,Travel,Mixed,207222.0,8,36570.0,19800.0,16770.0,6200.0,22,0.4586,0.5414,10570.0,25902.75,6200.0,9132.75,0.2394,0.6474,34,13,False,NEEDS_ADJUSTMENT,HIGH,EXTEND_TIMELINE,"Extend the timeline to 13 months (1 yr 1 mo) while investing the full ₹16,770 surplus.","Expenses are already at or below the dataset median ratio, so a longer timeline is the main lever.","Keep the 8-month timeline with a smaller target of about ₹1,34,160.",0.0,0.8035,"Note: similar profiles achieved this kind of goal 79% of the time per the ML model, but the plan still needs adjustment on current numbers.",No
CUST0915,21,Home Purchase,UPI,4071580.0,32,149694.0,71500.0,78194.0,13200.0,31,0.5224,0.4776,64994.0,127236.88,13200.0,49042.88,0.1037,0.6146,309,53,False,NEEDS_ADJUSTMENT,HIGH,EXTEND_TIMELINE,"Extend the timeline to 53 months (4 yr 5 mo) while investing the full ₹78,194 surplus.","Expenses are already at or below the dataset median ratio, so a longer timeline is the main lever.","Keep the 32-month timeline with a smaller target of about ₹25,02,208.",0.0,0.136,,No
CUST0916,22,Retirement,UPI,5543870.0,42,192085.0,86500.0,105585.0,19400.0,38,0.5497,0.4503,86185.0,131996.9,19400.0,26411.9,0.147,0.7999,286,53,False,NEEDS_ADJUSTMENT,HIGH,EXTEND_TIMELINE,"Extend the timeline to 53 months (4 yr 5 mo) while investing the full ₹1,05,585 surplus.","Expenses are already at or below the dataset median ratio, so a longer timeline is the main lever.","Keep the 42-month timeline with a smaller target of about ₹44,34,570.",0.0,0.0476,,No
CUST0917,57,Emergency Fund,Mixed,202702.0,24,43076.0,33900.0,9176.0,5800.0,5,0.213,0.787,3376.0,8445.92,5800.0,2645.92,0.6867,1.0864,35,23,True,AT_RISK,MEDIUM,INCREASE_CONTRIBUTION,"Increase the monthly goal contribution by ₹2,646 (to ₹8,446).","This uses 78% of the ₹3,376 surplus that is currently not invested, so no spending cut is strictly required.",Keep the current contribution and extend the timeline to 35 months (2 yr 11 mo).,9243.3,0.4095,,Yes
CUST0918,31,Retirement,Mixed,7398684.0,89,193531.0,87700.0,105831.0,2600.0,54,0.5468,0.4532,103231.0,83131.28,2600.0,80531.28,0.0313,1.2731,2846,70,True,AT_RISK,MEDIUM,INCREASE_CONTRIBUTION,"Increase the monthly goal contribution by ₹80,531 (to ₹83,131).","This uses 78% of the ₹1,03,231 surplus that is currently not invested, so no spending cut is strictly required.",Keep the current contribution and extend the timeline to 2846 months (237 yr 2 mo).,0.0,0.0006,"Caution: although the gap is closable on paper, the ML model estimates only 0% likelihood of achievement for similar profiles in the dataset.",No
CUST0919,25,Higher Education,Card,990498.0,14,145480.0,121600.0,23880.0,8000.0,37,0.1641,0.8359,15880.0,70749.86,8000.0,46869.86,0.1131,0.3375,124,42,False,NEEDS_ADJUSTMENT,HIGH,COMBINED,"Cut expenses by ₹38,327 (32%) and extend the timeline to 16 months (1 yr 4 mo).","A realistic expense cut alone does not close the ₹46,870 gap, so it is combined with a longer timeline.","Keep the 14-month timeline with a smaller target of about ₹3,34,320.",38327.25,0.4946,,No
CUST0920,52,Vehicle,UPI,678448.0,30,121066.0,71600.0,49466.0,2400.0,23,0.4086,0.5914,47066.0,22614.93,2400.0,20214.93,0.1061,2.1873,283,14,True,AT_RISK,MEDIUM,INCREASE_CONTRIBUTION,"Increase the monthly goal contribution by ₹20,215 (to ₹22,615).","This uses 43% of the ₹47,066 surplus that is currently not invested, so no spending cut is strictly required.",Keep the current contribution and extend the timeline to 283 months (23 yr 7 mo).,2301.82,0.8314,,Yes
CUST0921,32,Emergency Fund,Card,150420.0,7,105807.0,89100.0,16707.0,8900.0,47,0.1579,0.8421,7807.0,21488.57,8900.0,4781.57,0.4142,0.7775,17,10,False,NEEDS_ADJUSTMENT,HIGH,REDUCE_EXPENSES,"Cut monthly expenses by ₹4,782 (5.4% of spending) and invest the full surplus.","That exactly closes the shortfall within the original 7 months. It is well within a realistic cut: bringing the expense ratio down to the dataset median of 57.2% would free up to ₹28,536 a month.","Keep the 7-month timeline with a smaller target of about ₹1,16,949.",28536.07,0.468,,No
CUST0922,25,Vehicle,Wallet,898840.0,28,105687.0,68500.0,37187.0,11500.0,49,0.3519,0.6481,25687.0,32101.43,11500.0,20601.43,0.3582,1.1584,79,25,True,AT_RISK,MEDIUM,INCREASE_CONTRIBUTION,"Increase the monthly goal contribution by ₹20,601 (to ₹32,101).","This uses 80% of the ₹25,687 surplus that is currently not invested, so no spending cut is strictly required.",Keep the current contribution and extend the timeline to 79 months (6 yr 7 mo).,8004.76,0.5723,,Yes
CUST0923,39,Higher Education,UPI,157494.0,43,124791.0,73400.0,51391.0,22400.0,40,0.4118,0.5882,28991.0,3662.65,22400.0,0.0,6.1158,14.0311,8,4,True,ON_TRACK,LOW,MAINTAIN,"Maintain the current ₹22,400 monthly investment.","It already covers the ₹3,663 required (612% coverage).","Optionally reach the goal in 4 months by directing the full ₹51,391 surplus to it.",1969.63,0.9156,,Yes
CUST0924,32,Retirement,UPI,4512499.0,78,61721.0,43300.0,18421.0,8200.0,37,0.2985,0.7015,10221.0,57852.55,8200.0,39431.55,0.1417,0.3184,551,245,False,NEEDS_ADJUSTMENT,HIGH,COMBINED,"Cut expenses by ₹7,971 (18%) and extend the timeline to 171 months (14 yr 3 mo).","A realistic expense cut alone does not close the ₹39,432 gap, so it is combined with a longer timeline.","Keep the 78-month timeline with a smaller target of about ₹14,36,838.",7970.9,0.0022,,No
CUST0925,56,Retirement,UPI,4295585.0,69,182460.0,143200.0,39260.0,4600.0,41,0.2152,0.7848,34660.0,62254.86,4600.0,22994.86,0.0739,0.6306,934,110,False,NEEDS_ADJUSTMENT,HIGH,REDUCE_EXPENSES,"Cut monthly expenses by ₹22,995 (16.1% of spending) and invest the full surplus.","That exactly closes the shortfall within the original 69 months. It is well within a realistic cut: bringing the expense ratio down to the dataset median of 57.2% would free up to ₹38,760 a month.","Keep the 69-month timeline with a smaller target of about ₹27,08,940.",38759.9,0.0159,,No
CUST0926,35,Emergency Fund,Card,175414.0,9,175750.0,141200.0,34550.0,34800.0,42,0.1966,0.8034,0.0,19490.44,34550.0,0.0,1.7727,1.7727,6,6,True,ON_TRACK,LOW,MAINTAIN,"Maintain the current ₹34,550 monthly investment.","It already covers the ₹19,490 required (177% coverage).",,40600.7,0.9131,,Yes
CUST0927,39,Emergency Fund,UPI,288074.0,16,42504.0,22700.0,19804.0,1600.0,38,0.4659,0.5341,18204.0,18004.62,1600.0,16404.62,0.0889,1.0999,181,15,True,AT_RISK,MEDIUM,INCREASE_CONTRIBUTION,"Increase the monthly goal contribution by ₹16,405 (to ₹18,005).","This uses 90% of the ₹18,204 surplus that is currently not invested, so no spending cut is strictly required.",Keep the current contribution and extend the timeline to 181 months (15 yr 1 mo).,0.0,0.5092,,No
CUST0928,45,Vehicle,UPI,227035.0,56,147546.0,130900.0,16646.0,2600.0,44,0.1128,0.8872,14046.0,4054.2,2600.0,1454.2,0.6413,4.1059,88,14,True,AT_RISK,MEDIUM,INCREASE_CONTRIBUTION,"Increase the monthly goal contribution by ₹1,454 (to ₹4,054).","This uses 10% of the ₹14,046 surplus that is currently not invested, so no spending cut is strictly required.",Keep the current contribution and extend the timeline to 88 months (7 yr 4 mo).,46444.67,0.6162,,Yes
CUST0929,40,Emergency Fund,Card,50874.0,11,48853.0,22100.0,26753.0,800.0,19,0.5476,0.4524,25953.0,4624.91,800.0,3824.91,0.173,5.7845,64,2,True,AT_RISK,MEDIUM,INCREASE_CONTRIBUTION,"Increase the monthly goal contribution by ₹3,825 (to ₹4,625).","This uses 15% of the ₹25,953 surplus that is currently not invested, so no spending cut is strictly required.",Keep the current contribution and extend the timeline to 64 months (5 yr 4 mo).,0.0,0.8661,,Yes
CUST0930,47,Emergency Fund,Wallet,110065.0,17,155248.0,127200.0,28048.0,8400.0,31,0.1807,0.8193,19648.0,6474.41,8400.0,0.0,1.2974,4.3321,14,4,True,ON_TRACK,LOW,MAINTAIN,"Maintain the current ₹8,400 monthly investment.","It already covers the ₹6,474 required (130% coverage).","Optionally reach the goal in 4 months by directing the full ₹28,048 surplus to it.",38336.04,0.8942,,No
CUST0931,48,Higher Education,Card,388837.0,15,33577.0,21600.0,11977.0,3900.0,48,0.3567,0.6433,8077.0,25922.47,3900.0,13945.47,0.1504,0.462,100,33,False,NEEDS_ADJUSTMENT,HIGH,COMBINED,"Cut expenses by ₹2,381 (11%) and extend the timeline to 28 months (2 yr 4 mo).","A realistic expense cut alone does not close the ₹13,945 gap, so it is combined with a longer timeline.","Keep the 15-month timeline with a smaller target of about ₹1,79,655.",2380.53,0.154,,No
CUST0932,56,Vehicle,Card,1010231.0,42,64273.0,36800.0,27473.0,6300.0,28,0.4274,0.5726,21173.0,24053.12,6300.0,17753.12,0.2619,1.1422,161,37,True,AT_RISK,MEDIUM,INCREASE_CONTRIBUTION,"Increase the monthly goal contribution by ₹17,753 (to ₹24,053).","This uses 84% of the ₹21,173 surplus that is currently not invested, so no spending cut is strictly required.",Keep the current contribution and extend the timeline to 161 months (13 yr 5 mo).,10.13,0.3501,,No
CUST0933,23,Emergency Fund,Card,217527.0,12,170921.0,81400.0,89521.0,15000.0,39,0.5238,0.4762,74521.0,18127.25,15000.0,3127.25,0.8275,4.9385,15,3,True,AT_RISK,MEDIUM,INCREASE_CONTRIBUTION,"Increase the monthly goal contribution by ₹3,127 (to ₹18,127).","This uses 4% of the ₹74,521 surplus that is currently not invested, so no spending cut is strictly required.",Keep the current contribution and extend the timeline to 15 months (1 yr 3 mo).,0.0,0.9427,,Yes
CUST0934,49,Vehicle,Card,493983.0,49,112043.0,76500.0,35543.0,10200.0,27,0.3172,0.6828,25343.0,10081.29,10200.0,0.0,1.0118,3.5256,49,14,True,ON_TRACK,LOW,MAINTAIN,"Maintain the current ₹10,200 monthly investment.","It already covers the ₹10,081 required (101% coverage).","Optionally reach the goal in 14 months (1 yr 2 mo) by directing the full ₹35,543 surplus to it.",12366.59,0.7553,,Yes
CUST0935,26,Travel,UPI,50333.0,15,102921.0,83200.0,19721.0,12500.0,60,0.1916,0.8084,7221.0,3355.53,12500.0,0.0,3.7252,5.8772,5,3,True,ON_TRACK,LOW,MAINTAIN,"Maintain the current ₹12,500 monthly investment.","It already covers the ₹3,356 required (373% coverage).","Optionally reach the goal in 3 months by directing the full ₹19,721 surplus to it.",24288.02,0.4442,,Yes
CUST0936,43,Vehicle,Card,920821.0,48,121553.0,81700.0,39853.0,8200.0,63,0.3279,0.6721,31653.0,19183.77,8200.0,10983.77,0.4274,2.0774,113,24,True,AT_RISK,MEDIUM,INCREASE_CONTRIBUTION,"Increase the monthly goal contribution by ₹10,984 (to ₹19,184).","This uses 35% of the ₹31,653 surplus that is currently not invested, so no spending cut is strictly required.",Keep the current contribution and extend the timeline to 113 months (9 yr 5 mo).,12123.06,0.2604,"Caution: although the gap is closable on paper, the ML model estimates only 25% likelihood of achievement for similar profiles in the dataset.",No
CUST0937,56,Travel,Card,283002.0,11,86780.0,63300.0,23480.0,5000.0,40,0.2706,0.7294,18480.0,25727.45,5000.0,2247.45,0.1943,0.9126,57,13,False,NEEDS_ADJUSTMENT,HIGH,REDUCE_EXPENSES,"Cut monthly expenses by ₹2,247 (3.6% of spending) and invest the full surplus.","That exactly closes the shortfall within the original 11 months. It is well within a realistic cut: bringing the expense ratio down to the dataset median of 57.2% would free up to ₹13,627 a month.","Keep the 11-month timeline with a smaller target of about ₹2,58,280.",13627.13,0.5674,,Yes
CUST0938,57,Emergency Fund,Mixed,128375.0,15,36588.0,12200.0,24388.0,5300.0,37,0.6666,0.3334,19088.0,8558.33,5300.0,3258.33,0.6193,2.8496,25,6,True,AT_RISK,MEDIUM,INCREASE_CONTRIBUTION,"Increase the monthly goal contribution by ₹3,258 (to ₹8,558).","This uses 17% of the ₹19,088 surplus that is currently not invested, so no spending cut is strictly required.",Keep the current contribution and extend the timeline to 25 months (2 yr 1 mo).,0.0,0.555,,No
CUST0939,58,Emergency Fund,UPI,118390.0,12,75410.0,56000.0,19410.0,6400.0,30,0.2574,0.7426,13010.0,9865.83,6400.0,3465.83,0.6487,1.9674,19,7,True,AT_RISK,MEDIUM,INCREASE_CONTRIBUTION,"Increase the monthly goal contribution by ₹3,466 (to ₹9,866).","This uses 27% of the ₹13,010 surplus that is currently not invested, so no spending cut is strictly required.",Keep the current contribution and extend the timeline to 19 months (1 yr 7 mo).,12835.32,0.4492,,Yes
CUST0940,46,Emergency Fund,Card,232297.0,14,48977.0,27300.0,21677.0,4300.0,39,0.4426,0.5574,17377.0,16592.64,4300.0,12292.64,0.2592,1.3064,55,11,True,AT_RISK,MEDIUM,INCREASE_CONTRIBUTION,"Increase the monthly goal contribution by ₹12,293 (to ₹16,593).","This uses 71% of the ₹17,377 surplus that is currently not invested, so no spending cut is strictly required.",Keep the current contribution and extend the timeline to 55 months (4 yr 7 mo).,0.0,0.4693,,No
CUST0941,59,Higher Education,Mixed,229485.0,15,130836.0,45800.0,85036.0,25500.0,40,0.6499,0.3501,59536.0,15299.0,25500.0,0.0,1.6668,5.5583,9,3,True,ON_TRACK,LOW,MAINTAIN,"Maintain the current ₹25,500 monthly investment.","It already covers the ₹15,299 required (167% coverage).","Optionally reach the goal in 3 months by directing the full ₹85,036 surplus to it.",0.0,0.9445,,Yes
CUST0942,59,Home Purchase,UPI,4953576.0,44,166010.0,116000.0,50010.0,13200.0,73,0.3012,0.6988,36810.0,112581.27,13200.0,62571.27,0.1172,0.4442,376,100,False,NEEDS_ADJUSTMENT,HIGH,COMBINED,"Cut expenses by ₹20,976 (18%) and extend the timeline to 70 months (5 yr 10 mo).","A realistic expense cut alone does not close the ₹62,571 gap, so it is combined with a longer timeline. High impulse spending suggests discretionary spending is the place to start.","Keep the 44-month timeline with a smaller target of about ₹22,00,440.",20975.88,0.0047,,No
CUST0943,48,Emergency Fund,UPI,108922.0,15,20217.0,15500.0,4717.0,3500.0,26,0.2333,0.7667,1217.0,7261.47,3500.0,2544.47,0.482,0.6496,32,24,False,NEEDS_ADJUSTMENT,HIGH,REDUCE_EXPENSES,"Cut monthly expenses by ₹2,544 (16.4% of spending) and invest the full surplus.","That exactly closes the shortfall within the original 15 months. It is well within a realistic cut: bringing the expense ratio down to the dataset median of 57.2% would free up to ₹3,928 a month.","Keep the 15-month timeline with a smaller target of about ₹70,755.",3927.79,0.2485,,Yes
CUST0944,44,Vehicle,UPI,1013034.0,33,159813.0,90800.0,69013.0,6600.0,26,0.4318,0.5682,62413.0,30698.0,6600.0,24098.0,0.215,2.2481,154,15,True,AT_RISK,MEDIUM,INCREASE_CONTRIBUTION,"Increase the monthly goal contribution by ₹24,098 (to ₹30,698).","This uses 39% of the ₹62,413 surplus that is currently not invested, so no spending cut is strictly required.",Keep the current contribution and extend the timeline to 154 months (12 yr 10 mo).,0.0,0.8958,,Yes
CUST0945,56,Vehicle,Card,411662.0,37,34021.0,23400.0,10621.0,6700.0,57,0.3122,0.6878,3921.0,11126.0,6700.0,505.0,0.6022,0.9546,62,39,False,NEEDS_ADJUSTMENT,HIGH,REDUCE_EXPENSES,Cut monthly expenses by ₹505 (2.2% of spending) and invest the full surplus.,"That exactly closes the shortfall within the original 37 months. It is well within a realistic cut: bringing the expense ratio down to the dataset median of 57.2% would free up to ₹3,926 a month. High impulse spending suggests discretionary spending is the place to start.","Keep the 37-month timeline with a smaller target of about ₹3,92,977.",3926.38,0.1229,,Yes
CUST0946,41,Vehicle,Mixed,274344.0,44,70769.0,29900.0,40869.0,5000.0,5,0.5775,0.4225,35869.0,6235.09,5000.0,1235.09,0.8019,6.5547,55,7,True,AT_RISK,MEDIUM,INCREASE_CONTRIBUTION,"Increase the monthly goal contribution by ₹1,235 (to ₹6,235).","This uses 3% of the ₹35,869 surplus that is currently not invested, so no spending cut is strictly required.",Keep the current contribution and extend the timeline to 55 months (4 yr 7 mo).,0.0,0.9234,,Yes
CUST0947,38,Emergency Fund,Card,243966.0,18,190760.0,74000.0,116760.0,32500.0,18,0.6121,0.3879,84260.0,13553.67,32500.0,0.0,2.3979,8.6146,8,3,True,ON_TRACK,LOW,MAINTAIN,"Maintain the current ₹32,500 monthly investment.","It already covers the ₹13,554 required (240% coverage).","Optionally reach the goal in 3 months by directing the full ₹1,16,760 surplus to it.",0.0,0.9966,,Yes
CUST0948,53,Vehicle,UPI,533945.0,15,171013.0,81100.0,89913.0,31200.0,39,0.5258,0.4742,58713.0,35596.33,31200.0,4396.33,0.8765,2.5259,18,6,True,AT_RISK,MEDIUM,INCREASE_CONTRIBUTION,"Increase the monthly goal contribution by ₹4,396 (to ₹35,596).","This uses 7% of the ₹58,713 surplus that is currently not invested, so no spending cut is strictly required.",Keep the current contribution and extend the timeline to 18 months (1 yr 6 mo).,0.0,0.9496,,Yes
CUST0949,56,Home Purchase,Card,1870526.0,37,122253.0,47200.0,75053.0,11600.0,25,0.6139,0.3861,63453.0,50554.76,11600.0,38954.76,0.2295,1.4846,162,25,True,AT_RISK,MEDIUM,INCREASE_CONTRIBUTION,"Increase the monthly goal contribution by ₹38,955 (to ₹50,555).","This uses 61% of the ₹63,453 surplus that is currently not invested, so no spending cut is strictly required.",Keep the current contribution and extend the timeline to 162 months (13 yr 6 mo).,0.0,0.6349,,Yes
CUST0950,44,Emergency Fund,Card,254442.0,24,47516.0,38300.0,9216.0,800.0,50,0.194,0.806,8416.0,10601.75,800.0,1385.75,0.0755,0.8693,319,28,False,NEEDS_ADJUSTMENT,HIGH,REDUCE_EXPENSES,"Cut monthly expenses by ₹1,386 (3.6% of spending) and invest the full surplus.","That exactly closes the shortfall within the original 24 months. It is well within a realistic cut: bringing the expense ratio down to the dataset median of 57.2% would free up to ₹11,102 a month.","Keep the 24-month timeline with a smaller target of about ₹2,21,184.",11101.84,0.0969,,No
CUST0951,29,Travel,Mixed,163918.0,10,43958.0,24000.0,19958.0,5800.0,44,0.454,0.546,14158.0,16391.8,5800.0,10591.8,0.3538,1.2176,29,9,True,AT_RISK,MEDIUM,INCREASE_CONTRIBUTION,"Increase the monthly goal contribution by ₹10,592 (to ₹16,392).","This uses 75% of the ₹14,158 surplus that is currently not invested, so no spending cut is strictly required.",Keep the current contribution and extend the timeline to 29 months (2 yr 5 mo).,0.0,0.4677,,Yes
CUST0952,22,Home Purchase,UPI,4049209.0,54,18896.0,8400.0,10496.0,1400.0,57,0.5555,0.4445,9096.0,74985.35,1400.0,64489.35,0.0187,0.14,2893,386,False,NEEDS_ADJUSTMENT,HIGH,EXTEND_TIMELINE,"Extend the timeline to 386 months (32 yr 2 mo) while investing the full ₹10,496 surplus.","Expenses are already at or below the dataset median ratio, so a longer timeline is the main lever.","Keep the 54-month timeline with a smaller target of about ₹5,66,784.",0.0,0.0029,,No
CUST0953,49,Home Purchase,UPI,3393840.0,115,77457.0,30300.0,47157.0,11600.0,24,0.6088,0.3912,35557.0,29511.65,11600.0,17911.65,0.3931,1.5979,293,72,True,AT_RISK,MEDIUM,INCREASE_CONTRIBUTION,"Increase the monthly goal contribution by ₹17,912 (to ₹29,512).","This uses 50% of the ₹35,557 surplus that is currently not invested, so no spending cut is strictly required.",Keep the current contribution and extend the timeline to 293 months (24 yr 5 mo).,0.0,0.0829,"Caution: although the gap is closable on paper, the ML model estimates only 8% likelihood of achievement for similar profiles in the dataset.",No
CUST0954,21,Retirement,Mixed,5737174.0,94,83637.0,44600.0,39037.0,10600.0,5,0.4667,0.5333,28437.0,61033.77,10600.0,21996.77,0.1737,0.6396,542,147,False,NEEDS_ADJUSTMENT,HIGH,EXTEND_TIMELINE,"Extend the timeline to 147 months (12 yr 3 mo) while investing the full ₹39,037 surplus.","Expenses are already at or below the dataset median ratio, so a longer timeline is the main lever.","Keep the 94-month timeline with a smaller target of about ₹36,69,478.",0.0,0.0073,,No
CUST0955,44,Home Purchase,UPI,2750673.0,25,197200.0,95800.0,101400.0,9900.0,15,0.5142,0.4858,91500.0,110026.92,9900.0,8626.92,0.09,0.9216,278,28,False,NEEDS_ADJUSTMENT,HIGH,EXTEND_TIMELINE,"Extend the timeline to 28 months (2 yr 4 mo) while investing the full ₹1,01,400 surplus.","Expenses are already at or below the dataset median ratio, so a longer timeline is the main lever.","Keep the 25-month timeline with a smaller target of about ₹25,35,000.",0.0,0.7484,"Note: similar profiles achieved this kind of goal 78% of the time per the ML model, but the plan still needs adjustment on current numbers.",Yes
CUST0956,26,Home Purchase,UPI,2527777.0,76,76997.0,23200.0,53797.0,2000.0,39,0.6987,0.3013,51797.0,33260.22,2000.0,31260.22,0.0601,1.6175,1264,47,True,AT_RISK,MEDIUM,INCREASE_CONTRIBUTION,"Increase the monthly goal contribution by ₹31,260 (to ₹33,260).","This uses 60% of the ₹51,797 surplus that is currently not invested, so no spending cut is strictly required.",Keep the current contribution and extend the timeline to 1264 months (105 yr 4 mo).,0.0,0.2041,"Caution: although the gap is closable on paper, the ML model estimates only 17% likelihood of achievement for similar profiles in the dataset.",No
CUST0957,43,Emergency Fund,UPI,215631.0,16,142310.0,67700.0,74610.0,12200.0,45,0.5243,0.4757,62410.0,13476.94,12200.0,1276.94,0.9053,5.5361,18,3,True,AT_RISK,MEDIUM,INCREASE_CONTRIBUTION,"Increase the monthly goal contribution by ₹1,277 (to ₹13,477).","This uses 2% of the ₹62,410 surplus that is currently not invested, so no spending cut is strictly required.",Keep the current contribution and extend the timeline to 18 months (1 yr 6 mo).,0.0,0.892,,Yes
CUST0958,23,Emergency Fund,UPI,169494.0,19,121755.0,88700.0,33055.0,21000.0,27,0.2715,0.7285,12055.0,8920.74,21000.0,0.0,2.3541,3.7054,9,6,True,ON_TRACK,LOW,MAINTAIN,"Maintain the current ₹21,000 monthly investment.","It already covers the ₹8,921 required (235% coverage).","Optionally reach the goal in 6 months by directing the full ₹33,055 surplus to it.",19007.44,0.8586,,Yes
CUST0959,48,Higher Education,UPI,597308.0,21,25882.0,17600.0,8282.0,4600.0,29,0.32,0.68,3682.0,28443.24,4600.0,20161.24,0.1617,0.2912,130,73,False,NEEDS_ADJUSTMENT,HIGH,COMBINED,"Cut expenses by ₹2,785 (16%) and extend the timeline to 54 months (4 yr 6 mo).","A realistic expense cut alone does not close the ₹20,161 gap, so it is combined with a longer timeline.","Keep the 21-month timeline with a smaller target of about ₹1,73,922.",2785.14,0.1717,,No
CUST0960,32,Emergency Fund,UPI,203462.0,6,137683.0,104000.0,33683.0,23600.0,20,0.2446,0.7554,10083.0,33910.33,23600.0,227.33,0.696,0.9933,9,7,False,NEEDS_ADJUSTMENT,HIGH,REDUCE_EXPENSES,Cut monthly expenses by ₹227 (0.2% of spending) and invest the full surplus.,"That exactly closes the shortfall within the original 6 months. It is well within a realistic cut: bringing the expense ratio down to the dataset median of 57.2% would free up to ₹25,190 a month.","Keep the 6-month timeline with a smaller target of about ₹2,02,098.",25190.25,0.8482,"Note: similar profiles achieved this kind of goal 87% of the time per the ML model, but the plan still needs adjustment on current numbers.",Yes
CUST0961,54,Retirement,Wallet,2862274.0,97,32239.0,23400.0,8839.0,2900.0,38,0.2742,0.7258,5939.0,29507.98,2900.0,20668.98,0.0983,0.2995,987,324,False,NEEDS_ADJUSTMENT,HIGH,COMBINED,"Cut expenses by ₹4,946 (21%) and extend the timeline to 208 months (17 yr 4 mo).","A realistic expense cut alone does not close the ₹20,669 gap, so it is combined with a longer timeline.","Keep the 97-month timeline with a smaller target of about ₹8,57,383.",4946.4,0.0072,,No
CUST0962,31,Retirement,UPI,4781534.0,70,43622.0,26800.0,16822.0,7600.0,29,0.3856,0.6144,9222.0,68307.63,7600.0,51485.63,0.1113,0.2463,630,285,False,NEEDS_ADJUSTMENT,HIGH,COMBINED,"Cut expenses by ₹1,831 (7%) and extend the timeline to 257 months (21 yr 5 mo).","A realistic expense cut alone does not close the ₹51,486 gap, so it is combined with a longer timeline.","Keep the 70-month timeline with a smaller target of about ₹11,77,540.",1830.77,0.0012,,No
CUST0963,28,Higher Education,Wallet,355486.0,48,174942.0,72700.0,102242.0,19000.0,49,0.5844,0.4156,83242.0,7405.96,19000.0,0.0,2.5655,13.8054,19,4,True,ON_TRACK,LOW,MAINTAIN,"Maintain the current ₹19,000 monthly investment.","It already covers the ₹7,406 required (257% coverage).","Optionally reach the goal in 4 months by directing the full ₹1,02,242 surplus to it.",0.0,0.966,,Yes
CUST0964,39,Emergency Fund,Mixed,291779.0,19,68947.0,45000.0,23947.0,12700.0,24,0.3473,0.6527,11247.0,15356.79,12700.0,2656.79,0.827,1.5594,23,13,True,AT_RISK,MEDIUM,INCREASE_CONTRIBUTION,"Increase the monthly goal contribution by ₹2,657 (to ₹15,357).","This uses 24% of the ₹11,247 surplus that is currently not invested, so no spending cut is strictly required.",Keep the current contribution and extend the timeline to 23 months (1 yr 11 mo).,5534.74,0.5279,,Yes
CUST0965,60,Travel,Wallet,261286.0,4,126444.0,72200.0,54244.0,21200.0,62,0.429,0.571,33044.0,65321.5,21200.0,11077.5,0.3245,0.8304,13,5,False,NEEDS_ADJUSTMENT,HIGH,EXTEND_TIMELINE,"Extend the timeline to 5 months while investing the full ₹54,244 surplus.","Expenses are already at or below the dataset median ratio, so a longer timeline is the main lever.","Keep the 4-month timeline with a smaller target of about ₹2,16,976.",0.0,0.8195,"Note: similar profiles achieved this kind of goal 82% of the time per the ML model, but the plan still needs adjustment on current numbers.",Yes
CUST0966,51,Emergency Fund,Card,206433.0,15,125765.0,76500.0,49265.0,11700.0,5,0.3917,0.6083,37565.0,13762.2,11700.0,2062.2,0.8502,3.5797,18,5,True,AT_RISK,MEDIUM,INCREASE_CONTRIBUTION,"Increase the monthly goal contribution by ₹2,062 (to ₹13,762).","This uses 5% of the ₹37,565 surplus that is currently not invested, so no spending cut is strictly required.",Keep the current contribution and extend the timeline to 18 months (1 yr 6 mo).,4512.11,0.9562,,Yes
CUST0967,29,Retirement,Card,1831816.0,134,172690.0,152000.0,20690.0,3600.0,58,0.1198,0.8802,17090.0,13670.27,3600.0,10070.27,0.2633,1.5135,509,89,True,AT_RISK,MEDIUM,INCREASE_CONTRIBUTION,"Increase the monthly goal contribution by ₹10,070 (to ₹13,670).","This uses 59% of the ₹17,090 surplus that is currently not invested, so no spending cut is strictly required.",Keep the current contribution and extend the timeline to 509 months (42 yr 5 mo).,53152.24,0.0807,"Caution: although the gap is closable on paper, the ML model estimates only 11% likelihood of achievement for similar profiles in the dataset.",No
CUST0968,46,Emergency Fund,UPI,261667.0,15,120440.0,82800.0,37640.0,19100.0,38,0.3125,0.6875,18540.0,17444.47,19100.0,0.0,1.0949,2.1577,14,7,True,ON_TRACK,LOW,MAINTAIN,"Maintain the current ₹19,100 monthly investment.","It already covers the ₹17,444 required (109% coverage).","Optionally reach the goal in 7 months by directing the full ₹37,640 surplus to it.",13860.14,0.6886,,Yes
CUST0969,42,Higher Education,Mixed,642836.0,18,146053.0,124800.0,21253.0,27300.0,26,0.1455,0.8545,0.0,35713.11,21253.0,14460.11,0.5951,0.5951,31,31,False,NEEDS_ADJUSTMENT,HIGH,REDUCE_EXPENSES,"Cut monthly expenses by ₹14,460 (11.6% of spending) and invest the full surplus.","That exactly closes the shortfall within the original 18 months. It is well within a realistic cut: bringing the expense ratio down to the dataset median of 57.2% would free up to ₹41,199 a month.","Keep the 18-month timeline with a smaller target of about ₹3,82,554.",41199.26,0.595,"Note: similar profiles achieved this kind of goal 67% of the time per the ML model, but the plan still needs adjustment on current numbers.",Yes
CUST0970,39,Retirement,UPI,5927183.0,169,100868.0,48400.0,52468.0,10300.0,48,0.5202,0.4798,42168.0,35072.09,10300.0,24772.09,0.2937,1.496,576,113,True,AT_RISK,MEDIUM,INCREASE_CONTRIBUTION,"Increase the monthly goal contribution by ₹24,772 (to ₹35,072).","This uses 59% of the ₹42,168 surplus that is currently not invested, so no spending cut is strictly required.",Keep the current contribution and extend the timeline to 576 months (48 yr).,0.0,0.0007,"Caution: although the gap is closable on paper, the ML model estimates only 0% likelihood of achievement for similar profiles in the dataset.",No
CUST0971,59,Emergency Fund,UPI,101927.0,6,163505.0,74000.0,89505.0,25900.0,26,0.5474,0.4526,63605.0,16987.83,25900.0,0.0,1.5246,5.2688,4,2,True,ON_TRACK,LOW,MAINTAIN,"Maintain the current ₹25,900 monthly investment.","It already covers the ₹16,988 required (152% coverage).","Optionally reach the goal in 2 months by directing the full ₹89,505 surplus to it.",0.0,0.9751,,Yes
CUST0972,48,Home Purchase,UPI,2835702.0,110,77813.0,45800.0,32013.0,14600.0,44,0.4114,0.5886,17413.0,25779.11,14600.0,11179.11,0.5664,1.2418,195,89,True,AT_RISK,MEDIUM,INCREASE_CONTRIBUTION,"Increase the monthly goal contribution by ₹11,179 (to ₹25,779).","This uses 64% of the ₹17,413 surplus that is currently not invested, so no spending cut is strictly required.",Keep the current contribution and extend the timeline to 195 months (16 yr 3 mo).,1259.84,0.0413,"Caution: although the gap is closable on paper, the ML model estimates only 3% likelihood of achievement for similar profiles in the dataset.",No
CUST0973,47,Higher Education,UPI,121007.0,24,78002.0,53100.0,24902.0,3800.0,28,0.3192,0.6808,21102.0,5041.96,3800.0,1241.96,0.7537,4.939,32,5,True,AT_RISK,MEDIUM,INCREASE_CONTRIBUTION,"Increase the monthly goal contribution by ₹1,242 (to ₹5,042).","This uses 6% of the ₹21,102 surplus that is currently not invested, so no spending cut is strictly required.",Keep the current contribution and extend the timeline to 32 months (2 yr 8 mo).,8451.66,0.7346,,No
CUST0974,60,Emergency Fund,UPI,276801.0,15,190461.0,116000.0,74461.0,20700.0,26,0.391,0.609,53761.0,18453.4,20700.0,0.0,1.1217,4.0351,14,4,True,ON_TRACK,LOW,MAINTAIN,"Maintain the current ₹20,700 monthly investment.","It already covers the ₹18,453 required (112% coverage).","Optionally reach the goal in 4 months by directing the full ₹74,461 surplus to it.",6980.12,0.9743,,Yes
CUST0975,33,Home Purchase,UPI,4063637.0,115,127786.0,80800.0,46986.0,14300.0,8,0.3677,0.6323,32686.0,35335.97,14300.0,21035.97,0.4047,1.3297,285,87,True,AT_RISK,MEDIUM,INCREASE_CONTRIBUTION,"Increase the monthly goal contribution by ₹21,036 (to ₹35,336).","This uses 64% of the ₹32,686 surplus that is currently not invested, so no spending cut is strictly required.",Keep the current contribution and extend the timeline to 285 months (23 yr 9 mo).,7655.29,0.1197,"Caution: although the gap is closable on paper, the ML model estimates only 11% likelihood of achievement for similar profiles in the dataset.",No
CUST0976,45,Emergency Fund,Card,59051.0,20,140591.0,118900.0,21691.0,16100.0,32,0.1543,0.8457,5591.0,2952.55,16100.0,0.0,5.4529,7.3465,4,3,True,ON_TRACK,LOW,MAINTAIN,"Maintain the current ₹16,100 monthly investment.","It already covers the ₹2,953 required (545% coverage).","Optionally reach the goal in 3 months by directing the full ₹21,691 surplus to it.",38425.71,0.702,,Yes
CUST0977,42,Home Purchase,Card,3961237.0,87,99565.0,62700.0,36865.0,12900.0,34,0.3703,0.6297,23965.0,45531.46,12900.0,8666.46,0.2833,0.8097,308,108,False,NEEDS_ADJUSTMENT,HIGH,COMBINED,"Cut expenses by ₹5,709 (9%) and extend the timeline to 94 months (7 yr 10 mo).","A realistic expense cut alone does not close the ₹8,666 gap, so it is combined with a longer timeline.","Keep the 87-month timeline with a smaller target of about ₹32,07,255.",5708.99,0.0108,,No
CUST0978,36,Emergency Fund,UPI,240497.0,17,111012.0,54700.0,56312.0,4400.0,94,0.5073,0.4927,51912.0,14146.88,4400.0,9746.88,0.311,3.9805,55,5,True,AT_RISK,MEDIUM,INCREASE_CONTRIBUTION,"Increase the monthly goal contribution by ₹9,747 (to ₹14,147).","This uses 19% of the ₹51,912 surplus that is currently not invested, so no spending cut is strictly required.",Keep the current contribution and extend the timeline to 55 months (4 yr 7 mo).,0.0,0.2518,"Caution: although the gap is closable on paper, the ML model estimates only 24% likelihood of achievement for similar profiles in the dataset.",No
CUST0979,43,Vehicle,Mixed,1048590.0,20,164661.0,92000.0,72661.0,27100.0,37,0.4413,0.5587,45561.0,52429.5,27100.0,25329.5,0.5169,1.3859,39,15,True,AT_RISK,MEDIUM,INCREASE_CONTRIBUTION,"Increase the monthly goal contribution by ₹25,330 (to ₹52,430).","This uses 56% of the ₹45,561 surplus that is currently not invested, so no spending cut is strictly required.",Keep the current contribution and extend the timeline to 39 months (3 yr 3 mo).,0.0,0.9053,,Yes
CUST0980,56,Emergency Fund,UPI,186915.0,7,170914.0,133400.0,37514.0,10700.0,24,0.2195,0.7805,26814.0,26702.14,10700.0,16002.14,0.4007,1.4049,18,5,True,AT_RISK,MEDIUM,INCREASE_CONTRIBUTION,"Increase the monthly goal contribution by ₹16,002 (to ₹26,702).","This uses 60% of the ₹26,814 surplus that is currently not invested, so no spending cut is strictly required.",Keep the current contribution and extend the timeline to 18 months (1 yr 6 mo).,35568.83,0.9423,,Yes
CUST0981,21,Home Purchase,UPI,2024827.0,39,102390.0,61100.0,41290.0,2500.0,60,0.4033,0.5967,38790.0,51918.64,2500.0,10628.64,0.0482,0.7953,810,50,False,NEEDS_ADJUSTMENT,HIGH,COMBINED,"Cut expenses by ₹2,492 (4%) and extend the timeline to 47 months (3 yr 11 mo).","A realistic expense cut alone does not close the ₹10,629 gap, so it is combined with a longer timeline. High impulse spending suggests discretionary spending is the place to start.","Keep the 39-month timeline with a smaller target of about ₹16,10,310.",2491.96,0.0547,,No
CUST0982,26,Home Purchase,UPI,2321698.0,75,22277.0,12800.0,9477.0,4200.0,49,0.4254,0.5746,5277.0,30955.97,4200.0,21478.97,0.1357,0.3061,553,245,False,NEEDS_ADJUSTMENT,HIGH,COMBINED,Cut expenses by ₹49 (0%) and extend the timeline to 244 months (20 yr 4 mo).,"A realistic expense cut alone does not close the ₹21,479 gap, so it is combined with a longer timeline.","Keep the 75-month timeline with a smaller target of about ₹7,10,775.",48.65,0.0159,,No
CUST0983,39,Home Purchase,Card,3907773.0,41,193386.0,68700.0,124686.0,32900.0,44,0.6448,0.3552,91786.0,95311.54,32900.0,62411.54,0.3452,1.3082,119,32,True,AT_RISK,MEDIUM,INCREASE_CONTRIBUTION,"Increase the monthly goal contribution by ₹62,412 (to ₹95,312).","This uses 68% of the ₹91,786 surplus that is currently not invested, so no spending cut is strictly required.",Keep the current contribution and extend the timeline to 119 months (9 yr 11 mo).,0.0,0.3384,,No
CUST0984,53,Emergency Fund,Card,257038.0,7,184754.0,135900.0,48854.0,15700.0,47,0.2644,0.7356,33154.0,36719.71,15700.0,21019.71,0.4276,1.3305,17,6,True,AT_RISK,MEDIUM,INCREASE_CONTRIBUTION,"Increase the monthly goal contribution by ₹21,020 (to ₹36,720).","This uses 63% of the ₹33,154 surplus that is currently not invested, so no spending cut is strictly required.",Keep the current contribution and extend the timeline to 17 months (1 yr 5 mo).,30146.81,0.8945,,Yes
CUST0985,46,Vehicle,UPI,1175326.0,41,114208.0,68400.0,45808.0,5300.0,26,0.4011,0.5989,40508.0,28666.49,5300.0,23366.49,0.1849,1.598,222,26,True,AT_RISK,MEDIUM,INCREASE_CONTRIBUTION,"Increase the monthly goal contribution by ₹23,366 (to ₹28,666).","This uses 58% of the ₹40,508 surplus that is currently not invested, so no spending cut is strictly required.",Keep the current contribution and extend the timeline to 222 months (18 yr 6 mo).,3027.34,0.5569,,Yes
CUST0986,29,Travel,UPI,236121.0,15,41659.0,36500.0,5159.0,900.0,50,0.1238,0.8762,4259.0,15741.4,900.0,10582.4,0.0572,0.3277,263,46,False,NEEDS_ADJUSTMENT,HIGH,REDUCE_EXPENSES,"Cut monthly expenses by ₹10,582 (29.0% of spending) and invest the full surplus.","That exactly closes the shortfall within the original 15 months. It is well within a realistic cut: bringing the expense ratio down to the dataset median of 57.2% would free up to ₹12,654 a month.","Keep the 15-month timeline with a smaller target of about ₹77,385.",12654.39,0.1387,,No
CUST0987,58,Emergency Fund,Card,228400.0,8,65286.0,45900.0,19386.0,7300.0,30,0.2969,0.7031,12086.0,28550.0,7300.0,9164.0,0.2557,0.679,32,12,False,NEEDS_ADJUSTMENT,HIGH,COMBINED,"Cut expenses by ₹8,530 (19%) and extend the timeline to 9 months.","A realistic expense cut alone does not close the ₹9,164 gap, so it is combined with a longer timeline.","Keep the 8-month timeline with a smaller target of about ₹1,55,088.",8530.29,0.4613,,Yes
CUST0988,55,Retirement,UPI,5452341.0,66,114975.0,96700.0,18275.0,19800.0,42,0.1589,0.8411,0.0,82611.23,18275.0,64336.23,0.2212,0.2212,299,299,False,NEEDS_ADJUSTMENT,HIGH,COMBINED,"Cut expenses by ₹30,888 (32%) and extend the timeline to 111 months (9 yr 3 mo).","A realistic expense cut alone does not close the ₹64,336 gap, so it is combined with a longer timeline.","Keep the 66-month timeline with a smaller target of about ₹12,06,150.",30888.31,0.0006,,No
CUST0989,27,Travel,UPI,151651.0,11,99260.0,43300.0,55960.0,7100.0,20,0.5638,0.4362,48860.0,13786.45,7100.0,6686.45,0.515,4.0591,22,3,True,AT_RISK,MEDIUM,INCREASE_CONTRIBUTION,"Increase the monthly goal contribution by ₹6,686 (to ₹13,786).","This uses 14% of the ₹48,860 surplus that is currently not invested, so no spending cut is strictly required.",Keep the current contribution and extend the timeline to 22 months (1 yr 10 mo).,0.0,0.9628,,Yes
CUST0990,35,Retirement,Mixed,2178952.0,53,168389.0,90900.0,77489.0,25300.0,59,0.4602,0.5398,52189.0,41112.3,25300.0,15812.3,0.6154,1.8848,87,29,True,AT_RISK,MEDIUM,INCREASE_CONTRIBUTION,"Increase the monthly goal contribution by ₹15,812 (to ₹41,112).","This uses 30% of the ₹52,189 surplus that is currently not invested, so no spending cut is strictly required.",Keep the current contribution and extend the timeline to 87 months (7 yr 3 mo).,0.0,0.2691,"Caution: although the gap is closable on paper, the ML model estimates only 28% likelihood of achievement for similar profiles in the dataset.",Yes
CUST0991,31,Home Purchase,UPI,4629205.0,82,160189.0,80600.0,79589.0,22800.0,8,0.4968,0.5032,56789.0,56453.72,22800.0,33653.72,0.4039,1.4098,204,59,True,AT_RISK,MEDIUM,INCREASE_CONTRIBUTION,"Increase the monthly goal contribution by ₹33,654 (to ₹56,454).","This uses 59% of the ₹56,789 surplus that is currently not invested, so no spending cut is strictly required.",Keep the current contribution and extend the timeline to 204 months (17 yr).,0.0,0.1055,"Caution: although the gap is closable on paper, the ML model estimates only 12% likelihood of achievement for similar profiles in the dataset.",No
CUST0992,48,Travel,Card,49444.0,18,54833.0,43800.0,11033.0,2200.0,17,0.2012,0.7988,8833.0,2746.89,2200.0,546.89,0.8009,4.0165,23,5,True,AT_RISK,MEDIUM,INCREASE_CONTRIBUTION,"Increase the monthly goal contribution by ₹547 (to ₹2,747).","This uses 6% of the ₹8,833 surplus that is currently not invested, so no spending cut is strictly required.",Keep the current contribution and extend the timeline to 23 months (1 yr 11 mo).,12413.59,0.6936,,No
CUST0993,30,Higher Education,Card,710654.0,12,56487.0,37500.0,18987.0,3700.0,45,0.3361,0.6639,15287.0,59221.17,3700.0,40234.17,0.0625,0.3206,193,38,False,NEEDS_ADJUSTMENT,HIGH,COMBINED,"Cut expenses by ₹5,167 (14%) and extend the timeline to 30 months (2 yr 6 mo).","A realistic expense cut alone does not close the ₹40,234 gap, so it is combined with a longer timeline.","Keep the 12-month timeline with a smaller target of about ₹2,27,844.",5166.84,0.1613,,No
CUST0994,43,Retirement,UPI,5338382.0,174,111686.0,65000.0,46686.0,12800.0,33,0.418,0.582,33886.0,30680.36,12800.0,17880.36,0.4172,1.5217,418,115,True,AT_RISK,MEDIUM,INCREASE_CONTRIBUTION,"Increase the monthly goal contribution by ₹17,880 (to ₹30,680).","This uses 53% of the ₹33,886 surplus that is currently not invested, so no spending cut is strictly required.",Keep the current contribution and extend the timeline to 418 months (34 yr 10 mo).,1070.93,0.0019,"Caution: although the gap is closable on paper, the ML model estimates only 0% likelihood of achievement for similar profiles in the dataset.",No
CUST0995,48,Higher Education,UPI,738333.0,44,80362.0,44400.0,35962.0,4400.0,12,0.4475,0.5525,31562.0,16780.3,4400.0,12380.3,0.2622,2.1431,168,21,True,AT_RISK,MEDIUM,INCREASE_CONTRIBUTION,"Increase the monthly goal contribution by ₹12,380 (to ₹16,780).","This uses 39% of the ₹31,562 surplus that is currently not invested, so no spending cut is strictly required.",Keep the current contribution and extend the timeline to 168 months (14 yr).,0.0,0.7943,,Yes
CUST0996,31,Home Purchase,UPI,1813917.0,112,76262.0,55300.0,20962.0,8900.0,6,0.2749,0.7251,12062.0,16195.69,8900.0,7295.69,0.5495,1.2943,204,87,True,AT_RISK,MEDIUM,INCREASE_CONTRIBUTION,"Increase the monthly goal contribution by ₹7,296 (to ₹16,196).","This uses 60% of the ₹12,062 surplus that is currently not invested, so no spending cut is strictly required.",Keep the current contribution and extend the timeline to 204 months (17 yr).,11647.63,0.2148,"Caution: although the gap is closable on paper, the ML model estimates only 22% likelihood of achievement for similar profiles in the dataset.",No
CUST0997,50,Retirement,Wallet,3702658.0,47,180458.0,78200.0,102258.0,9100.0,38,0.5667,0.4333,93158.0,78779.96,9100.0,69679.96,0.1155,1.298,407,37,True,AT_RISK,MEDIUM,INCREASE_CONTRIBUTION,"Increase the monthly goal contribution by ₹69,680 (to ₹78,780).","This uses 75% of the ₹93,158 surplus that is currently not invested, so no spending cut is strictly required.",Keep the current contribution and extend the timeline to 407 months (33 yr 11 mo).,0.0,0.1787,"Caution: although the gap is closable on paper, the ML model estimates only 15% likelihood of achievement for similar profiles in the dataset.",No
CUST0998,57,Vehicle,UPI,593096.0,53,20110.0,8500.0,11610.0,2200.0,33,0.5773,0.4227,9410.0,11190.49,2200.0,8990.49,0.1966,1.0375,270,52,True,AT_RISK,MEDIUM,INCREASE_CONTRIBUTION,"Increase the monthly goal contribution by ₹8,990 (to ₹11,190).","This uses 96% of the ₹9,410 surplus that is currently not invested, so no spending cut is strictly required.",Keep the current contribution and extend the timeline to 270 months (22 yr 6 mo).,0.0,0.4675,,No
CUST0999,60,Emergency Fund,Mixed,186257.0,17,73701.0,36000.0,37701.0,5400.0,30,0.5115,0.4885,32301.0,10956.29,5400.0,5556.29,0.4929,3.441,35,5,True,AT_RISK,MEDIUM,INCREASE_CONTRIBUTION,"Increase the monthly goal contribution by ₹5,556 (to ₹10,956).","This uses 17% of the ₹32,301 surplus that is currently not invested, so no spending cut is strictly required.",Keep the current contribution and extend the timeline to 35 months (2 yr 11 mo).,0.0,0.7738,,No
CUST1000,41,Emergency Fund,UPI,69717.0,9,34609.0,15900.0,18709.0,3500.0,55,0.5406,0.4594,15209.0,7746.33,3500.0,4246.33,0.4518,2.4152,20,4,True,AT_RISK,MEDIUM,INCREASE_CONTRIBUTION,"Increase the monthly goal contribution by ₹4,246 (to ₹7,746).","This uses 28% of the ₹15,209 surplus that is currently not invested, so no spending cut is strictly required.",Keep the current contribution and extend the timeline to 20 months (1 yr 8 mo).,0.0,0.2709,"Caution: although the gap is closable on paper, the ML model estimates only 28% likelihood of achievement for similar profiles in the dataset.",Yes
